번호,발생시각,규모,규모종류,깊이,위도,경도,위치,출처
1,2006-01-15 07:11:03,1.9,ML,23.5,36.79,129.092,경북 울진군 남서쪽 35km 지역,KMA
2,2006-01-18 09:58:48,2.3,ML,16.5,37.557,124.919,인천 옹진군 서북서쪽 125km 해역,KMA
3,2006-01-31 13:50:24,2.3,ML,10.0,33.001,128.058,제주 서귀포시 동남동쪽 142km 해역,KMA
4,2006-02-04 08:26:33,3.1,ML,8.1,37.358,129.861,경북 울진군 북동쪽 58km 해역,KMA
5,2006-02-09 18:32:02,1.8,ML,10.0,36.647,125.321,충남 태안군 서쪽 88km 해역,KMA
6,2006-02-11 14:56:37,2.0,ML,10.0,34.388,127.105,전남 해남군 동남동쪽 51km 해역,KMA
7,2006-02-11 22:06:21,2.9,ML,20.6,35.618,128.869,울산 울주군 서쪽 34km 지역,KMA
8,2006-02-14 12:16:59,3.5,ML,26.0,35.725,129.436,경북 경주시 남동쪽 24km 지역,KMA
9,2006-02-16 08:06:23,2.0,ML,29.1,33.539,125.779,제주 제주시 서쪽 70km 해역,KMA
10,2006-02-17 07:37:53,2.1,ML,7.0,36.134,129.8,경북 포항시 동북동쪽 43km 해역,KMA
11,2006-02-21 05:06:02,2.4,ML,10.6,37.0,125.044,충남 태안군 서북서쪽 115km 해역,KMA
12,2006-02-27 03:42:45,2.3,ML,5.8,35.983,128.447,대구 달성군 북쪽 23km 지역,KMA
13,2006-02-27 03:56:38,2.6,ML,14.1,36.686,124.463,충남 태안군 서쪽 163km 해역,KMA
14,2006-02-28 11:06:11,1.7,ML,15.7,35.01,128.093,경남 진주시 남쪽 19km 지역,KMA
15,2006-03-06 19:10:34,2.9,ML,11.3,36.739,128.794,경북 안동시 북북동쪽 20km 지역,KMA
16,2006-03-11 06:28:03,2.1,ML,5.4,36.375,129.0,경북 안동시 남동쪽 32km 지역,KMA
17,2006-03-12 20:52:00,1.8,ML,14.0,35.536,124.85,전남 목포시 서북서쪽 162km 해역,KMA
18,2006-03-27 16:28:19,2.8,ML,15.9,36.481,127.107,충남 공주시 북북서쪽 4km 지역,KMA
19,2006-04-02 01:23:32,2.8,ML,19.7,35.51,129.053,울산 울주군 서남서쪽 18km 지역,KMA
20,2006-04-04 13:12:13,3.0,ML,10.0,36.17,128.386,경북 김천시 동쪽 25km 지역,KMA
21,2006-04-05 09:39:37,2.1,ML,4.9,37.394,127.998,강원 원주시 북동쪽 9km 지역,KMA
22,2006-04-13 04:17:09,2.0,ML,15.7,36.185,125.699,충청남도 태안군 남서쪽 82km 해역,KMA
23,2006-04-19 20:23:27,2.2,ML,10.0,35.804,128.48,대구 달성군 북동쪽 5km 지역,KMA
24,2006-04-19 22:15:26,2.2,ML,7.8,36.04,127.936,경상북도 김천시 남서쪽 19km 지역,KMA
25,2006-04-20 14:37:48,2.1,ML,21.6,35.999,130.013,경북 포항시 동쪽 60km 해역,KMA
26,2006-04-22 13:25:05,2.5,ML,23.0,35.384,128.73,경남 창원시 북북동쪽 18km 지역,KMA
27,2006-04-22 15:56:20,2.0,ML,19.7,35.997,127.41,전북 무주군 서쪽 23km 지역,KMA
28,2006-04-22 18:06:24,2.1,ML,6.8,35.982,126.833,전라북도 부안군 북북동쪽 29km 지역,KMA
29,2006-04-26 08:52:58,1.7,ML,4.6,35.564,128.412,경남 합천군 동쪽 22km 지역,KMA
30,2006-04-28 22:28:50,1.8,ML,17.4,36.508,129.259,경북 영덕군 북서쪽 14km 지역,KMA
31,2006-04-30 05:44:51,2.2,ML,23.9,37.073,129.976,경북 울진군 동쪽 52km 해역,KMA
32,2006-04-30 10:05:27,3.5,ML,10.1,37.146,127.41,충북 충주시 서북서쪽 49km 지역,KMA
33,2006-05-01 00:10:29,1.7,ML,14.6,33.477,126.287,제주 제주시 서쪽 23km 해역,KMA
34,2006-05-03 06:06:42,3.8,ML,11.2,35.542,128.65,대구 달성군 남동쪽 33km 지역,KMA
35,2006-05-03 12:11:09,2.1,ML,7.6,35.219,128.594,경남 창원시 서쪽 8km 지역,KMA
36,2006-05-12 04:42:23,2.7,ML,10.0,35.043,129.208,부산 기장군 남쪽 22km 지역,KMA
37,2006-05-14 08:20:27,2.0,ML,8.5,36.097,128.817,경상북도 경주시 북서쪽 45km 지역,KMA
38,2006-05-16 14:10:48,2.1,ML,17.8,36.508,127.165,충남 공주시 북북동쪽 8km 지역,KMA
39,2006-05-20 12:19:49,1.5,ML,12.5,36.485,128.509,경북 안동시 서남서쪽 22km 지역,KMA
40,2006-05-21 02:34:29,1.6,ML,,33.751,126.583,제주 제주시 북쪽 28km 해역,KMA
41,2006-05-21 09:51:10,2.7,ML,6.1,37.276,127.881,강원도 원주시 남남서쪽 8km 지역,KMA
42,2006-05-28 15:46:07,2.2,ML,10.0,37.519,124.323,인천 옹진군 서쪽 176km 해역,KMA
43,2006-05-29 02:30:06,2.6,ML,13.1,35.079,128.843,경남 창원시 남동쪽 22km 지역,KMA
44,2006-06-02 12:02:11,2.3,ML,10.0,36.285,130.784,경북 영덕군 동쪽 128km 해역,KMA
45,2006-06-03 20:01:15,1.8,ML,16.9,32.95,128.013,제주 서귀포시 동남동쪽 139km 해역,KMA
46,2006-06-15 22:20:56,3.0,ML,16.1,34.962,125.445,전남 목포시 서쪽 88km 해역,KMA
47,2006-06-21 05:41:25,2.3,ML,12.2,35.724,124.687,충남 태안군 남서쪽 183km 해역,KMA
48,2006-07-03 05:49:14,2.0,ML,13.0,36.745,127.794,충북 청주시 동북동쪽 29km 지역,KMA
49,2006-07-12 19:15:20,1.8,ML,10.0,34.254,125.899,전남 해남군 서남서쪽 73km 해역,KMA
50,2006-07-12 22:09:28,1.9,ML,9.6,35.648,127.92,경남 합천군 서북서쪽 24km 지역,KMA
51,2006-07-15 18:05:01,1.8,ML,6.8,35.65,128.148,경남 합천군 북쪽 9km 지역,KMA
52,2006-07-22 19:08:15,1.9,ML,6.1,35.67,129.275,울산 울주군 북북동쪽 12km 지역,KMA
53,2006-07-25 20:08:21,2.9,ML,8.7,35.99,127.615,전북 무주군 서남서쪽 5km 지역,KMA
54,2006-07-27 16:50:49,2.0,ML,10.3,36.526,125.107,충남 태안군 서남서쪽 109km 해역,KMA
55,2006-07-30 11:29:55,2.3,ML,12.4,36.388,126.983,충남 공주시 서남서쪽 14km 지역,KMA
56,2006-08-03 22:15:10,2.6,ML,10.0,37.682,129.907,강원 삼척시 동북동쪽 70km 해역,KMA
57,2006-08-10 18:13:00,1.6,ML,16.1,35.409,130.09,울산 울주군 동남동쪽 78km 해역,KMA
58,2006-08-12 14:30:08,2.1,ML,19.6,36.107,130.469,경상북도 포항시 동쪽 102km 해역,KMA
59,2006-08-13 02:48:00,3.5,ML,13.4,36.421,128.269,경북 상주시 동쪽 10km 지역,KMA
60,2006-08-18 00:32:15,2.9,ML,13.8,35.901,125.33,충남 보령시 서남서쪽 124km 해역,KMA
61,2006-08-18 18:31:34,3.7,ML,11.1,35.934,128.095,경북 김천시 남쪽 23km 지역,KMA
62,2006-08-20 04:06:30,1.6,ML,16.5,36.153,128.708,경북 안동시 남쪽 46km 지역,KMA
63,2006-09-21 17:24:32,2.0,ML,16.3,36.638,128.96,경북 안동시 동북동쪽 22km 지역,KMA
64,2006-09-23 13:04:20,2.0,ML,17.5,35.533,128.017,경남 합천군 서남서쪽 14km 지역,KMA
65,2006-09-23 22:50:51,2.8,ML,8.6,35.656,126.99,전북 전주시 남서쪽 23km 지역,KMA
66,2006-09-26 04:04:13,1.8,ML,8.2,36.956,127.473,충북 청주시 북쪽 35km 지역,KMA
67,2006-09-26 17:19:20,2.0,ML,7.4,37.186,128.571,강원도 삼척시 서남서쪽 60km 지역,KMA
68,2006-10-02 12:44:18,2.0,ML,17.7,36.123,126.859,충남 보령시 남동쪽 32km 지역,KMA
69,2006-10-10 00:38:33,2.5,ML,12.4,35.888,128.353,대구 달성군 북북서쪽 14km 지역,KMA
70,2006-10-12 10:05:43,1.8,ML,11.2,33.507,128.061,제주 제주시 동쪽 142km 해역,KMA
71,2006-10-13 03:26:04,2.0,ML,6.9,36.101,128.395,경북 김천시 동쪽 26km 지역,KMA
72,2006-10-13 12:58:34,2.1,ML,10.7,35.792,128.824,대구 달성군 동쪽 35km 지역,KMA
73,2006-10-22 03:03:33,2.3,ML,6.3,35.448,128.596,경남 창원시 북북서쪽 26km 지역,KMA
74,2006-10-23 05:45:25,2.0,ML,25.2,36.148,128.334,경북 김천시 동쪽 20km 지역,KMA
75,2006-10-25 21:07:25,2.4,ML,20.0,35.29,126.602,광주 광산구 북서쪽 24km 지역,KMA
76,2006-10-29 18:34:51,1.8,ML,15.5,37.788,130.164,강원 삼척시 동북동쪽 96km 해역,KMA
77,2006-11-06 04:41:22,1.8,ML,28.6,35.333,128.25,경남 진주시 북동쪽 21km 지역,KMA
78,2006-11-06 15:52:31,2.0,ML,11.0,33.67,125.795,제주 제주시 서북서쪽 71km 해역,KMA
79,2006-11-09 00:49:17,2.0,ML,22.0,38.013,130.054,강원 삼척시 북동쪽 100km 해역,KMA
80,2006-11-09 12:55:03,2.2,ML,15.5,35.997,130.118,경북 포항시 동쪽 70km 해역,KMA
81,2006-11-09 16:07:41,3.4,ML,15.0,33.811,125.732,제주 제주시 서북서쪽 82km 해역,KMA
82,2006-11-10 23:22:55,2.1,ML,24.1,35.285,125.609,전남 목포시 북서쪽 89km 해역,KMA
83,2006-11-16 01:53:41,1.9,ML,12.0,35.899,129.232,경북 경주시 북쪽 5km 지역,KMA
84,2006-11-18 22:17:54,2.2,ML,10.9,36.767,128.883,경북 안동시 북북동쪽 26km 지역,KMA
85,2006-11-24 21:02:08,2.4,ML,15.6,38.13,130.25,강원 삼척시 북동쪽 122km 해역,KMA
86,2006-12-01 06:05:19,2.4,ML,10.4,36.005,128.764,대구 달성군 북동쪽 39km 지역,KMA
87,2006-12-02 06:31:36,3.3,ML,19.0,33.578,125.959,제주 제주시 서쪽 54km 해역,KMA
88,2006-12-06 05:33:54,2.5,ML,11.5,35.766,125.32,전북 부안군 서쪽 127km 해역,KMA
89,2006-12-06 09:18:53,2.0,ML,5.0,35.172,128.121,경남 진주시 지역,KMA
90,2006-12-10 19:27:29,2.3,ML,32.4,37.528,129.919,강원 삼척시 동쪽 67km 해역,KMA
91,2006-12-17 19:37:32,2.5,ML,13.0,37.86,130.757,강원 삼척시 동북동쪽 147km 해역,KMA
92,2006-12-19 00:02:29,2.1,ML,17.4,37.685,127.744,강원 춘천시 남쪽 22km 지역,KMA
93,2007-01-13 08:29:22,1.8,ML,13.3,36.049,128.258,경북 김천시 남동쪽 16km 지역,KMA
94,2007-01-13 23:08:17,2.0,ML,21.1,37.078,128.277,충북 충주시 동북동쪽 33km 지역,KMA
95,2007-01-15 06:20:36,1.9,ML,4.7,37.498,128.066,강원 원주시 북동쪽 22km 지역,KMA
96,2007-01-23 14:45:21,1.8,ML,10.0,35.238,127.517,경남 진주시 서쪽 54km 지역,KMA
97,2007-01-23 19:10:00,2.3,ML,8.2,35.502,127.962,경남 합천군 서남서쪽 20km 지역,KMA
98,2007-01-26 03:48:23,1.9,ML,3.9,37.813,130.171,강원 삼척시 동북동쪽 97km 해역,KMA
99,2007-01-27 17:59:51,3.1,ML,11.3,36.325,128.282,경북 상주시 남동쪽 15km 지역,KMA
100,2007-01-29 13:40:41,1.9,ML,16.1,36.927,130.744,경북 울진군 동쪽 119km 해역,KMA
101,2007-02-04 14:53:56,2.0,ML,16.1,37.61,128.367,강원 강릉시 서남서쪽 47km 지역,KMA
102,2007-02-09 23:09:19,1.9,ML,9.5,35.881,128.303,대구 달성군 북서쪽 16km 지역,KMA
103,2007-02-13 05:24:39,1.7,ML,5.6,37.028,127.436,충북 청주시 북쪽 43km 지역,KMA
104,2007-02-21 16:59:11,2.1,ML,14.8,34.815,125.268,전남 목포시 서쪽 102km 해역,KMA
105,2007-02-22 04:19:13,2.1,ML,19.0,35.636,126.696,전북 부안군 남남서쪽 11km 지역,KMA
106,2007-03-08 02:43:43,2.4,ML,24.0,35.149,129.242,부산 기장군 남쪽 11km 지역,KMA
107,2007-03-13 22:53:09,1.8,ML,15.2,38.178,130.772,강원 삼척시 동북동쪽 163km 해역,KMA
108,2007-03-21 11:00:12,2.1,ML,23.3,34.368,125.806,전남 목포시 남서쪽 73km 해역,KMA
109,2007-03-22 05:23:13,2.5,ML,13.5,33.927,127.113,제주 제주시 북동쪽 72km 해역,KMA
110,2007-03-24 22:02:12,2.4,ML,13.5,36.214,128.625,경북 안동시 남남서쪽 40km 지역,KMA
111,2007-03-25 13:49:11,3.0,ML,20.8,37.516,130.789,경북 울진군 동북동쪽 136km 해역,KMA
112,2007-04-02 13:59:05,1.8,ML,19.5,37.022,128.237,충북 충주시 동쪽 28km 지역,KMA
113,2007-04-03 14:58:35,3.0,ML,5.8,35.765,128.552,대구 달성군 동쪽 11km 지역,KMA
114,2007-04-05 16:23:52,2.1,ML,14.9,37.409,127.029,경기 화성시 북동쪽 29km 지역,KMA
115,2007-04-09 08:18:27,2.3,ML,10.0,36.549,130.35,경북 영덕군 동쪽 89km 해역,KMA
116,2007-04-10 10:27:29,2.4,ML,8.3,35.259,128.284,경남 진주시 동북동쪽 18km 지역,KMA
117,2007-04-17 21:21:31,3.4,ML,13.4,36.017,128.718,대구 달성군 북동쪽 37km 지역,KMA
118,2007-04-19 00:51:15,2.2,ML,14.9,36.694,128.835,경북 안동시 북동쪽 17km 지역,KMA
119,2007-04-19 15:22:03,1.9,ML,10.4,34.843,127.745,전남 여수시 북동쪽 12km 지역,KMA
120,2007-04-23 12:50:38,2.0,ML,10.8,35.603,130.548,경북 포항시 동남동쪽 118km 해역,KMA
121,2007-04-25 03:33:57,2.5,ML,9.2,36.786,130.295,경북 울진군 동남동쪽 83km 해역,KMA
122,2007-04-30 18:10:56,1.9,ML,5.3,36.209,127.891,경북 김천시 서북서쪽 21km 지역,KMA
123,2007-05-01 05:29:30,2.1,ML,9.4,36.166,128.175,경북 김천시 동북동쪽 6km 지역,KMA
124,2007-05-07 00:40:15,2.2,ML,23.2,35.526,130.119,울산 울주군 동쪽 79km 해역,KMA
125,2007-05-11 13:38:56,1.8,ML,10.0,34.385,127.472,전남 여수시 남남서쪽 45km 해역,KMA
126,2007-05-19 22:03:08,2.1,ML,12.0,36.414,129.315,경북 영덕군 서쪽 4km 지역,KMA
127,2007-05-20 00:14:13,1.9,ML,10.0,33.908,128.151,전라남도 여수시 남남동쪽 105km 해역,KMA
128,2007-05-28 17:49:59,2.8,ML,20.2,35.778,130.434,경북 포항시 동남동쪽 102km 해역,KMA
129,2007-05-30 16:43:32,2.4,ML,10.2,35.747,127.216,전북 전주시 남동쪽 11km 지역,KMA
130,2007-05-30 17:06:39,1.8,ML,8.1,36.493,128.433,경북 문경시 동남동쪽 24km 지역,KMA
131,2007-05-31 13:59:32,2.5,ML,17.6,34.241,127.005,전남 해남군 남동쪽 52km 해역,KMA
132,2007-06-01 17:34:59,2.0,ML,10.0,34.003,126.866,제주 제주시 북북동쪽 64km 해역,KMA
133,2007-06-02 16:45:07,2.0,ML,13.0,35.37,128.221,경남 합천군 남남동쪽 22km 지역,KMA
134,2007-06-07 02:00:58,2.3,ML,14.8,36.447,130.311,경북 영덕군 동쪽 85km 해역,KMA
135,2007-06-10 19:59:04,2.2,ML,12.3,35.332,125.694,전남 목포시 북서쪽 86km 해역,KMA
136,2007-06-13 02:19:45,2.5,ML,20.7,36.824,129.838,경북 울진군 동남동쪽 43km 해역,KMA
137,2007-06-17 04:42:50,2.3,ML,13.0,37.433,125.813,인천 옹진군 서북서쪽 45km 해역,KMA
138,2007-06-18 02:12:16,1.7,ML,14.2,37.244,129.874,경북 울진군 동북동쪽 50km 해역,KMA
139,2007-06-25 11:07:06,2.0,ML,13.1,36.572,129.334,경북 영덕군 북쪽 18km 지역,KMA
140,2007-06-26 12:07:10,2.6,ML,18.6,35.732,128.947,경북 경주시 서남서쪽 29km 지역,KMA
141,2007-07-02 00:10:48,2.2,ML,5.4,36.25,127.972,경북 김천시 북서쪽 18km 지역,KMA
142,2007-07-11 05:18:25,3.1,ML,11.2,34.829,126.941,광주 광산구 남남동쪽 37km 지역,KMA
143,2007-07-12 22:07:50,1.8,ML,18.0,36.243,128.99,경상북도 영덕군 서남서쪽 39km 지역,KMA
144,2007-07-14 06:52:53,2.2,ML,10.0,37.026,125.525,인천 옹진군 서남서쪽 75km 해역,KMA
145,2007-07-14 17:47:27,2.1,ML,14.1,36.372,129.194,경북 영덕군 서남서쪽 16km 지역,KMA
146,2007-07-16 12:52:55,1.8,ML,8.4,34.193,128.335,경남 거제시 남남서쪽 81km 해역,KMA
147,2007-07-17 16:14:44,1.6,ML,8.2,36.437,127.96,경북 상주시 서쪽 18km 지역,KMA
148,2007-07-21 02:56:42,3.0,ML,10.0,35.207,128.192,경남 진주시 동북동쪽 8km 지역,KMA
149,2007-07-21 20:01:51,2.2,ML,11.9,37.426,127.366,강원 원주시 서쪽 50km 지역,KMA
150,2007-07-23 16:45:05,2.8,ML,11.5,34.009,127.825,전남 여수시 남쪽 85km 해역,KMA
151,2007-07-27 01:58:52,2.0,ML,7.6,35.409,124.794,전남 목포시 서북서쪽 160km 해역,KMA
152,2007-07-27 03:25:35,2.0,ML,17.9,36.403,128.304,경북 상주시 동쪽 13km 지역,KMA
153,2007-08-03 20:06:17,1.8,ML,18.0,33.465,128.352,전라남도 여수시 남남동쪽 157km 해역,KMA
154,2007-08-04 05:58:47,2.2,ML,24.7,35.158,127.079,광주 광산구 동쪽 26km 지역,KMA
155,2007-08-12 16:08:56,2.1,ML,8.7,37.598,127.395,강원 춘천시 남서쪽 43km 지역,KMA
156,2007-08-13 17:11:46,1.9,ML,20.8,35.233,128.63,경남 창원시 서쪽 5km 지역,KMA
157,2007-08-14 07:15:36,2.0,ML,7.2,35.933,128.707,대구 달성군 북동쪽 30km 지역,KMA
158,2007-08-15 05:04:38,2.1,ML,9.2,36.569,127.916,경북 문경시 서쪽 24km 지역,KMA
159,2007-08-18 00:18:02,2.4,ML,12.6,34.897,125.105,전남 목포시 서쪽 118km 해역,KMA
160,2007-08-25 07:21:16,2.2,ML,,37.418,124.846,인천 옹진군 서쪽 129km 해역,KMA
161,2007-08-25 07:35:06,1.9,ML,15.9,36.517,124.949,충남 태안군 서남서쪽 123km 해역,KMA
162,2007-08-25 09:38:31,2.3,ML,18.8,35.693,125.823,전북 부안군 서쪽 82km 해역,KMA
163,2007-08-26 04:06:59,2.0,ML,7.5,36.917,128.665,경북 안동시 북쪽 39km 지역,KMA
164,2007-09-02 06:15:39,2.0,ML,12.8,37.61,128.102,강원 원주시 북북동쪽 34km 지역,KMA
165,2007-09-03 17:44:59,2.1,ML,12.5,36.734,128.076,경북 문경시 북북서쪽 19km 지역,KMA
166,2007-09-06 01:57:38,2.2,ML,6.7,37.677,127.293,강원 춘천시 서남서쪽 44km 지역,KMA
167,2007-09-09 16:00:38,1.8,ML,17.5,36.463,125.889,충남 태안군 남서쪽 48km 해역,KMA
168,2007-09-09 16:12:24,2.1,ML,5.2,35.849,128.454,대구 달성군 북북동쪽 8km 지역,KMA
169,2007-09-10 13:42:15,1.9,ML,8.5,37.591,126.829,경기 화성시 북쪽 43km 지역,KMA
170,2007-09-12 19:05:29,1.7,ML,17.7,36.263,129.823,경북 영덕군 동남동쪽 44km 해역,KMA
171,2007-09-17 11:54:51,1.9,ML,19.2,35.824,129.346,경북 경주시 동남동쪽 11km 지역,KMA
172,2007-09-20 20:50:00,3.0,ML,8.4,37.335,130.102,경북 울진군 동북동쪽 73km 해역,KMA
173,2007-10-01 09:05:07,2.1,ML,8.6,37.318,127.774,강원 원주시 서남서쪽 13km 지역,KMA
174,2007-10-02 10:35:41,1.9,ML,10.8,35.043,128.449,경남 거제시 북서쪽 24km 지역,KMA
175,2007-10-02 18:38:47,2.7,ML,9.5,34.019,127.273,전남 해남군 남동쪽 87km 해역,KMA
176,2007-10-06 22:14:33,2.1,ML,6.6,36.564,128.599,경북 안동시 서쪽 12km 지역,KMA
177,2007-10-11 18:46:31,2.0,ML,11.3,36.393,129.082,경북 영덕군 서쪽 25km 지역,KMA
178,2007-10-14 00:00:40,2.3,ML,9.8,35.532,128.086,경남 합천군 서남서쪽 8km 지역,KMA
179,2007-10-14 15:08:45,2.3,ML,14.9,36.409,125.392,충남 태안군 서남서쪽 89km 해역,KMA
180,2007-10-14 18:49:11,2.9,ML,9.4,34.086,126.089,전남 해남군 남서쪽 71km 해역,KMA
181,2007-10-16 08:14:34,1.8,ML,16.6,36.197,125.397,충남 태안군 남서쪽 101km 해역,KMA
182,2007-10-16 19:28:30,2.2,ML,19.6,34.139,126.703,전남 해남군 남쪽 49km 해역,KMA
183,2007-10-30 05:55:45,2.1,ML,8.1,37.199,129.698,경북 울진군 북동쪽 35km 해역,KMA
184,2007-11-07 02:07:24,1.9,ML,5.0,34.99,127.581,전남 여수시 북북서쪽 27km 지역,KMA
185,2007-11-07 03:49:45,2.0,ML,13.8,35.706,130.701,경북 포항시 동남동쪽 127km 해역,KMA
186,2007-11-14 16:26:42,2.2,ML,8.0,36.023,128.518,대구 달성군 북북동쪽 29km 지역,KMA
187,2007-11-18 03:19:40,1.6,ML,10.9,35.009,128.158,경남 진주시 남남동쪽 20km 지역,KMA
188,2007-11-19 23:02:53,2.0,ML,11.0,35.998,128.49,대구 달성군 북북동쪽 25km 지역,KMA
189,2007-11-20 08:33:40,1.9,ML,16.9,37.487,126.927,경기 화성시 북북동쪽 33km 지역,KMA
190,2007-11-25 04:11:29,2.9,ML,9.6,36.591,130.711,경북 영덕군 동쪽 122km 해역,KMA
191,2007-11-26 01:23:13,2.3,ML,10.0,35.72,125.493,전북 부안군 서쪽 112km 해역,KMA
192,2007-11-28 13:54:02,1.9,ML,6.8,35.927,128.191,경북 김천시 남남동쪽 25km 지역,KMA
193,2007-12-07 13:06:41,2.3,ML,17.9,36.207,126.992,충남 공주시 남남서쪽 29km 지역,KMA
194,2007-12-09 15:54:37,1.8,ML,9.7,36.822,130.687,경북 울진군 동쪽 116km 해역,KMA
195,2007-12-13 03:10:11,2.6,ML,14.5,36.589,125.615,충남 태안군 서남서쪽 63km 해역,KMA
196,2007-12-13 05:24:06,2.0,ML,13.6,35.709,127.921,경남 합천군 북서쪽 27km 지역,KMA
197,2007-12-15 13:54:17,2.3,ML,8.1,35.099,127.974,경남 진주시 남서쪽 15km 지역,KMA
198,2007-12-19 03:11:52,1.9,ML,7.1,36.005,129.29,경북 포항시 서남서쪽 5km 지역,KMA
199,2007-12-19 15:38:04,2.7,ML,9.8,35.925,129.817,경북 포항시 동남동쪽 44km 해역,KMA
200,2007-12-24 04:04:20,2.0,ML,6.8,36.526,127.46,충북 청주시 남남서쪽 13km 지역,KMA
201,2007-12-28 18:03:49,2.9,ML,19.4,35.589,128.992,울산 울주군 서쪽 23km 지역,KMA
202,2008-01-03 15:25:46,2.1,ML,10.6,36.844,127.258,충북 청주시 북서쪽 30km 지역,KMA
203,2008-01-05 10:42:52,2.5,ML,10.4,36.01,128.775,대구 달성군 북동쪽 40km 지역,KMA
204,2008-01-10 01:17:41,1.9,ML,14.8,36.014,128.099,경북 김천시 남쪽 14km 지역,KMA
205,2008-01-17 22:44:50,2.3,ML,10.0,37.548,125.809,인천 옹진군 서북서쪽 51km 해역,KMA
206,2008-01-19 01:31:13,2.5,ML,13.1,37.338,127.281,경기 화성시 동북동쪽 43km 지역,KMA
207,2008-01-20 17:37:27,2.7,ML,11.3,36.734,130.552,경북 울진군 동남동쪽 106km 해역,KMA
208,2008-01-25 08:16:23,2.2,ML,17.7,35.043,125.336,전남 목포시 서북서쪽 100km 해역,KMA
209,2008-01-27 14:30:43,1.9,ML,12.3,36.003,126.952,전라북도 전주시 북서쪽 27km 지역,KMA
210,2008-01-31 05:47:22,2.2,ML,14.6,35.411,124.595,전남 목포시 서북서쪽 177km 해역,KMA
211,2008-02-02 01:39:12,1.8,ML,14.6,35.723,125.668,전북 부안군 서쪽 96km 해역,KMA
212,2008-02-04 16:18:48,1.8,ML,13.5,36.638,130.5,경상북도 영덕군 동북동쪽 104km 해역,KMA
213,2008-02-05 11:59:05,2.6,ML,5.1,35.917,128.632,대구 달성군 북동쪽 24km 지역,KMA
214,2008-02-05 20:10:38,1.4,ML,10.0,34.77,125.287,전남 목포시 서쪽 101km 해역,KMA
215,2008-02-09 12:03:49,1.8,ML,9.8,35.757,128.809,대구 달성군 동쪽 34km 지역,KMA
216,2008-02-11 19:18:05,1.8,ML,12.3,35.331,128.103,경남 진주시 북쪽 17km 지역,KMA
217,2008-02-17 11:39:53,1.9,ML,18.9,34.754,124.397,전남 목포시 서쪽 182km 해역,KMA
218,2008-02-19 18:17:34,2.2,ML,15.1,37.086,130.064,경북 울진군 동쪽 60km 해역,KMA
219,2008-02-22 14:01:12,2.1,ML,10.0,33.773,128.215,전남 여수시 남남동쪽 121km 해역,KMA
220,2008-02-29 17:59:35,2.6,ML,16.5,33.896,127.837,전남 여수시 남쪽 97km 해역,KMA
221,2008-02-29 20:52:40,2.7,ML,10.0,35.528,128.275,경상남도 합천군 동남동쪽 11km 지역,KMA
222,2008-03-01 04:51:11,2.6,ML,14.2,36.296,130.557,경북 영덕군 동쪽 107km 해역,KMA
223,2008-03-11 19:12:31,1.9,ML,12.5,35.673,128.174,경남 합천군 북쪽 12km 지역,KMA
224,2008-03-17 06:56:56,2.0,ML,3.9,35.306,129.009,부산 기장군 서북서쪽 20km 지역,KMA
225,2008-03-21 01:12:04,1.9,ML,8.4,35.973,128.857,경상북도 경주시 서북서쪽 36km 지역,KMA
226,2008-03-27 16:56:45,1.8,ML,13.8,35.856,129.07,경북 경주시 서쪽 14km 지역,KMA
227,2008-04-07 10:43:54,2.7,ML,6.6,35.992,128.702,대구 달성군 북동쪽 34km 지역,KMA
228,2008-04-09 17:06:02,2.5,ML,10.0,36.788,128.339,경북 문경시 북북동쪽 26km 지역,KMA
229,2008-04-26 05:33:56,2.0,ML,6.1,35.557,125.048,전남 목포시 북서쪽 148km 해역,KMA
230,2008-04-30 07:20:05,2.9,ML,10.9,35.875,129.767,경북 포항시 동남동쪽 41km 해역,KMA
231,2008-05-01 13:09:15,1.8,ML,10.0,36.628,130.333,경북 영덕군 동북동쪽 90km 해역,KMA
232,2008-05-01 14:45:10,1.8,ML,15.3,36.753,127.9,충북 충주시 남쪽 27km 지역,KMA
233,2008-05-03 01:13:47,2.7,ML,9.1,35.969,129.073,경북 경주시 북서쪽 19km 지역,KMA
234,2008-05-03 15:04:16,2.4,ML,13.7,35.672,127.421,전북 전주시 남동쪽 30km 지역,KMA
235,2008-05-07 01:12:17,2.1,ML,10.0,36.149,129.738,경북 포항시 동북동쪽 38km 해역,KMA
236,2008-05-10 01:03:46,1.8,ML,9.3,35.941,129.049,경상북도 경주시 서북서쪽 18km 지역,KMA
237,2008-05-17 07:53:02,2.8,ML,14.1,35.524,128.15,경남 합천군 남남서쪽 5km 지역,KMA
238,2008-05-18 22:22:45,1.7,ML,10.0,37.28,129.714,경북 울진군 북동쪽 42km 해역,KMA
239,2008-05-19 14:31:48,1.8,ML,24.7,35.575,128.646,대구 달성군 남동쪽 29km 지역,KMA
240,2008-05-22 07:43:02,1.9,ML,16.2,36.11,129.107,경북 포항시 서북서쪽 23km 지역,KMA
241,2008-05-27 12:09:58,2.3,ML,0.3,36.627,128.246,경북 문경시 북동쪽 7km 지역,KMA
242,2008-06-01 00:23:57,2.2,ML,,36.797,129.154,경북 울진군 남서쪽 31km 지역,KMA
243,2008-06-03 09:12:12,1.8,ML,10.0,35.854,130.096,경북 포항시 동남동쪽 70km 해역,KMA
244,2008-06-06 19:17:43,1.8,ML,7.4,33.639,125.783,제주 제주시 서북서쪽 71km 해역,KMA
245,2008-06-08 15:03:03,2.2,ML,17.9,33.883,126.231,제주 제주시 북북서쪽 51km 해역,KMA
246,2008-06-09 03:24:39,2.8,ML,12.1,35.653,129.067,울산 울주군 서북서쪽 19km 지역,KMA
247,2008-06-14 19:32:04,2.2,ML,7.5,36.559,128.666,경북 안동시 서쪽 6km 지역,KMA
248,2008-06-15 20:41:47,2.0,ML,15.5,37.125,128.378,충북 충주시 동북동쪽 43km 지역,KMA
249,2008-06-22 13:46:05,2.3,ML,10.0,35.135,124.991,전라남도 목포시 서북서쪽 133km 해역,KMA
250,2008-06-22 17:04:50,2.9,ML,13.0,38.248,130.502,강원 삼척시 북동쪽 147km 해역,KMA
251,2008-07-03 17:28:35,3.0,ML,7.9,35.177,128.801,경남 창원시 동남동쪽 12km 지역,KMA
252,2008-07-04 01:09:54,2.0,ML,8.6,35.847,128.295,대구 달성군 서북서쪽 15km 지역,KMA
253,2008-07-15 17:18:39,2.0,ML,14.0,36.716,130.727,경북 울진군 동남동쪽 122km 해역,KMA
254,2008-07-19 05:25:11,2.1,ML,14.9,35.583,128.994,울산 울주군 서쪽 23km 지역,KMA
255,2008-07-27 18:30:59,2.9,ML,7.4,36.091,128.727,대구 달성군 북동쪽 44km 지역,KMA
256,2008-08-09 12:14:39,2.1,ML,9.1,35.402,128.892,경남 창원시 북동쪽 27km 지역,KMA
257,2008-08-14 04:24:39,2.4,ML,12.6,36.038,129.736,경북 포항시 동쪽 35km 해역,KMA
258,2008-08-16 17:59:44,2.1,ML,10.6,35.004,128.564,경남 거제시 북북서쪽 15km 지역,KMA
259,2008-08-17 00:41:08,2.2,ML,10.1,36.933,125.87,충남 태안군 서북서쪽 43km 해역,KMA
260,2008-08-18 08:29:17,2.3,ML,8.7,35.297,127.554,경남 진주시 서북서쪽 52km 지역,KMA
261,2008-08-21 08:22:20,4.0,ML,5.7,35.419,127.57,경남 진주시 서북서쪽 56km 지역,KMA
262,2008-08-22 04:31:09,2.0,ML,29.8,36.756,129.865,경북 울진군 동남동쪽 49km 해역,KMA
263,2008-08-23 00:19:22,2.0,ML,10.3,36.829,125.724,충남 태안군 서쪽 52km 해역,KMA
264,2008-08-23 02:33:46,2.4,ML,12.6,35.767,127.98,경남 합천군 북서쪽 28km 지역,KMA
265,2008-08-23 21:30:27,1.7,ML,14.7,36.605,127.579,충북 청주시 동남동쪽 9km 지역,KMA
266,2008-08-24 14:56:30,2.7,ML,29.5,35.616,125.07,전남 목포시 북서쪽 150km 해역,KMA
267,2008-08-28 18:26:56,2.4,ML,11.7,35.752,128.027,경상남도 합천군 북북서쪽 24km 지역,KMA
268,2008-09-04 23:35:58,3.1,ML,10.4,36.053,128.75,대구 달성군 북동쪽 42km 지역,KMA
269,2008-09-20 12:12:05,1.8,ML,10.0,35.836,125.851,전북 부안군 서쪽 80km 해역,KMA
270,2008-09-24 11:07:39,2.3,ML,12.4,35.929,129.25,경북 경주시 북북동쪽 8km 지역,KMA
271,2008-09-29 17:33:41,2.3,ML,6.8,36.696,130.053,경북 울진군 동남동쪽 67km 해역,KMA
272,2008-09-29 20:24:29,2.1,ML,15.8,38.198,130.054,강원 삼척시 북동쪽 114km 해역,KMA
273,2008-10-14 15:03:59,2.1,ML,12.4,36.461,125.503,충남 태안군 서남서쪽 77km 해역,KMA
274,2008-10-22 12:57:28,1.8,ML,13.2,37.631,128.526,강원 강릉시 서남서쪽 34km 지역,KMA
275,2008-10-29 03:36:37,2.1,ML,10.0,37.284,130.277,경상북도 울진군 동북동쪽 84km 해역,KMA
276,2008-11-01 09:40:53,2.0,ML,15.4,34.349,126.307,전남 해남군 남서쪽 36km 해역,KMA
277,2008-11-01 14:55:50,2.1,ML,15.3,33.782,127.544,제주 제주시 동북동쪽 99km 해역,KMA
278,2008-11-06 23:37:18,2.2,ML,9.6,35.461,130.017,울산 울주군 동쪽 71km 해역,KMA
279,2008-11-11 23:56:17,1.8,ML,8.1,36.208,127.439,전북 무주군 북서쪽 30km 지역,KMA
280,2008-11-16 06:48:32,2.0,ML,22.2,36.378,125.526,충남 태안군 서남서쪽 80km 해역,KMA
281,2008-11-18 07:50:52,2.4,ML,8.2,37.453,128.047,강원 원주시 북동쪽 17km 지역,KMA
282,2008-11-23 10:40:02,1.7,ML,8.9,36.371,130.678,경북 영덕군 동쪽 117km 해역,KMA
283,2008-11-25 10:01:09,1.9,ML,9.4,35.664,128.14,경남 합천군 북북서쪽 11km 지역,KMA
284,2008-11-25 11:55:50,2.3,ML,6.1,35.853,127.373,전북 전주시 동쪽 21km 지역,KMA
285,2008-12-07 21:34:06,2.0,ML,7.9,35.145,126.579,광주 광산구 서쪽 19km 지역,KMA
286,2008-12-08 11:54:54,1.6,ML,15.0,35.436,129.996,울산 울주군 동남동쪽 69km 해역,KMA
287,2008-12-08 16:03:16,2.0,ML,8.9,35.783,128.862,경북 경주시 서남서쪽 34km 지역,KMA
288,2008-12-10 07:24:37,2.2,ML,12.2,36.797,130.477,경북 울진군 동남동쪽 98km 해역,KMA
289,2008-12-12 04:43:13,2.3,ML,11.2,36.85,129.966,경상북도 울진군 동남동쪽 53km 해역,KMA
290,2008-12-15 13:08:41,2.1,ML,10.0,33.689,127.126,제주 제주시 동북동쪽 59km 해역,KMA
291,2008-12-15 21:28:20,3.6,ML,14.6,33.826,125.833,제주 제주시 서북서쪽 74km 해역,KMA
292,2008-12-19 16:48:31,2.4,ML,0.7,36.631,128.253,경북 문경시 북동쪽 8km 지역,KMA
293,2008-12-19 17:45:07,2.9,ML,11.5,38.236,130.384,강원 삼척시 북동쪽 138km 해역,KMA
294,2008-12-20 04:28:51,1.6,ML,9.0,37.675,128.108,강원 춘천시 남동쪽 40km 지역,KMA
295,2008-12-20 17:32:26,2.7,ML,16.0,37.321,125.229,인천 옹진군 서쪽 95km 해역,KMA
296,2008-12-23 04:00:32,2.2,ML,10.0,36.199,129.925,경북 영덕군 동남동쪽 55km 해역,KMA
297,2008-12-23 04:30:21,1.9,ML,13.6,36.025,127.341,전북 전주시 북동쪽 28km 지역,KMA
298,2008-12-23 21:36:14,2.7,ML,15.3,36.114,128.858,경북 경주시 북서쪽 44km 지역,KMA
299,2008-12-28 16:52:06,2.4,ML,12.3,36.115,128.281,경북 김천시 동쪽 15km 지역,KMA
300,2008-12-29 22:36:41,2.2,ML,13.1,36.219,128.608,경북 안동시 남남서쪽 40km 지역,KMA
301,2008-12-29 23:02:05,1.8,ML,14.9,36.762,128.377,경북 문경시 북동쪽 26km 지역,KMA
302,2009-01-05 00:12:35,2.4,ML,13.6,33.731,126.94,제주 제주시 북동쪽 46km 해역,KMA
303,2009-01-09 15:09:13,1.8,ML,10.0,35.458,129.934,울산 울주군 동쪽 63km 해역,KMA
304,2009-01-11 08:24:49,1.7,ML,10.9,36.287,128.193,경북 상주시 남남동쪽 14km 지역,KMA
305,2009-01-21 11:36:37,2.1,ML,16.1,35.753,130.593,경북 포항시 동남동쪽 116km 해역,KMA
306,2009-01-23 06:08:46,2.1,ML,20.9,35.436,128.942,울산 울주군 서남서쪽 31km 지역,KMA
307,2009-01-24 23:07:10,2.5,ML,15.5,35.77,129.04,경북 경주시 서남서쪽 19km 지역,KMA
308,2009-01-29 02:15:04,2.0,ML,7.4,35.41,126.661,광주 광산구 북북서쪽 32km 지역,KMA
309,2009-02-01 04:18:27,2.0,ML,9.7,37.601,127.582,강원 춘천시 남남서쪽 34km 지역,KMA
310,2009-02-05 02:02:38,2.0,ML,10.0,37.204,130.649,경북 울진군 동북동쪽 113km 해역,KMA
311,2009-02-06 13:58:22,2.1,ML,5.1,35.576,128.369,경남 합천군 동쪽 18km 지역,KMA
312,2009-02-08 13:01:06,1.5,ML,25.9,34.908,125.71,전남 목포시 서쪽 63km 해역,KMA
313,2009-02-09 12:16:46,2.1,ML,18.3,35.859,127.026,전북 전주시 서북서쪽 12km 지역,KMA
314,2009-02-12 20:28:28,2.9,ML,18.3,35.838,126.662,전북 부안군 북북서쪽 13km 지역,KMA
315,2009-02-14 06:39:31,2.4,ML,10.0,36.24,130.216,경북 영덕군 동남동쪽 78km 해역,KMA
316,2009-02-15 15:12:17,2.6,ML,9.5,35.617,128.428,대구 달성군 남쪽 18km 지역,KMA
317,2009-02-16 01:22:17,1.8,ML,15.9,36.528,124.794,충남 태안군 서쪽 136km 해역,KMA
318,2009-02-16 02:53:56,2.2,ML,12.7,36.546,125.414,충남 태안군 서남서쪽 82km 해역,KMA
319,2009-02-21 09:27:16,2.1,ML,14.8,35.862,127.551,전북 무주군 남남서쪽 19km 지역,KMA
320,2009-02-25 02:18:17,2.1,ML,,37.504,124.751,인천 옹진군 서쪽 139km 해역,KMA
321,2009-03-09 23:24:06,2.4,ML,14.8,36.533,128.67,경상북도 안동시 남서쪽 7km 지역,KMA
322,2009-03-10 20:18:28,2.4,ML,13.5,37.63,127.836,강원 춘천시 남남동쪽 29km 지역,KMA
323,2009-03-15 21:54:37,2.3,ML,11.7,35.681,128.54,대구 달성군 남동쪽 14km 지역,KMA
324,2009-03-17 02:35:04,1.8,ML,17.1,36.672,129.641,경북 영덕군 북동쪽 38km 해역,KMA
325,2009-03-23 18:37:43,2.1,ML,10.0,35.968,128.322,대구 달성군 북북서쪽 24km 지역,KMA
326,2009-03-29 23:29:39,2.3,ML,12.3,35.277,128.02,경남 진주시 북서쪽 13km 지역,KMA
327,2009-03-31 08:55:56,1.9,ML,10.0,36.413,128.842,경북 안동시 남남동쪽 20km 지역,KMA
328,2009-04-01 09:23:20,2.5,ML,18.5,33.896,127.67,전남 여수시 남쪽 96km 해역,KMA
329,2009-04-06 08:08:55,3.0,ML,17.5,35.648,125.658,전북 부안군 서쪽 97km 해역,KMA
330,2009-04-08 12:15:36,2.9,ML,14.6,34.747,124.304,전남 목포시 서쪽 190km 해역,KMA
331,2009-04-08 13:30:47,1.7,ML,22.3,34.024,125.738,제주 제주시 북서쪽 94km 해역,KMA
332,2009-04-12 16:22:51,2.5,ML,6.4,36.276,128.008,경북 김천시 북북서쪽 18km 지역,KMA
333,2009-04-14 10:21:30,2.0,ML,10.3,37.164,129.751,경북 울진군 동북동쪽 36km 해역,KMA
334,2009-04-15 09:39:09,2.1,ML,10.7,35.346,128.738,경남 창원시 북북동쪽 14km 지역,KMA
335,2009-04-18 14:11:55,3.3,ML,16.6,35.818,128.329,대구 달성군 서북서쪽 10km 지역,KMA
336,2009-04-19 11:32:31,2.5,ML,21.5,36.105,128.93,경북 포항시 서북서쪽 38km 지역,KMA
337,2009-04-20 10:38:40,1.9,ML,23.2,35.558,128.353,경남 합천군 동쪽 17km 지역,KMA
338,2009-04-21 15:10:27,2.3,ML,0.4,36.622,128.252,경북 문경시 북동쪽 7km 지역,KMA
339,2009-04-26 00:37:48,2.0,ML,12.7,35.694,129.741,울산 울주군 동북동쪽 47km 해역,KMA
340,2009-04-28 07:04:30,1.9,ML,7.9,33.853,127.083,제주 제주시 북동쪽 64km 해역,KMA
341,2009-05-09 15:49:22,2.3,ML,17.4,36.68,128.289,경북 문경시 북동쪽 14km 지역,KMA
342,2009-05-10 19:05:40,1.8,ML,,35.942,128.77,대구 달성군 동북동쪽 36km 지역,KMA
343,2009-05-13 17:02:33,2.0,ML,5.3,35.299,128.575,경남 창원시 북서쪽 12km 지역,KMA
344,2009-05-14 15:33:01,1.8,ML,15.3,35.51,125.132,전남 목포시 북서쪽 139km 해역,KMA
345,2009-05-15 14:36:37,1.9,ML,16.2,37.244,128.527,강원 원주시 동남동쪽 55km 지역,KMA
346,2009-05-20 09:50:53,1.7,ML,20.1,35.63,130.645,경북 포항시 동남동쪽 125km 해역,KMA
347,2009-05-29 02:18:37,2.1,ML,21.6,33.34,126.131,제주 서귀포시 서북서쪽 41km 해역,KMA
348,2009-06-10 21:07:09,1.6,ML,10.0,35.752,125.605,전북 부안군 서쪽 102km 해역,KMA
349,2009-06-11 12:10:32,2.4,ML,8.3,37.237,130.36,경북 울진군 동북동쪽 89km 해역,KMA
350,2009-06-12 02:50:49,2.3,ML,15.7,37.51,126.966,경기 화성시 북북동쪽 36km 지역,KMA
351,2009-06-12 10:14:26,2.4,ML,8.9,36.207,129.66,경북 영덕군 남동쪽 35km 해역,KMA
352,2009-06-14 15:54:14,2.5,ML,10.2,35.036,129.173,부산 기장군 남쪽 24km 지역,KMA
353,2009-06-15 12:12:08,1.7,ML,10.4,37.663,128.389,강원 강릉시 서남서쪽 44km 지역,KMA
354,2009-06-17 14:52:28,2.0,ML,0.4,36.62,128.255,경북 문경시 동북동쪽 7km 지역,KMA
355,2009-06-20 06:49:38,1.7,ML,13.1,33.392,128.253,제주 서귀포시 동쪽 158km 해역,KMA
356,2009-06-25 06:30:59,2.0,ML,12.7,35.202,128.981,부산 기장군 서남서쪽 22km 지역,KMA
357,2009-07-14 01:59:12,2.1,ML,10.0,36.387,127.569,충북 청주시 남남동쪽 29km 지역,KMA
358,2009-07-17 00:51:05,2.2,ML,16.3,36.173,128.223,경북 김천시 동북동쪽 10km 지역,KMA
359,2009-07-18 21:06:13,2.7,ML,10.0,35.519,130.057,울산 울주군 동쪽 74km 해역,KMA
360,2009-07-20 21:02:44,2.5,ML,8.9,35.253,129.265,부산 기장군 동북동쪽 4km 지역,KMA
361,2009-07-26 03:02:55,1.7,ML,25.5,38.091,130.76,강원 삼척시 동북동쪽 158km 해역,KMA
362,2009-07-26 21:36:24,2.4,ML,8.0,36.222,129.417,경북 영덕군 남남동쪽 22km 지역,KMA
363,2009-07-28 13:01:14,3.2,ML,15.7,35.956,125.888,충남 보령시 서남서쪽 77km 해역,KMA
364,2009-07-30 08:15:40,2.0,ML,16.8,37.127,125.705,인천 옹진군 서남서쪽 56km 해역,KMA
365,2009-08-11 19:56:45,2.2,ML,6.2,35.022,128.438,경남 거제시 북서쪽 23km 지역,KMA
366,2009-08-12 03:31:37,1.8,ML,12.1,36.139,124.348,충남 태안군 서남서쪽 186km 해역,KMA
367,2009-08-13 08:41:46,2.2,ML,10.7,37.2,127.631,강원 원주시 서남서쪽 30km 지역,KMA
368,2009-08-13 10:01:46,1.7,ML,10.2,36.54,128.125,경북 문경시 남서쪽 8km 지역,KMA
369,2009-08-15 14:16:41,1.8,ML,14.1,36.426,127.097,충남 공주시 남서쪽 3km 지역,KMA
370,2009-08-16 16:25:31,2.5,ML,10.0,37.353,124.697,인천 옹진군 서쪽 142km 해역,KMA
371,2009-08-16 17:04:06,1.9,ML,10.0,35.678,130.722,경북 포항시 동남동쪽 129km 해역,KMA
372,2009-08-18 10:31:56,2.0,ML,12.0,35.629,128.505,대구 달성군 남남동쪽 18km 지역,KMA
373,2009-08-19 08:43:06,2.1,ML,6.3,36.972,128.016,충북 충주시 동남동쪽 8km 지역,KMA
374,2009-08-22 03:44:52,2.2,ML,16.6,35.241,124.3,전남 목포시 서북서쪽 197km 해역,KMA
375,2009-08-23 07:04:16,2.5,ML,5.3,37.364,125.494,인천 옹진군 서쪽 72km 해역,KMA
376,2009-09-01 08:46:31,2.4,ML,24.1,35.836,130.001,경북 포항시 동남동쪽 62km 해역,KMA
377,2009-09-01 15:13:19,1.6,ML,13.3,36.521,128.081,경북 문경시 남서쪽 12km 지역,KMA
378,2009-09-07 18:32:30,1.8,ML,9.9,36.074,128.513,대구 달성군 북북동쪽 34km 지역,KMA
379,2009-09-08 20:35:45,2.1,ML,10.0,37.063,124.475,인천 옹진군 서쪽 163km 해역,KMA
380,2009-09-10 22:21:53,2.1,ML,10.2,36.474,129.142,경북 영덕군 서북서쪽 21km 지역,KMA
381,2009-09-17 03:57:19,1.8,ML,11.4,35.207,125.262,전남 목포시 서북서쪽 112km 해역,KMA
382,2009-09-18 10:14:14,2.6,ML,8.4,33.211,126.569,제주 서귀포시 남쪽 5km 해역,KMA
383,2009-09-21 08:28:24,1.9,ML,22.4,37.723,127.073,강원 춘천시 서남서쪽 60km 지역,KMA
384,2009-09-21 13:31:52,2.3,ML,8.0,35.529,128.81,경남 창원시 북북동쪽 35km 지역,KMA
385,2009-09-26 05:39:41,2.1,ML,9.9,36.585,127.499,충북 청주시 남쪽 6km 지역,KMA
386,2009-10-01 21:24:07,2.5,ML,8.9,36.439,128.77,경상북도 안동시 남남동쪽 15km 지역,KMA
387,2009-10-06 16:02:30,2.3,ML,10.0,36.564,129.071,경상북도 안동시 동쪽 30km 지역,KMA
388,2009-10-07 14:26:33,2.0,ML,0.4,36.629,128.254,경북 문경시 북동쪽 8km 지역,KMA
389,2009-10-12 17:28:05,2.2,ML,22.1,37.88,127.95,강원 춘천시 동쪽 19km 지역,KMA
390,2009-10-19 20:09:33,2.3,ML,,35.098,126.406,전남 목포시 북쪽 32km 지역,KMA
391,2009-10-20 03:59:23,2.0,ML,15.7,35.981,129.111,경북 경주시 북서쪽 17km 지역,KMA
392,2009-10-22 17:11:42,1.8,ML,16.6,33.135,127.063,제주 서귀포시 동남동쪽 49km 해역,KMA
393,2009-10-25 22:10:33,1.9,ML,18.9,35.018,128.897,경남 거제시 동북동쪽 29km 지역,KMA
394,2009-11-01 17:44:04,1.5,ML,15.1,34.896,124.761,전남 목포시 서쪽 149km 해역,KMA
395,2009-11-04 03:53:28,2.6,ML,10.8,35.715,126.992,전북 전주시 남서쪽 19km 지역,KMA
396,2009-11-04 04:43:22,2.5,ML,10.8,35.95,130.072,경북 포항시 동쪽 66km 해역,KMA
397,2009-11-10 12:01:00,2.1,ML,14.7,35.644,129.367,울산 울주군 북동쪽 14km 지역,KMA
398,2009-11-11 15:11:31,2.5,ML,7.5,34.123,126.485,전남 해남군 남남서쪽 51km 해역,KMA
399,2009-11-13 04:20:39,2.4,ML,7.1,35.749,127.919,경남 합천군 북서쪽 30km 지역,KMA
400,2009-11-13 12:32:23,2.0,ML,10.0,35.48,129.882,울산 울주군 동쪽 58km 해역,KMA
401,2009-11-16 14:54:50,2.6,ML,12.6,35.534,125.694,전북 부안군 서남서쪽 96km 해역,KMA
402,2009-11-19 13:03:30,2.5,ML,0.7,36.624,128.258,경북 문경시 동북동쪽 8km 지역,KMA
403,2009-11-28 14:58:47,2.7,ML,6.5,36.123,129.181,경북 포항시 북서쪽 19km 지역,KMA
404,2009-12-04 09:37:06,1.9,ML,11.7,33.738,125.915,제주 제주시 서북서쪽 63km 해역,KMA
405,2009-12-11 14:28:47,2.6,ML,18.4,34.949,124.804,전남 목포시 서쪽 146km 해역,KMA
406,2009-12-16 00:42:40,2.0,ML,14.4,36.568,128.238,경북 문경시 동남동쪽 5km 지역,KMA
407,2009-12-17 09:38:29,1.8,ML,11.7,36.866,130.478,경북 울진군 동쪽 97km 해역,KMA
408,2009-12-24 12:39:51,3.4,ML,13.5,35.274,128.927,경남 창원시 동북동쪽 23km 지역,KMA
409,2010-01-01 13:27:26,2.2,ML,9.7,36.116,128.531,경북 김천시 동쪽 37km 지역,KMA
410,2010-01-04 09:25:16,2.3,ML,13.7,36.276,128.177,경북 상주시 남쪽 15km 지역,KMA
411,2010-01-08 22:17:45,1.9,ML,23.7,36.162,128.869,경북 포항시 서북서쪽 45km 지역,KMA
412,2010-01-09 03:33:11,1.8,ML,13.8,37.352,128.235,강원 원주시 동쪽 28km 지역,KMA
413,2010-01-10 01:26:09,2.4,ML,6.0,33.289,128.306,제주 서귀포시 동쪽 162km 해역,KMA
414,2010-01-11 19:01:09,2.4,ML,11.5,36.572,128.671,경북 안동시 서쪽 5km 지역,KMA
415,2010-01-14 09:47:19,2.7,ML,14.7,37.235,129.735,경북 울진군 북동쪽 40km 해역,KMA
416,2010-01-19 10:45:48,3.0,ML,10.0,37.607,130.458,강원 삼척시 동쪽 115km 해역,KMA
417,2010-02-07 12:45:05,1.7,ML,20.8,37.608,128.722,강원 강릉시 남서쪽 21km 지역,KMA
418,2010-02-08 23:10:51,1.7,ML,24.3,36.522,127.601,충북 청주시 남동쪽 17km 지역,KMA
419,2010-02-10 22:12:51,2.3,ML,5.4,36.758,128.09,경북 문경시 북북서쪽 21km 지역,KMA
420,2010-02-11 21:18:36,2.0,ML,10.0,34.383,126.311,전남 해남군 남서쪽 34km 해역,KMA
421,2010-02-17 04:03:45,2.0,ML,12.4,36.049,125.813,충남 보령시 서남서쪽 78km 해역,KMA
422,2010-02-23 06:21:28,2.2,ML,17.2,36.166,125.718,충남 보령시 서남서쪽 82km 해역,KMA
423,2010-02-25 02:49:20,2.0,ML,9.7,35.296,128.093,경남 진주시 북쪽 13km 지역,KMA
424,2010-02-25 19:21:46,2.0,ML,11.1,37.395,128.144,강원 원주시 동북동쪽 21km 지역,KMA
425,2010-03-04 21:16:14,2.9,ML,22.2,37.588,129.801,강원 삼척시 동북동쪽 58km 해역,KMA
426,2010-03-07 05:31:58,3.2,ML,4.6,35.489,129.112,울산 울주군 남서쪽 14km 지역,KMA
427,2010-03-07 05:38:32,3.8,ML,12.2,34.951,126.593,전남 목포시 북동쪽 24km 지역,KMA
428,2010-03-11 03:22:59,2.0,ML,12.1,32.973,128.36,제주 서귀포시 동쪽 170km 해역,KMA
429,2010-03-21 02:26:34,2.0,ML,10.0,36.945,129.903,경북 울진군 동쪽 45km 해역,KMA
430,2010-03-30 02:54:16,2.1,ML,10.0,33.93,126.487,제주 제주시 북쪽 48km 해역,KMA
431,2010-03-30 03:50:57,3.4,ML,8.8,35.856,129.809,경상북도 포항시 동남동쪽 46km 해역,KMA
432,2010-04-02 04:18:45,2.2,ML,8.5,37.009,127.423,충북 청주시 북쪽 41km 지역,KMA
433,2010-04-05 19:51:16,2.7,ML,17.2,37.014,130.603,경북 울진군 동쪽 107km 해역,KMA
434,2010-04-06 06:32:01,1.8,ML,25.1,36.124,124.88,충청남도 태안군 서남서쪽 144km 해역,KMA
435,2010-04-07 06:54:24,2.9,ML,,35.755,125.183,전북 부안군 서쪽 140km 해역,KMA
436,2010-04-09 15:12:14,1.9,ML,3.9,35.559,128.164,경남 합천군 지역,KMA
437,2010-04-14 07:24:56,2.3,ML,9.6,37.857,128.709,강원 강릉시 북서쪽 19km 지역,KMA
438,2010-04-14 21:52:41,2.4,ML,21.1,35.195,129.198,부산 기장군 남남서쪽 6km 지역,KMA
439,2010-04-16 12:38:11,2.0,ML,11.2,35.679,128.859,울산 울주군 서북서쪽 37km 지역,KMA
440,2010-04-17 17:05:11,2.0,ML,12.6,36.983,129.925,경북 울진군 동쪽 47km 해역,KMA
441,2010-04-23 03:17:55,2.2,ML,13.0,35.399,128.029,경남 합천군 남남서쪽 22km 지역,KMA
442,2010-04-23 19:19:15,2.6,ML,23.5,36.623,130.482,경북 영덕군 동북동쪽 102km 해역,KMA
443,2010-04-26 05:36:56,2.5,ML,13.8,35.345,127.115,광주 광산구 북동쪽 37km 지역,KMA
444,2010-05-05 22:41:21,2.3,ML,4.4,36.966,128.039,충북 충주시 동남동쪽 10km 지역,KMA
445,2010-05-08 21:35:00,2.9,ML,16.4,35.994,124.421,충남 태안군 서남서쪽 187km 해역,KMA
446,2010-05-11 10:21:49,1.8,ML,7.1,36.284,128.81,경북 안동시 남남동쪽 32km 지역,KMA
447,2010-05-13 00:28:28,2.3,ML,12.8,36.008,129.29,경북 포항시 서남서쪽 5km 지역,KMA
448,2010-05-29 15:19:57,1.7,ML,7.3,37.22,127.832,강원 원주시 남남서쪽 16km 지역,KMA
449,2010-06-02 09:22:54,2.2,ML,21.3,35.617,129.141,울산 울주군 서북서쪽 11km 지역,KMA
450,2010-06-06 19:48:12,1.6,ML,11.9,36.761,130.585,경북 울진군 동남동쪽 108km 해역,KMA
451,2010-06-07 23:33:31,2.2,ML,18.2,35.172,129.305,부산 기장군 남동쪽 11km 지역,KMA
452,2010-06-13 22:58:02,2.2,ML,20.2,34.723,126.741,전남 해남군 북동쪽 21km 지역,KMA
453,2010-06-23 03:43:28,1.9,ML,33.7,37.289,130.231,경북 울진군 동북동쪽 81km 해역,KMA
454,2010-06-23 17:38:54,1.8,ML,18.3,35.903,128.248,대구 달성군 북서쪽 22km 지역,KMA
455,2010-07-15 06:19:51,2.3,ML,5.3,35.766,127.96,경남 합천군 북서쪽 29km 지역,KMA
456,2010-07-17 13:59:03,2.0,ML,23.4,36.077,128.177,경상북도 김천시 남동쪽 9km 지역,KMA
457,2010-07-21 04:47:37,2.0,ML,16.0,35.772,127.314,전북 전주시 동남동쪽 16km 지역,KMA
458,2010-07-24 01:36:27,2.0,ML,10.0,36.21,125.084,충남 태안군 서남서쪽 123km 해역,KMA
459,2010-07-24 20:42:33,2.0,ML,9.7,36.31,128.652,경북 안동시 남남서쪽 29km 지역,KMA
460,2010-07-25 03:52:26,1.9,ML,19.6,37.773,128.194,강원 춘천시 동남동쪽 42km 지역,KMA
461,2010-07-28 12:09:32,2.5,ML,15.5,36.111,128.774,대구 달성군 북동쪽 48km 지역,KMA
462,2010-08-04 08:43:17,2.0,ML,18.7,35.796,129.304,경북 경주시 남동쪽 10km 지역,KMA
463,2010-08-06 14:37:35,2.3,ML,0.6,36.622,128.244,경북 문경시 북동쪽 6km 지역,KMA
464,2010-08-08 00:11:54,2.3,ML,13.0,37.212,124.855,인천 옹진군 서쪽 128km 해역,KMA
465,2010-08-14 07:32:05,2.7,ML,15.4,36.624,130.186,경상북도 영덕군 동북동쪽 77km 해역,KMA
466,2010-08-18 15:17:24,2.3,ML,10.0,36.971,130.61,경상북도 울진군 동쪽 107km 해역,KMA
467,2010-08-24 19:31:39,2.6,ML,20.8,36.692,129.655,경상북도 영덕군 북동쪽 40km 해역,KMA
468,2010-08-26 02:43:22,1.9,ML,12.0,35.036,128.264,경남 진주시 남동쪽 21km 지역,KMA
469,2010-08-27 15:27:07,2.3,ML,16.0,35.669,126.785,전라북도 부안군 남동쪽 8km 지역,KMA
470,2010-08-28 17:32:54,1.8,ML,10.0,36.728,124.887,충남 태안군 서쪽 126km 해역,KMA
471,2010-08-29 23:03:53,2.2,ML,10.2,36.618,125.671,충남 태안군 서남서쪽 58km 해역,KMA
472,2010-08-31 07:57:25,1.9,ML,24.2,36.17,129.384,경북 포항시 북북동쪽 17km 지역,KMA
473,2010-09-12 15:50:07,2.1,ML,12.7,35.591,128.347,경남 합천군 동쪽 17km 지역,KMA
474,2010-09-21 09:31:53,2.7,ML,18.7,35.688,125.648,전북 부안군 서쪽 98km 해역,KMA
475,2010-09-24 12:52:35,2.1,ML,0.2,36.635,128.249,경북 문경시 북동쪽 8km 지역,KMA
476,2010-09-28 16:48:01,2.4,ML,19.4,37.965,130.58,강원 삼척시 동북동쪽 137km 해역,KMA
477,2010-10-04 00:41:50,1.9,ML,7.9,36.282,128.744,경북 안동시 남쪽 32km 지역,KMA
478,2010-10-04 02:32:20,3.3,ML,14.6,36.573,129.132,경북 영덕군 북서쪽 27km 지역,KMA
479,2010-10-07 01:47:36,2.1,ML,10.0,35.186,128.029,경남 진주시 서쪽 7km 지역,KMA
480,2010-10-07 21:25:11,2.1,ML,16.5,36.601,127.451,충청북도 청주시 남서쪽 6km 지역,KMA
481,2010-10-16 21:36:31,2.5,ML,6.4,36.366,128.331,경북 상주시 동남동쪽 16km 지역,KMA
482,2010-10-21 08:49:32,3.5,ML,18.1,37.419,125.284,인천 옹진군 서쪽 91km 해역,KMA
483,2010-10-26 13:31:28,1.9,ML,10.3,35.511,128.507,대구 달성군 남남동쪽 30km 지역,KMA
484,2010-11-10 09:10:28,2.1,ML,12.2,35.847,129.445,경북 경주시 동쪽 20km 지역,KMA
485,2010-11-11 18:10:16,2.4,ML,13.9,36.259,128.225,경북 김천시 북동쪽 17km 지역,KMA
486,2010-11-12 09:58:17,1.6,ML,10.6,35.272,128.362,경남 진주시 동북동쪽 25km 지역,KMA
487,2010-11-21 13:34:19,2.0,ML,10.7,35.624,128.593,대구 달성군 남동쪽 22km 지역,KMA
488,2010-11-26 04:34:26,2.2,ML,23.8,38.098,129.779,강원 강릉시 동북동쪽 88km 해역,KMA
489,2010-12-01 08:04:30,2.5,ML,18.3,36.077,129.402,경북 포항시 북동쪽 8km 지역,KMA
490,2010-12-04 20:14:11,2.1,ML,21.6,36.447,124.378,충남 태안군 서쪽 174km 해역,KMA
491,2010-12-05 23:32:38,2.5,ML,10.9,37.336,124.571,인천 옹진군 서쪽 153km 해역,KMA
492,2010-12-11 12:11:41,3.3,ML,12.5,35.322,129.429,부산 기장군 동북동쪽 21km 지역,KMA
493,2010-12-11 15:33:07,2.6,ML,13.6,37.776,128.632,강원 강릉시 서쪽 22km 지역,KMA
494,2010-12-18 09:48:48,2.0,ML,10.0,36.922,129.991,경북 울진군 동쪽 53km 해역,KMA
495,2010-12-18 17:11:50,3.2,ML,9.5,35.111,125.21,전남 목포시 서북서쪽 113km 해역,KMA
496,2010-12-20 10:54:00,1.8,ML,10.5,37.797,126.966,경기 화성시 북쪽 67km 지역,KMA
497,2010-12-24 03:35:31,2.0,ML,7.7,36.2,124.594,충남 태안군 서남서쪽 163km 해역,KMA
498,2010-12-29 02:44:36,2.0,ML,3.2,36.916,128.025,충북 충주시 남동쪽 12km 지역,KMA
499,2010-12-29 21:08:56,2.4,ML,16.6,36.359,125.117,충남 태안군 서남서쪽 113km 해역,KMA
500,2010-12-30 03:21:26,3.4,ML,10.6,35.784,130.425,경북 포항시 동남동쪽 101km 해역,KMA
501,2011-01-04 00:07:45,1.7,ML,9.7,36.617,128.312,경북 문경시 동북동쪽 12km 지역,KMA
502,2011-01-05 19:22:45,3.0,ML,5.1,36.73,127.974,경북 문경시 북서쪽 25km 지역,KMA
503,2011-01-06 02:45:16,2.5,ML,10.0,36.168,125.051,충남 태안군 서남서쪽 128km 해역,KMA
504,2011-01-10 13:43:27,2.2,ML,0.6,36.627,128.25,경북 문경시 북동쪽 7km 지역,KMA
505,2011-01-11 22:51:42,2.1,ML,15.2,36.246,129.004,경상북도 영덕군 서남서쪽 37km 지역,KMA
506,2011-01-21 22:42:03,2.1,ML,9.0,37.172,127.842,강원 원주시 남남서쪽 20km 지역,KMA
507,2011-01-25 17:09:59,1.9,ML,10.6,37.829,127.908,강원 춘천시 동남동쪽 17km 지역,KMA
508,2011-01-26 17:06:21,2.3,ML,0.5,36.629,128.254,경북 문경시 북동쪽 8km 지역,KMA
509,2011-02-03 12:20:33,2.2,ML,0.5,37.356,128.042,강원 원주시 동쪽 11km 지역,KMA
510,2011-02-08 11:04:04,2.4,ML,19.9,35.274,128.167,경남 진주시 북북동쪽 12km 지역,KMA
511,2011-02-16 12:32:55,2.8,ML,15.7,37.023,128.649,경북 안동시 북쪽 51km 지역,KMA
512,2011-02-18 09:49:11,2.0,ML,10.0,37.256,127.624,강원 원주시 서남서쪽 28km 지역,KMA
513,2011-02-19 02:15:21,3.4,ML,11.5,36.704,129.007,경북 안동시 동북동쪽 29km 지역,KMA
514,2011-02-20 22:46:52,2.5,ML,8.5,35.078,127.939,경남 진주시 남서쪽 19km 지역,KMA
515,2011-02-23 13:34:32,2.4,ML,0.4,36.619,128.25,경북 문경시 동북동쪽 7km 지역,KMA
516,2011-02-25 02:25:43,2.0,ML,15.6,35.502,129.067,울산 울주군 서남서쪽 17km 지역,KMA
517,2011-02-26 03:04:19,1.8,ML,8.6,35.96,129.143,경북 경주시 북북서쪽 14km 지역,KMA
518,2011-03-01 05:12:38,2.6,ML,12.4,35.36,125.737,전남 목포시 북서쪽 85km 해역,KMA
519,2011-03-02 20:36:35,2.4,ML,17.5,34.29,127.942,전남 여수시 남남동쪽 58km 해역,KMA
520,2011-03-09 00:02:22,2.3,ML,8.3,38.043,130.468,강원 삼척시 동북동쪽 132km 해역,KMA
521,2011-03-09 22:00:46,2.2,ML,10.0,35.521,129.871,울산 울주군 동쪽 57km 해역,KMA
522,2011-03-19 12:47:58,2.0,ML,9.7,36.547,127.971,경북 문경시 서남서쪽 20km 지역,KMA
523,2011-03-27 02:32:52,2.1,ML,16.9,35.112,129.028,부산 기장군 남서쪽 23km 지역,KMA
524,2011-03-31 08:14:21,1.9,ML,7.0,35.029,128.17,경남 진주시 남남동쪽 18km 지역,KMA
525,2011-04-04 21:15:09,1.8,ML,10.0,36.6,124.63,충남 태안군 서쪽 149km 해역,KMA
526,2011-04-11 16:02:20,2.3,ML,8.0,35.229,129.048,부산 기장군 서쪽 16km 지역,KMA
527,2011-04-13 15:09:03,1.8,ML,17.3,36.209,128.753,경북 안동시 남쪽 40km 지역,KMA
528,2011-04-17 23:55:07,3.0,ML,12.9,35.563,129.195,울산 울주군 서쪽 4km 지역,KMA
529,2011-04-22 15:51:44,2.3,ML,9.9,34.739,127.242,전남 여수시 서쪽 38km 지역,KMA
530,2011-04-22 18:02:24,2.0,ML,11.6,36.315,128.751,경북 안동시 남쪽 28km 지역,KMA
531,2011-04-24 10:17:31,2.1,ML,12.3,37.557,128.773,강원 강릉시 남남서쪽 23km 지역,KMA
532,2011-05-03 02:33:42,2.0,ML,8.8,35.191,126.884,광주 광산구 북동쪽 10km 지역,KMA
533,2011-05-08 08:37:35,2.0,ML,10.8,37.814,127.054,강원 춘천시 서쪽 60km 지역,KMA
534,2011-05-08 21:40:45,1.8,ML,10.0,35.976,126.621,전북 부안군 북북서쪽 29km 지역,KMA
535,2011-05-25 15:50:50,3.2,ML,13.5,35.73,128.136,경남 합천군 북쪽 18km 지역,KMA
536,2011-05-29 21:45:55,2.8,ML,7.1,34.904,126.748,광주 광산구 남쪽 27km 지역,KMA
537,2011-05-31 21:32:42,2.1,ML,9.2,35.883,128.602,대구 달성군 북동쪽 20km 지역,KMA
538,2011-06-03 20:43:12,3.9,ML,5.7,37.344,125.665,인천 옹진군 서쪽 56km 해역,KMA
539,2011-06-06 03:02:24,2.0,ML,9.4,36.382,128.759,경북 안동시 남쪽 21km 지역,KMA
540,2011-06-13 17:17:19,2.1,ML,8.9,36.231,129.037,경북 영덕군 남서쪽 36km 지역,KMA
541,2011-06-15 15:22:35,1.8,ML,14.8,33.801,127.791,전남 여수시 남쪽 107km 해역,KMA
542,2011-06-15 15:45:08,1.9,ML,19.3,35.734,125.44,전북 부안군 서쪽 117km 해역,KMA
543,2011-06-17 19:21:35,1.8,ML,7.0,35.246,129.016,부산 기장군 서쪽 19km 지역,KMA
544,2011-06-17 19:53:08,3.0,ML,12.0,37.364,126.922,경기 화성시 북북동쪽 20km 지역,KMA
545,2011-06-20 02:34:52,1.9,ML,15.8,35.935,130.527,경북 포항시 동쪽 107km 해역,KMA
546,2011-06-23 09:20:34,2.1,ML,8.6,35.397,127.691,경남 진주시 서북서쪽 45km 지역,KMA
547,2011-07-02 17:24:03,2.4,ML,9.4,36.009,127.431,전북 무주군 서쪽 21km 지역,KMA
548,2011-07-05 21:49:20,2.0,ML,19.9,33.242,126.88,제주 서귀포시 동쪽 30km 해역,KMA
549,2011-07-16 16:06:55,2.0,ML,14.0,36.772,129.199,경북 울진군 남서쪽 30km 지역,KMA
550,2011-07-16 20:26:32,1.8,ML,10.0,36.105,125.058,충남 태안군 서남서쪽 131km 해역,KMA
551,2011-07-16 21:45:55,2.8,ML,11.1,35.898,128.333,대구 달성군 북북서쪽 16km 지역,KMA
552,2011-07-19 11:18:43,2.1,ML,0.0,37.357,128.05,강원 원주시 동쪽 12km 지역,KMA
553,2011-07-31 10:06:25,1.8,ML,11.7,34.822,125.87,전남 목포시 서쪽 48km 해역,KMA
554,2011-08-02 07:45:44,1.9,ML,10.0,37.675,130.153,강원 삼척시 동북동쪽 91km 해역,KMA
555,2011-08-03 20:40:03,3.2,ML,20.1,37.219,124.502,인천 옹진군 서쪽 159km 해역,KMA
556,2011-08-14 15:13:20,2.7,ML,10.0,38.049,130.259,강원 삼척시 북동쪽 117km 해역,KMA
557,2011-08-18 16:23:57,1.7,ML,14.3,35.499,128.544,대구 달성군 남남동쪽 32km 지역,KMA
558,2011-08-19 16:24:44,1.9,ML,11.9,36.696,128.445,경상북도 문경시 동북동쪽 26km 지역,KMA
559,2011-09-09 15:32:58,1.8,ML,14.1,35.176,129.413,부산 기장군 동남동쪽 19km 지역,KMA
560,2011-09-16 03:43:06,2.5,ML,24.0,35.275,125.897,전남 목포시 북서쪽 68km 해역,KMA
561,2011-09-18 10:25:28,1.9,ML,10.0,36.559,128.711,경북 안동시 지역,KMA
562,2011-09-19 23:18:56,1.9,ML,17.4,35.927,126.558,전북 부안군 북서쪽 27km 지역,KMA
563,2011-09-23 05:09:34,1.8,ML,16.8,36.437,127.506,충북 청주시 남쪽 23km 지역,KMA
564,2011-09-23 12:35:16,2.7,ML,12.8,35.153,128.599,경남 창원시 남서쪽 11km 지역,KMA
565,2011-09-23 12:35:16,2.7,ML,12.8,35.153,128.599,경남 창원시 남서쪽 11km 지역,KMA
566,2011-09-24 19:00:39,1.9,ML,9.6,35.627,125.737,전북 부안군 서쪽 90km 해역,KMA
567,2011-09-26 00:48:16,2.7,ML,10.0,37.227,125.76,인천 옹진군 서쪽 48km 해역,KMA
568,2011-09-29 07:15:01,2.5,ML,18.3,36.584,129.028,경북 안동시 동쪽 27km 지역,KMA
569,2011-10-07 00:48:59,1.8,ML,20.2,35.89,125.006,충남 태안군 남서쪽 149km 해역,KMA
570,2011-10-08 04:14:37,1.8,ML,17.0,36.65,129.441,경북 영덕군 북북동쪽 27km 지역,KMA
571,2011-10-08 17:22:45,1.9,ML,18.5,33.142,127.826,제주 서귀포시 동쪽 118km 해역,KMA
572,2011-10-13 08:15:58,2.0,ML,7.9,35.527,127.638,경남 합천군 서쪽 48km 지역,KMA
573,2011-10-21 15:45:06,2.4,ML,10.8,34.892,124.715,전남 목포시 서쪽 153km 해역,KMA
574,2011-10-30 13:46:48,1.7,ML,19.6,37.243,130.686,경북 울진군 동북동쪽 117km 해역,KMA
575,2011-11-08 13:38:46,1.7,ML,20.1,36.528,125.619,충남 태안군 서남서쪽 65km 해역,KMA
576,2011-11-09 18:25:40,1.6,ML,27.3,35.51,125.448,전남 목포시 북서쪽 116km 해역,KMA
577,2011-11-18 02:44:58,2.5,ML,14.1,35.706,126.639,전북 부안군 서남서쪽 9km 지역,KMA
578,2011-11-20 03:53:18,1.9,ML,10.2,34.103,126.405,전남 해남군 남남서쪽 55km 해역,KMA
579,2011-11-20 10:06:12,3.9,ML,10.9,35.712,129.27,경상북도 경주시 남남동쪽 16km 지역,KMA
580,2011-11-24 06:33:58,1.8,ML,4.7,37.035,130.168,경북 울진군 동쪽 68km 해역,KMA
581,2011-11-26 22:15:03,1.8,ML,4.2,36.552,127.551,충북 청주시 남남동쪽 11km 지역,KMA
582,2011-11-29 03:44:59,2.4,ML,10.1,35.27,126.557,광주 광산구 북서쪽 26km 지역,KMA
583,2011-12-02 12:11:39,2.9,ML,9.6,35.516,129.123,울산 울주군 서남서쪽 12km 지역,KMA
584,2011-12-03 12:24:39,2.6,ML,11.2,34.84,125.135,전남 목포시 서쪽 115km 해역,KMA
585,2011-12-03 16:28:18,2.0,ML,7.6,37.582,127.517,강원 춘천시 남남서쪽 38km 지역,KMA
586,2011-12-18 02:01:30,2.2,ML,4.9,36.759,129.018,경상북도 안동시 북동쪽 33km 지역,KMA
587,2011-12-24 11:12:03,2.2,ML,10.0,33.81,127.999,전남 여수시 남남동쪽 110km 해역,KMA
588,2011-12-26 09:24:41,2.0,ML,22.8,37.778,128.585,강원 강릉시 서쪽 26km 지역,KMA
589,2011-12-30 17:36:22,2.1,ML,20.1,37.392,128.436,강원 원주시 동쪽 46km 지역,KMA
590,2012-01-03 20:32:22,3.2,ML,19.3,35.529,125.397,전남 목포시 북서쪽 121km 해역,KMA
591,2012-01-15 16:48:43,2.5,ML,18.4,35.433,130.461,울산 울주군 동쪽 111km 해역,KMA
592,2012-01-17 03:48:30,2.4,ML,14.9,35.711,130.518,경북 포항시 동남동쪽 111km 해역,KMA
593,2012-01-26 16:04:07,2.3,ML,17.2,35.643,128.927,울산 울주군 서북서쪽 30km 지역,KMA
594,2012-01-26 16:36:13,2.7,ML,17.8,36.519,128.851,경북 안동시 동남동쪽 12km 지역,KMA
595,2012-02-15 19:22:39,1.6,ML,13.3,35.274,128.96,부산 기장군 서쪽 24km 지역,KMA
596,2012-02-17 11:47:19,3.2,ML,9.9,35.611,128.406,대구 달성군 남쪽 18km 지역,KMA
597,2012-02-24 19:32:38,2.8,ML,16.4,35.526,126.617,전북 부안군 남남서쪽 25km 지역,KMA
598,2012-03-12 03:33:38,2.0,ML,9.1,36.231,128.832,경북 안동시 남남동쪽 39km 지역,KMA
599,2012-03-12 13:47:42,1.9,ML,0.2,37.359,128.043,강원 원주시 동쪽 11km 지역,KMA
600,2012-03-15 07:26:39,1.9,ML,14.7,38.268,129.972,강원 강릉시 동북동쪽 112km 해역,KMA
601,2012-03-17 01:50:44,1.4,ML,12.2,37.334,124.728,인천 옹진군 서쪽 139km 해역,KMA
602,2012-03-18 20:03:28,3.8,ML,10.0,35.425,129.263,울산 울주군 남쪽 15km 지역,KMA
603,2012-03-22 14:42:48,2.0,ML,5.6,37.732,127.392,강원 춘천시 서남서쪽 34km 지역,KMA
604,2012-03-28 11:11:40,2.0,ML,0.3,37.354,128.048,강원 원주시 동쪽 11km 지역,KMA
605,2012-03-30 15:17:28,2.0,ML,9.6,36.567,128.397,경북 문경시 동쪽 19km 지역,KMA
606,2012-04-03 21:16:13,2.1,ML,9.1,34.853,126.423,전남 목포시 북북동쪽 5km 지역,KMA
607,2012-04-10 16:13:50,2.0,ML,21.1,37.015,127.922,충청북도 충주시 북쪽 3km 지역,KMA
608,2012-04-13 00:29:53,1.5,ML,12.0,33.828,125.71,제주 제주시 서북서쪽 84km 해역,KMA
609,2012-04-16 03:52:47,1.7,ML,10.0,35.586,124.651,전남 목포시 서북서쪽 180km 해역,KMA
610,2012-04-23 15:58:32,1.7,ML,14.4,36.091,128.202,경북 김천시 남동쪽 10km 지역,KMA
611,2012-04-24 16:54:17,2.3,ML,0.8,37.36,128.041,강원도 원주시 동쪽 11km 지역,KMA
612,2012-04-27 11:29:54,2.0,ML,17.5,36.789,128.336,경북 문경시 북북동쪽 26km 지역,KMA
613,2012-04-30 05:59:32,1.9,ML,18.7,33.275,128.179,제주 서귀포시 동쪽 150km 해역,KMA
614,2012-05-01 06:16:23,2.8,ML,9.7,36.443,128.794,경북 안동시 남남동쪽 15km 지역,KMA
615,2012-05-02 10:40:20,2.2,ML,12.9,36.724,124.951,충남 태안군 서쪽 120km 해역,KMA
616,2012-05-11 23:22:43,2.6,ML,10.2,35.299,127.626,경남 진주시 서북서쪽 46km 지역,KMA
617,2012-05-16 16:30:35,2.3,ML,0.7,37.362,128.058,강원 원주시 동쪽 12km 지역,KMA
618,2012-05-21 23:22:41,2.0,ML,6.8,37.177,126.938,경기 화성시 동남동쪽 10km 지역,KMA
619,2012-05-25 19:56:20,2.2,ML,13.6,36.588,128.484,경북 안동시 서쪽 22km 지역,KMA
620,2012-05-26 13:33:19,2.4,ML,9.6,36.482,130.641,경북 영덕군 동쪽 114km 해역,KMA
621,2012-06-03 15:39:31,1.9,ML,10.0,37.212,125.488,인천 옹진군 서쪽 72km 해역,KMA
622,2012-06-04 21:51:12,2.2,ML,8.1,36.707,127.912,경북 문경시 서북서쪽 28km 지역,KMA
623,2012-06-08 19:40:37,2.6,ML,22.4,37.279,130.766,경상북도 울진군 동북동쪽 125km 해역,KMA
624,2012-06-18 23:50:26,2.1,ML,21.5,33.436,127.543,제주 서귀포시 동북동쪽 93km 해역,KMA
625,2012-06-22 13:09:14,1.9,ML,17.0,36.187,128.145,경북 김천시 북북동쪽 6km 지역,KMA
626,2012-06-22 14:32:40,2.3,ML,0.9,36.616,128.252,경북 문경시 동북동쪽 7km 지역,KMA
627,2012-06-23 09:09:00,2.5,ML,10.0,34.199,125.949,전남 해남군 남서쪽 72km 해역,KMA
628,2012-06-23 21:18:07,2.0,ML,21.5,36.731,129.62,경북 울진군 남동쪽 35km 해역,KMA
629,2012-06-24 13:55:40,2.7,ML,10.0,33.503,125.85,제주 제주시 서쪽 63km 해역,KMA
630,2012-06-24 17:17:15,2.1,ML,10.0,37.434,128.104,강원 원주시 동북동쪽 19km 지역,KMA
631,2012-06-29 07:53:24,2.4,ML,12.0,35.62,124.668,전남 목포시 서북서쪽 181km 해역,KMA
632,2012-06-29 09:57:17,2.0,ML,20.0,36.525,129.908,경북 영덕군 동북동쪽 50km 해역,KMA
633,2012-06-29 14:30:53,2.1,ML,28.7,35.331,129.007,부산 기장군 서북서쪽 22km 지역,KMA
634,2012-07-01 09:31:40,2.0,ML,19.6,36.025,130.454,경북 포항시 동쪽 100km 해역,KMA
635,2012-07-01 10:02:14,1.8,ML,13.9,36.308,130.478,경북 영덕군 동쪽 100km 해역,KMA
636,2012-07-01 20:22:00,2.6,ML,10.0,34.065,126.352,전라남도 해남군 남남서쪽 61km 해역,KMA
637,2012-07-02 12:14:37,2.4,ML,0.9,37.359,128.042,강원 원주시 동쪽 11km 지역,KMA
638,2012-07-02 22:07:44,2.1,ML,10.0,37.035,124.663,인천 옹진군 서남서쪽 148km 해역,KMA
639,2012-07-09 14:20:36,2.2,ML,19.0,36.617,128.407,경북 문경시 동쪽 20km 지역,KMA
640,2012-07-14 00:40:21,1.9,ML,18.5,35.334,128.988,부산 기장군 서북서쪽 23km 지역,KMA
641,2012-07-18 14:11:57,2.0,ML,17.1,35.719,128.489,대구 달성군 남동쪽 8km 지역,KMA
642,2012-07-18 14:11:57,2.0,ML,17.1,35.719,128.489,대구 달성군 남동쪽 8km 지역,KMA
643,2012-07-19 01:22:01,3.5,ML,5.6,35.721,128.963,경북 경주시 서남서쪽 28km 지역,KMA
644,2012-07-19 15:49:46,2.3,ML,9.1,35.592,128.644,대구 달성군 남동쪽 28km 지역,KMA
645,2012-07-27 17:37:51,2.7,ML,23.4,37.626,127.595,강원 춘천시 남남서쪽 31km 지역,KMA
646,2012-07-28 20:46:13,2.0,ML,10.0,35.901,128.677,대구 달성군 동북동쪽 26km 지역,KMA
647,2012-07-30 20:33:32,2.2,ML,10.0,37.888,129.783,강원 삼척시 북동쪽 73km 해역,KMA
648,2012-08-01 16:00:17,3.1,ML,10.1,35.78,128.068,경남 합천군 북북서쪽 25km 지역,KMA
649,2012-08-12 13:34:33,3.1,ML,11.7,35.273,128.621,경남 창원시 북서쪽 7km 지역,KMA
650,2012-08-18 17:55:26,1.9,ML,15.2,36.272,124.416,충남 태안군 서남서쪽 175km 해역,KMA
651,2012-08-19 06:41:01,2.3,ML,4.2,33.116,127.267,제주 서귀포시 동남동쪽 67km 해역,KMA
652,2012-08-24 13:31:06,2.0,ML,0.3,37.362,128.049,강원 원주시 동쪽 12km 지역,KMA
653,2012-08-30 02:37:54,1.9,ML,12.3,35.788,128.254,대구 달성군 서쪽 16km 지역,KMA
654,2012-09-02 22:13:57,2.7,ML,8.0,36.062,128.238,경북 김천시 남동쪽 14km 지역,KMA
655,2012-09-05 22:12:09,1.7,ML,7.1,36.525,126.986,충남 공주시 북서쪽 15km 지역,KMA
656,2012-09-08 18:38:06,3.2,ML,10.6,35.998,129.375,경상북도 포항시 남동쪽 4km 지역,KMA
657,2012-09-09 04:10:09,3.4,ML,10.0,33.763,128.239,전남 여수시 남남동쪽 123km 해역,KMA
658,2012-09-14 04:09:57,2.5,ML,19.3,36.622,129.104,경북 영덕군 북서쪽 33km 지역,KMA
659,2012-09-15 06:58:24,2.0,ML,7.6,35.256,128.978,부산 기장군 서쪽 22km 지역,KMA
660,2012-09-16 05:26:26,2.5,ML,10.5,36.056,128.773,대구 달성군 북동쪽 44km 지역,KMA
661,2012-09-25 05:55:26,2.6,ML,14.0,35.856,127.948,전라북도 무주군 동남동쪽 31km 지역,KMA
662,2012-09-28 06:19:21,2.1,ML,13.0,35.772,127.96,경남 합천군 북서쪽 29km 지역,KMA
663,2012-09-28 18:39:27,2.1,ML,20.8,33.327,126.012,제주 서귀포시 서쪽 52km 해역,KMA
664,2012-10-10 09:16:15,1.9,ML,13.3,33.271,128.176,제주 서귀포시 동쪽 150km 해역,KMA
665,2012-10-10 11:41:57,3.8,ML,10.4,35.915,127.515,전북 무주군 남서쪽 17km 지역,KMA
666,2012-10-10 14:40:01,2.0,ML,4.7,35.085,128.486,경남 창원시 남서쪽 24km 지역,KMA
667,2012-10-12 07:14:19,2.2,ML,9.4,35.084,128.677,경남 창원시 남쪽 16km 지역,KMA
668,2012-10-13 09:54:38,1.7,ML,10.4,35.308,128.595,경남 창원시 북서쪽 12km 지역,KMA
669,2012-10-15 02:16:11,2.1,ML,12.8,35.958,128.157,경북 김천시 남쪽 21km 지역,KMA
670,2012-10-17 14:05:33,2.2,ML,12.3,37.598,129.655,강원도 삼척시 동북동쪽 46km 해역,KMA
671,2012-10-22 18:51:32,2.8,ML,12.1,35.577,127.658,경남 합천군 서쪽 46km 지역,KMA
672,2012-10-23 17:41:38,2.1,ML,17.2,35.028,125.746,전남 목포시 서북서쪽 64km 해역,KMA
673,2012-10-26 21:22:54,3.3,ML,13.2,37.499,128.686,강원 강릉시 남남서쪽 33km 지역,KMA
674,2012-10-29 11:18:29,2.1,ML,6.7,35.95,128.425,대구 달성군 북쪽 19km 지역,KMA
675,2012-11-15 01:45:01,2.5,ML,20.3,36.506,128.868,경북 안동시 동남동쪽 14km 지역,KMA
676,2012-11-15 06:48:39,2.0,ML,13.6,36.173,130.751,경북 영덕군 동남동쪽 127km 해역,KMA
677,2012-11-15 11:29:48,2.6,ML,14.1,37.349,130.702,경북 울진군 동북동쪽 122km 해역,KMA
678,2012-11-20 16:36:04,2.2,ML,6.0,36.6,127.768,충북 청주시 동쪽 25km 지역,KMA
679,2012-11-21 18:49:46,2.0,ML,10.0,37.891,128.497,강원 강릉시 서북서쪽 37km 지역,KMA
680,2012-11-25 21:10:59,2.0,ML,8.2,36.294,129.438,경북 영덕군 남남동쪽 15km 지역,KMA
681,2012-12-02 00:40:52,1.8,ML,16.5,36.126,128.327,경북 김천시 동쪽 19km 지역,KMA
682,2012-12-07 20:00:10,2.3,ML,13.5,35.44,129.121,울산 울주군 남서쪽 17km 지역,KMA
683,2012-12-08 15:39:14,2.4,ML,10.8,35.007,125.337,전남 목포시 서북서쪽 99km 해역,KMA
684,2012-12-09 09:25:16,2.0,ML,7.1,35.023,128.815,경남 거제시 북동쪽 24km 지역,KMA
685,2012-12-11 14:11:49,2.2,ML,14.9,37.538,128.018,강원 원주시 북북동쪽 23km 지역,KMA
686,2012-12-13 00:19:22,3.1,ML,13.9,36.682,129.22,경북 영덕군 북북서쪽 32km 지역,KMA
687,2012-12-15 15:48:44,1.8,ML,10.0,33.058,128.058,제주 서귀포시 동쪽 141km 해역,KMA
688,2012-12-20 07:51:15,1.9,ML,8.1,36.783,127.934,충북 충주시 남쪽 23km 지역,KMA
689,2012-12-21 23:17:18,2.0,ML,11.5,35.383,129.025,부산 기장군 북서쪽 24km 지역,KMA
690,2012-12-22 17:57:25,1.9,ML,7.6,36.782,127.067,충남 공주시 북쪽 37km 지역,KMA
691,2012-12-25 03:15:57,2.7,ML,5.5,35.933,125.564,충남 보령시 서남서쪽 104km 해역,KMA
692,2012-12-31 15:01:44,2.3,ML,10.0,37.878,128.205,강원 춘천시 동쪽 42km 지역,KMA
693,2013-01-02 13:12:45,1.7,ML,7.2,36.387,127.895,경북 상주시 서쪽 24km 지역,KMA
694,2013-01-07 06:49:56,1.9,ML,15.8,35.854,128.572,대구 달성군 북동쪽 15km 지역,KMA
695,2013-01-14 00:17:36,2.4,ML,9.3,36.579,128.303,경북 문경시 동쪽 10km 지역,KMA
696,2013-01-17 09:48:47,2.0,ML,10.0,36.12,130.368,경북 포항시 동쪽 93km 해역,KMA
697,2013-01-19 20:45:04,2.4,ML,11.9,36.388,127.144,충남 공주시 남남동쪽 7km 지역,KMA
698,2013-01-29 17:28:39,2.0,ML,6.7,35.073,128.415,경남 거제시 북서쪽 28km 지역,KMA
699,2013-02-04 12:36:39,2.4,ML,7.5,34.956,127.491,전남 여수시 북서쪽 27km 지역,KMA
700,2013-02-05 14:42:02,2.2,ML,0.0,36.627,128.256,경북 문경시 북동쪽 8km 지역,KMA
701,2013-02-06 21:07:02,1.7,ML,9.2,35.009,128.747,경남 거제시 북동쪽 18km 지역,KMA
702,2013-02-09 09:37:11,2.0,ML,11.5,37.325,128.583,강원 삼척시 서남서쪽 53km 지역,KMA
703,2013-02-10 01:42:28,2.2,ML,5.1,37.304,127.887,강원 원주시 남서쪽 5km 지역,KMA
704,2013-02-14 10:55:30,2.7,ML,10.8,36.713,128.673,경북 안동시 북북서쪽 17km 지역,KMA
705,2013-02-16 01:38:49,2.6,ML,17.4,38.179,129.951,강원 강릉시 동북동쪽 106km 해역,KMA
706,2013-02-18 03:52:49,2.2,ML,12.3,35.577,129.096,울산 울주군 서쪽 13km 지역,KMA
707,2013-02-21 22:27:19,1.6,ML,8.5,37.524,128.554,강원 강릉시 남서쪽 38km 지역,KMA
708,2013-02-27 22:02:28,2.6,ML,16.5,37.644,130.04,강원 삼척시 동북동쪽 80km 해역,KMA
709,2013-03-03 15:00:27,2.0,ML,15.2,36.056,130.61,경북 포항시 동쪽 114km 해역,KMA
710,2013-03-09 15:13:51,2.4,ML,8.4,37.184,126.986,경기 화성시 동쪽 14km 지역,KMA
711,2013-03-09 15:14:07,2.3,ML,12.0,33.702,125.992,제주 제주시 서북서쪽 55km 해역,KMA
712,2013-03-12 05:08:06,2.1,ML,23.9,36.644,125.495,충남 태안군 서쪽 72km 해역,KMA
713,2013-03-30 15:00:39,3.2,ML,10.8,35.993,129.345,경상북도 포항시 남쪽 3km 지역,KMA
714,2013-04-01 15:55:21,2.4,ML,12.6,35.822,124.415,충남 태안군 서남서쪽 196km 해역,KMA
715,2013-04-02 16:14:54,2.2,ML,16.3,35.966,128.372,대구 달성군 북북서쪽 22km 지역,KMA
716,2013-04-03 00:12:02,2.2,ML,11.6,36.367,129.314,경북 영덕군 남서쪽 7km 지역,KMA
717,2013-04-06 07:39:11,2.1,ML,18.6,35.078,124.441,전남 목포시 서쪽 180km 해역,KMA
718,2013-04-07 11:25:56,2.3,ML,17.0,37.747,129.941,강원 삼척시 동북동쪽 76km 해역,KMA
719,2013-04-10 00:26:36,2.0,ML,25.4,33.611,126.39,제주 제주시 북서쪽 18km 해역,KMA
720,2013-04-10 11:03:54,2.1,ML,13.1,37.342,128.604,강원 삼척시 서남서쪽 51km 지역,KMA
721,2013-04-11 02:24:01,2.1,ML,18.4,33.969,128.081,전남 여수시 남남동쪽 96km 해역,KMA
722,2013-04-15 22:30:57,2.4,ML,12.1,36.506,128.7,경북 안동시 남남서쪽 7km 지역,KMA
723,2013-04-18 00:35:12,2.3,ML,14.1,36.014,129.018,경북 경주시 북서쪽 26km 지역,KMA
724,2013-04-22 06:21:40,2.1,ML,10.0,38.161,130.714,강원 삼척시 동북동쪽 158km 해역,KMA
725,2013-04-24 16:25:12,2.0,ML,17.0,36.757,129.006,경북 안동시 북동쪽 32km 지역,KMA
726,2013-05-01 11:19:51,2.3,ML,9.8,37.517,129.922,강원 삼척시 동쪽 67km 해역,KMA
727,2013-05-02 06:55:31,2.3,ML,21.4,32.935,127.519,제주 서귀포시 동남동쪽 96km 해역,KMA
728,2013-05-05 12:38:57,2.2,ML,8.1,37.668,126.973,경기 화성시 북북동쪽 53km 지역,KMA
729,2013-05-09 08:02:33,2.3,ML,10.2,35.306,124.327,전남 목포시 서북서쪽 196km 해역,KMA
730,2013-05-10 20:12:48,1.9,ML,30.4,36.996,124.828,충남 태안군 서북서쪽 134km 해역,KMA
731,2013-05-11 19:05:53,3.0,ML,16.9,34.957,125.654,전남 목포시 서북서쪽 69km 해역,KMA
732,2013-05-13 15:19:17,2.0,ML,0.2,36.625,128.259,경북 문경시 북동쪽 8km 지역,KMA
733,2013-05-22 03:02:21,2.0,ML,10.0,34.637,125.73,전남 목포시 서남서쪽 63km 해역,KMA
734,2013-05-23 06:59:17,2.4,ML,10.1,36.13,127.922,경북 김천시 서쪽 17km 지역,KMA
735,2013-05-29 13:11:03,2.8,ML,9.9,33.042,126.821,제주 서귀포시 남동쪽 34km 해역,KMA
736,2013-06-12 22:05:18,1.7,ML,19.0,36.407,128.797,경북 안동시 남남동쪽 19km 지역,KMA
737,2013-06-17 07:27:29,2.2,ML,10.1,36.867,125.215,충남 태안군 서쪽 97km 해역,KMA
738,2013-06-17 21:17:56,2.2,ML,18.2,38.249,130.531,강원 삼척시 북동쪽 150km 해역,KMA
739,2013-06-21 04:06:48,2.0,ML,7.1,35.382,126.948,광주 광산구 북북동쪽 30km 지역,KMA
740,2013-06-21 15:16:02,2.0,ML,9.0,36.297,130.177,경북 영덕군 동쪽 74km 해역,KMA
741,2013-06-24 01:45:52,3.9,ML,12.3,36.158,130.138,경북 포항시 동북동쪽 73km 해역,KMA
742,2013-06-26 03:09:42,2.1,ML,24.8,36.78,126.85,충남 서산시 동쪽 36km 지역,KMA
743,2013-07-03 15:27:24,2.1,ML,0.2,36.624,128.248,경북 문경시 북동쪽 7km 지역,KMA
744,2013-07-11 19:16:38,1.6,ML,8.2,36.531,127.526,충북 청주시 남남동쪽 13km 지역,KMA
745,2013-07-17 14:55:56,2.7,ML,10.0,33.804,125.928,제주 제주시 서북서쪽 65km 해역,KMA
746,2013-08-04 12:21:36,2.7,ML,17.8,35.132,128.771,경남 창원시 남동쪽 13km 지역,KMA
747,2013-08-04 16:15:04,1.6,ML,13.6,37.423,129.736,강원 삼척시 동쪽 50km 해역,KMA
748,2013-08-07 06:49:07,3.0,ML,14.6,35.139,127.311,광주 광산구 동쪽 47km 지역,KMA
749,2013-08-08 00:05:04,1.9,ML,10.9,36.963,125.158,충남 태안군 서북서쪽 104km 해역,KMA
750,2013-08-13 01:33:59,2.1,ML,14.1,36.254,130.296,경북 영덕군 동남동쪽 85km 해역,KMA
751,2013-08-14 07:56:15,1.9,ML,13.1,37.88,126.884,강원 춘천시 서쪽 74km 지역,KMA
752,2013-08-20 19:13:37,2.2,ML,15.0,36.023,128.744,대구 달성군 북동쪽 39km 지역,KMA
753,2013-08-27 01:28:35,2.7,ML,6.5,35.773,128.077,경상남도 합천군 북북서쪽 24km 지역,KMA
754,2013-08-29 09:13:18,2.5,ML,13.4,35.717,127.94,경남 합천군 북서쪽 26km 지역,KMA
755,2013-08-29 09:13:18,2.5,ML,13.4,35.717,127.94,경남 합천군 북서쪽 26km 지역,KMA
756,2013-08-30 17:32:06,1.7,ML,11.6,36.907,129.742,경북 울진군 동남동쪽 32km 해역,KMA
757,2013-09-12 22:55:46,2.0,ML,6.2,38.134,130.317,강원 삼척시 북동쪽 127km 해역,KMA
758,2013-09-18 21:58:04,2.3,ML,14.5,36.7,124.801,충남 태안군 서쪽 133km 해역,KMA
759,2013-09-24 04:10:37,2.1,ML,17.1,34.084,125.692,전남 해남군 서남서쪽 99km 해역,KMA
760,2013-09-26 13:42:41,2.3,ML,0.8,36.609,128.264,경북 문경시 동북동쪽 7km 지역,KMA
761,2013-09-28 17:14:36,2.3,ML,13.2,35.431,128.071,경남 합천군 남남서쪽 17km 지역,KMA
762,2013-10-03 02:09:01,1.8,ML,9.4,35.847,128.631,대구 달성군 동북동쪽 20km 지역,KMA
763,2013-10-08 12:01:30,2.0,ML,16.3,35.815,128.722,대구 달성군 동쪽 27km 지역,KMA
764,2013-10-16 10:24:01,1.9,ML,9.2,36.213,129.321,경북 포항시 북쪽 22km 지역,KMA
765,2013-10-21 21:12:33,2.7,ML,10.0,34.359,126.206,전남 해남군 서남서쪽 43km 해역,KMA
766,2013-10-22 02:28:34,2.0,ML,10.0,37.143,129.68,경북 울진군 북동쪽 30km 해역,KMA
767,2013-10-23 14:30:30,2.4,ML,10.8,35.381,128.625,경남 창원시 북북서쪽 18km 지역,KMA
768,2013-10-24 06:39:06,2.2,ML,23.2,34.016,127.35,전남 여수시 남남서쪽 87km 해역,KMA
769,2013-10-25 07:01:41,2.2,ML,5.6,37.853,127.608,강원도 춘천시 서남서쪽 11km 지역,KMA
770,2013-10-25 12:31:30,1.9,ML,16.9,34.23,126.999,전라남도 해남군 남동쪽 53km 해역,KMA
771,2013-10-26 01:47:02,2.3,ML,17.3,36.249,129.199,경북 영덕군 남서쪽 24km 지역,KMA
772,2013-10-26 10:05:38,2.1,ML,10.0,37.616,130.278,강원 삼척시 동쪽 100km 해역,KMA
773,2013-10-30 02:12:10,2.2,ML,8.3,36.508,128.102,경북 문경시 남서쪽 12km 지역,KMA
774,2013-11-05 06:10:17,2.1,ML,4.6,32.989,127.123,제주 서귀포시 동남동쪽 60km 해역,KMA
775,2013-11-13 03:09:56,2.1,ML,10.0,34.297,127.625,전남 여수시 남쪽 52km 해역,KMA
776,2013-11-16 22:35:43,2.5,ML,18.3,36.223,125.627,충남 태안군 남서쪽 83km 해역,KMA
777,2013-11-17 12:52:12,2.1,ML,9.8,36.059,129.399,경북 포항시 북동쪽 7km 지역,KMA
778,2013-11-24 00:10:23,1.8,ML,10.0,37.257,125.094,인천 옹진군 서쪽 107km 해역,KMA
779,2013-11-26 14:10:10,2.2,ML,29.7,37.596,124.945,인천 옹진군 서북서쪽 124km 해역,KMA
780,2013-11-26 15:21:18,2.0,ML,5.7,36.056,127.927,경북 김천시 서남서쪽 19km 지역,KMA
781,2013-12-04 00:23:23,2.0,ML,10.9,35.231,129.015,부산 기장군 서쪽 19km 지역,KMA
782,2013-12-04 23:38:37,2.2,ML,10.0,35.357,125.799,전남 목포시 북서쪽 81km 해역,KMA
783,2013-12-10 17:00:57,2.7,ML,10.0,36.154,128.379,경북 김천시 동쪽 24km 지역,KMA
784,2013-12-11 14:58:37,1.9,ML,10.4,36.947,125.675,충남 태안군 서북서쪽 60km 해역,KMA
785,2013-12-12 10:08:51,1.7,ML,14.7,35.995,128.533,대구 달성군 북북동쪽 26km 지역,KMA
786,2013-12-13 09:34:59,2.0,ML,18.9,37.495,125.143,인천 옹진군 서북서쪽 104km 해역,KMA
787,2013-12-17 00:20:21,1.5,ML,11.9,36.22,126.998,충남 공주시 남남서쪽 27km 지역,KMA
788,2013-12-20 02:31:56,2.1,ML,8.8,35.694,128.821,대구 달성군 동남동쪽 36km 지역,KMA
789,2013-12-27 16:51:05,2.6,ML,16.9,36.557,124.731,충남 태안군 서쪽 141km 해역,KMA
790,2013-12-30 15:55:57,2.4,ML,0.8,37.355,128.048,강원 원주시 동쪽 11km 지역,KMA
791,2013-12-31 22:58:35,2.2,ML,10.0,35.382,125.579,전남 목포시 북서쪽 97km 해역,KMA
792,2014-01-09 07:57:05,2.2,ML,14.8,35.83,127.272,전라북도 전주시 동쪽 11km 지역,KMA
793,2014-01-20 04:50:47,2.4,ML,7.5,36.614,127.05,충남 공주시 북북서쪽 20km 지역,KMA
794,2014-01-25 16:33:10,2.2,ML,7.3,37.207,124.708,인천 옹진군 서쪽 141km 해역,KMA
795,2014-02-01 01:47:45,2.6,ML,3.7,36.59,128.524,경북 안동시 서쪽 18km 지역,KMA
796,2014-02-03 10:05:18,2.3,ML,16.4,37.827,130.711,강원 삼척시 동북동쪽 143km 해역,KMA
797,2014-02-09 21:04:59,1.7,ML,10.0,36.084,128.071,경북 김천시 남남서쪽 7km 지역,KMA
798,2014-02-14 05:02:55,2.1,ML,23.8,35.505,128.674,경남 창원시 북쪽 31km 지역,KMA
799,2014-02-17 05:37:02,2.5,ML,10.6,34.267,127.514,전남 여수시 남남서쪽 56km 해역,KMA
800,2014-02-18 21:47:19,2.8,ML,10.0,35.638,127.921,경남 합천군 서북서쪽 24km 지역,KMA
801,2014-02-22 06:33:28,2.5,ML,7.2,36.369,128.217,경북 상주시 남동쪽 7km 지역,KMA
802,2014-02-24 15:45:07,2.3,ML,0.5,36.619,128.249,경북 문경시 동북동쪽 7km 지역,KMA
803,2014-03-03 12:07:35,2.4,ML,19.3,36.665,130.42,경북 울진군 동남동쪽 97km 해역,KMA
804,2014-03-04 00:16:57,2.0,ML,12.4,35.299,126.515,광주 광산구 북서쪽 31km 지역,KMA
805,2014-03-16 17:14:26,1.9,ML,11.2,37.016,130.474,경북 울진군 동쪽 95km 해역,KMA
806,2014-03-18 02:03:26,2.1,ML,3.3,36.446,128.21,경북 상주시 북동쪽 6km 지역,KMA
807,2014-03-25 21:37:51,2.2,ML,9.8,36.598,124.871,충청남도 태안군 서쪽 128km 해역,KMA
808,2014-03-26 16:35:23,3.1,ML,19.5,37.39,125.348,인천 옹진군 서쪽 85km 해역,KMA
809,2014-03-27 01:37:35,2.0,ML,11.8,36.392,128.52,경북 안동시 남서쪽 27km 지역,KMA
810,2014-03-30 13:15:00,2.6,ML,14.9,35.226,129.354,부산 기장군 동쪽 12km 지역,KMA
811,2014-03-31 05:43:32,2.7,ML,11.4,38.249,130.1,강원 강릉시 동북동쪽 121km 해역,KMA
812,2014-04-01 04:48:35,5.1,ML,10.0,36.95,124.5,충남 태안군 서쪽 162km 해역,KMA
813,2014-04-05 06:24:57,1.7,ML,16.5,37.964,130.193,강원 삼척시 동북동쪽 107km 해역,KMA
814,2014-04-18 04:25:57,1.7,ML,7.5,35.499,128.266,경남 합천군 남동쪽 12km 지역,KMA
815,2014-04-22 09:59:30,2.0,ML,15.7,34.071,126.073,전남 해남군 남서쪽 74km 해역,KMA
816,2014-04-27 20:35:05,2.5,ML,9.4,35.862,129.896,경북 포항시 동남동쪽 53km 해역,KMA
817,2014-05-03 13:35:36,2.9,ML,17.3,35.065,128.923,경남 창원시 남동쪽 28km 지역,KMA
818,2014-05-06 14:56:11,2.2,ML,0.3,37.361,128.044,강원 원주시 동쪽 11km 지역,KMA
819,2014-05-09 12:09:33,2.0,ML,19.4,36.494,129.279,경북 영덕군 북서쪽 12km 지역,KMA
820,2014-05-13 09:52:28,2.1,ML,13.5,37.83,127.461,강원 춘천시 서남서쪽 24km 지역,KMA
821,2014-05-19 22:47:15,1.9,ML,8.9,35.725,129.648,경북 경주시 동남동쪽 41km 해역,KMA
822,2014-05-20 17:15:47,1.7,ML,22.0,37.316,125.333,인천 옹진군 서쪽 85km 해역,KMA
823,2014-05-22 11:06:47,1.9,ML,18.4,36.062,129.866,경북 포항시 동쪽 47km 해역,KMA
824,2014-05-28 18:54:59,2.3,ML,21.1,35.916,129.196,경북 경주시 북북서쪽 7km 지역,KMA
825,2014-05-29 06:36:30,1.9,ML,8.3,33.614,127.216,제주 제주시 동북동쪽 65km 해역,KMA
826,2014-06-05 22:16:51,1.9,ML,6.0,35.342,127.504,경남 진주시 서북서쪽 58km 지역,KMA
827,2014-06-10 14:36:15,1.7,ML,14.9,36.09,129.14,경상북도 포항시 서북서쪽 20km 지역,KMA
828,2014-06-12 14:13:18,2.1,ML,24.2,35.09,124.647,전남 목포시 서쪽 162km 해역,KMA
829,2014-06-12 16:24:34,1.9,ML,6.5,35.648,128.306,경남 합천군 북동쪽 16km 지역,KMA
830,2014-06-15 15:18:52,2.2,ML,11.3,35.062,129.021,부산 기장군 남서쪽 27km 지역,KMA
831,2014-06-18 21:24:41,2.1,ML,19.6,34.823,127.702,전남 여수시 북북동쪽 8km 지역,KMA
832,2014-06-23 09:03:13,2.0,ML,18.5,36.597,128.036,경북 문경시 서쪽 14km 지역,KMA
833,2014-06-29 08:08:28,2.6,ML,15.6,35.678,124.836,전북 부안군 서쪽 171km 해역,KMA
834,2014-07-01 02:37:28,2.6,ML,30.2,33.617,127.605,제주 제주시 동쪽 100km 해역,KMA
835,2014-07-03 15:03:19,2.0,ML,9.9,35.58,128.982,울산 울주군 서쪽 24km 지역,KMA
836,2014-07-12 10:06:18,2.3,ML,10.0,37.175,124.916,인천 옹진군 서쪽 123km 해역,KMA
837,2014-07-16 10:50:11,1.6,ML,10.4,37.019,128.577,경북 안동시 북북서쪽 52km 지역,KMA
838,2014-07-19 04:32:59,3.2,ML,7.7,37.197,128.647,강원 삼척시 서남서쪽 54km 지역,KMA
839,2014-07-23 14:13:13,1.6,ML,13.3,35.485,128.887,울산 울주군 서남서쪽 33km 지역,KMA
840,2014-07-27 04:47:51,2.5,ML,3.1,35.669,127.197,전북 전주시 남남동쪽 18km 지역,KMA
841,2014-07-27 18:54:03,1.5,ML,19.8,35.772,128.666,대구 달성군 동쪽 21km 지역,KMA
842,2014-07-30 18:08:07,1.8,ML,16.5,32.945,126.719,제주 서귀포시 남남동쪽 37km 해역,KMA
843,2014-07-31 10:55:48,2.2,ML,4.9,37.331,128.863,강원 삼척시 서남서쪽 30km 지역,KMA
844,2014-08-02 14:19:48,2.1,ML,14.5,35.911,125.61,충남 보령시 서남서쪽 101km 해역,KMA
845,2014-08-04 02:19:43,2.6,ML,8.7,37.574,127.422,강원 춘천시 남서쪽 43km 지역,KMA
846,2014-08-11 01:13:20,1.8,ML,16.0,36.66,128.706,경북 안동시 북북서쪽 10km 지역,KMA
847,2014-08-16 04:03:09,3.4,ML,15.5,36.097,128.279,경북 김천시 동남동쪽 16km 지역,KMA
848,2014-08-16 23:51:50,1.3,ML,17.1,37.278,127.452,강원 원주시 서쪽 42km 지역,KMA
849,2014-08-22 02:52:43,2.6,ML,10.0,36.913,127.728,충북 충주시 서남서쪽 20km 지역,KMA
850,2014-08-27 13:43:29,1.9,ML,25.7,35.391,127.349,전북 전주시 남남동쪽 51km 지역,KMA
851,2014-09-03 07:12:23,1.8,ML,10.0,33.405,127.531,제주 서귀포시 동쪽 92km 해역,KMA
852,2014-09-06 00:40:56,2.3,ML,26.7,36.667,128.65,경북 안동시 북북서쪽 13km 지역,KMA
853,2014-09-12 01:50:57,1.7,ML,10.0,34.151,125.646,전라남도 해남군 서남서쪽 99km 해역,KMA
854,2014-09-15 01:27:01,2.3,ML,17.9,36.092,128.737,대구 달성군 북동쪽 45km 지역,KMA
855,2014-09-18 20:24:03,1.9,ML,9.2,35.259,126.653,광주 광산구 북서쪽 18km 지역,KMA
856,2014-09-27 08:18:51,3.7,ML,2.7,35.846,129.402,경북 경주시 동쪽 16km 지역,KMA
857,2014-10-04 01:04:46,2.0,ML,5.8,35.283,127.12,광주 광산구 동북동쪽 34km 지역,KMA
858,2014-10-08 07:29:57,1.8,ML,28.1,36.906,124.331,충남 태안군 서쪽 176km 해역,KMA
859,2014-10-08 20:30:03,2.4,ML,8.7,36.431,128.829,경북 안동시 남남동쪽 18km 지역,KMA
860,2014-10-11 01:16:43,2.0,ML,9.9,35.798,129.004,경북 경주시 서남서쪽 21km 지역,KMA
861,2014-10-11 14:39:00,2.4,ML,15.7,35.196,129.226,부산 기장군 남쪽 5km 지역,KMA
862,2014-10-12 03:26:28,2.1,ML,7.3,35.303,127.426,광주 광산구 동북동쪽 60km 지역,KMA
863,2014-10-16 14:56:47,2.3,ML,18.9,36.427,128.768,경북 안동시 남남동쪽 16km 지역,KMA
864,2014-10-17 10:12:56,1.8,ML,16.4,38.286,130.323,강원 삼척시 북동쪽 138km 해역,KMA
865,2014-10-18 15:26:59,2.2,ML,5.5,35.709,128.527,대구 달성군 남동쪽 11km 지역,KMA
866,2014-10-20 12:47:51,1.9,ML,14.7,35.656,129.989,울산 울주군 동쪽 68km 해역,KMA
867,2014-10-21 09:25:58,2.0,ML,10.0,37.701,128.502,강원 강릉시 서쪽 33km 지역,KMA
868,2014-10-21 20:50:47,2.1,ML,12.1,36.687,129.072,경북 안동시 동북동쪽 33km 지역,KMA
869,2014-10-23 20:18:59,2.4,ML,11.7,36.077,128.481,경북 김천시 동남동쪽 34km 지역,KMA
870,2014-10-26 13:58:11,2.5,ML,10.4,35.826,128.2,대구 달성군 서북서쪽 22km 지역,KMA
871,2014-10-26 22:54:04,3.0,ML,20.1,37.439,127.546,강원 원주시 서북서쪽 35km 지역,KMA
872,2014-10-27 20:16:57,1.8,ML,13.6,35.271,125.586,전남 목포시 북서쪽 89km 해역,KMA
873,2014-10-28 16:10:28,1.7,ML,9.9,36.208,129.286,경북 포항시 북북서쪽 22km 지역,KMA
874,2014-10-29 00:18:58,2.0,ML,10.8,36.285,125.831,충남 태안군 남서쪽 66km 해역,KMA
875,2014-11-06 04:12:30,2.8,ML,5.9,36.253,127.257,충남 공주시 남남동쪽 25km 지역,KMA
876,2014-11-09 09:00:02,1.7,ML,12.8,35.389,127.987,경남 합천군 남서쪽 25km 지역,KMA
877,2014-11-17 10:10:18,2.3,ML,25.3,36.585,128.034,경북 문경시 서쪽 14km 지역,KMA
878,2014-11-21 17:37:39,1.9,ML,16.0,36.795,128.413,경북 문경시 북동쪽 31km 지역,KMA
879,2014-11-24 22:56:41,1.9,ML,17.6,36.163,125.653,충남 태안군 남서쪽 86km 해역,KMA
880,2014-11-26 10:34:01,3.3,ML,15.9,36.075,129.916,경북 포항시 동쪽 52km 해역,KMA
881,2014-12-05 07:16:07,2.1,ML,17.9,36.992,125.57,충남 태안군 서북서쪽 70km 해역,KMA
882,2014-12-05 11:52:38,1.7,ML,8.1,35.325,129.149,부산 기장군 북서쪽 11km 지역,KMA
883,2014-12-08 04:44:47,2.4,ML,18.6,36.119,128.384,경북 김천시 동쪽 24km 지역,KMA
884,2014-12-08 05:09:35,2.5,ML,13.5,35.766,128.378,대구 달성군 서남서쪽 5km 지역,KMA
885,2014-12-20 06:19:06,2.4,ML,17.5,35.903,124.954,충남 태안군 남서쪽 152km 해역,KMA
886,2014-12-24 05:50:11,2.0,ML,11.2,36.93,130.029,경상북도 울진군 동쪽 56km 해역,KMA
887,2014-12-31 17:12:20,2.6,ML,13.4,34.97,124.99,전남 목포시 서쪽 129km 해역,KMA
888,2015-01-06 15:44:01,1.8,ML,20.1,36.365,129.108,경북 영덕군 서남서쪽 24km 지역,KMA
889,2015-01-08 01:06:09,2.9,ML,14.0,35.5,129.262,울산 울주군 남남동쪽 7km 지역,KMA
890,2015-01-14 05:12:57,2.2,ML,7.3,36.048,128.144,경북 김천시 남남동쪽 11km 지역,KMA
891,2015-01-14 05:12:57,2.2,ML,7.3,36.048,128.144,경북 김천시 남남동쪽 11km 지역,KMA
892,2015-01-21 11:25:05,2.1,ML,10.0,35.376,124.82,전남 목포시 서북서쪽 156km 해역,KMA
893,2015-01-21 14:40:44,2.3,ML,0.8,36.627,128.261,경상북도 문경시 북동쪽 8km 지역,KMA
894,2015-01-27 21:07:21,2.8,ML,8.1,36.021,128.412,대구 달성군 북쪽 27km 지역,KMA
895,2015-02-03 16:24:32,1.9,ML,13.2,36.725,130.134,경북 울진군 동남동쪽 72km 해역,KMA
896,2015-02-06 12:26:26,2.2,ML,7.2,36.24,129.324,경북 영덕군 남쪽 20km 지역,KMA
897,2015-02-13 00:20:18,1.7,ML,7.2,36.161,128.417,경상북도 김천시 동쪽 27km 지역,KMA
898,2015-02-16 23:50:37,2.2,ML,10.0,38.249,130.031,강원 강릉시 동북동쪽 115km 해역,KMA
899,2015-02-17 14:28:59,2.2,ML,15.4,35.444,124.664,전남 목포시 서북서쪽 172km 해역,KMA
900,2015-02-18 00:21:54,1.9,ML,10.2,36.76,130.069,경북 울진군 동남동쪽 65km 해역,KMA
901,2015-02-27 23:04:21,2.1,ML,11.5,37.023,128.278,충북 충주시 동쪽 31km 지역,KMA
902,2015-03-02 12:02:32,2.1,ML,14.5,35.394,125.09,전남 목포시 서북서쪽 135km 해역,KMA
903,2015-03-04 13:01:47,1.7,ML,10.7,32.988,127.518,제주 서귀포시 동남동쪽 94km 해역,KMA
904,2015-03-08 07:52:17,1.9,ML,17.1,37.309,127.371,강원 원주시 서쪽 49km 지역,KMA
905,2015-03-12 16:51:43,1.6,ML,11.8,35.966,129.269,경북 포항시 남서쪽 9km 지역,KMA
906,2015-03-16 13:35:30,2.1,ML,11.9,37.844,128.449,강원 강릉시 서북서쪽 39km 지역,KMA
907,2015-03-21 05:01:58,2.5,ML,15.3,36.13,128.852,경북 경주시 북서쪽 45km 지역,KMA
908,2015-03-23 05:09:58,2.0,ML,15.1,35.195,129.199,부산 기장군 남남서쪽 6km 지역,KMA
909,2015-03-27 17:29:06,2.0,ML,10.2,36.008,128.606,대구 달성군 북북동쪽 30km 지역,KMA
910,2015-03-28 04:05:54,2.4,ML,5.8,35.361,128.182,경남 진주시 북북동쪽 21km 지역,KMA
911,2015-03-31 18:30:36,1.9,ML,17.1,36.131,127.863,경북 김천시 서쪽 23km 지역,KMA
912,2015-04-09 08:14:49,2.3,ML,7.3,37.692,128.513,강원 강릉시 서남서쪽 33km 지역,KMA
913,2015-04-15 01:05:17,1.9,ML,14.1,35.259,128.184,경남 진주시 북동쪽 11km 지역,KMA
914,2015-04-16 03:52:26,2.2,ML,6.1,36.578,128.007,경북 문경시 서쪽 16km 지역,KMA
915,2015-04-19 01:32:03,2.1,ML,10.0,36.669,130.519,경북 울진군 동남동쪽 106km 해역,KMA
916,2015-04-19 09:57:55,1.8,ML,11.5,36.846,125.087,충남 태안군 서쪽 108km 해역,KMA
917,2015-04-21 18:03:55,2.0,ML,5.8,35.593,129.087,울산 울주군 서북서쪽 15km 지역,KMA
918,2015-04-24 13:12:46,2.1,ML,10.0,34.136,127.358,전남 여수시 남남서쪽 75km 해역,KMA
919,2015-05-07 04:37:15,2.4,ML,10.3,34.031,126.529,제주 제주시 북쪽 59km 해역,KMA
920,2015-05-15 07:06:48,3.3,ML,10.0,35.836,125.269,충남 보령시 서남서쪽 132km 해역,KMA
921,2015-05-17 06:42:55,2.5,ML,10.5,33.088,128.291,제주 서귀포시 동쪽 162km 해역,KMA
922,2015-05-22 21:10:39,2.1,ML,13.7,35.062,128.157,경남 진주시 남남동쪽 14km 지역,KMA
923,2015-06-04 05:48:55,2.4,ML,14.1,36.823,129.621,경북 울진군 남동쪽 27km 해역,KMA
924,2015-06-10 09:31:02,2.3,ML,21.8,36.577,128.975,경북 안동시 동쪽 22km 지역,KMA
925,2015-06-27 06:06:05,2.6,ML,10.5,34.348,127.305,전남 여수시 남서쪽 56km 해역,KMA
926,2015-07-10 00:47:42,2.2,ML,12.4,34.174,125.954,전남 해남군 남서쪽 74km 해역,KMA
927,2015-07-20 06:12:39,1.7,ML,12.3,35.998,127.309,전북 전주시 북동쪽 24km 지역,KMA
928,2015-07-20 17:12:27,3.0,ML,17.0,36.107,128.838,경북 경주시 북서쪽 45km 지역,KMA
929,2015-07-27 10:39:46,1.9,ML,8.6,35.017,125.428,전남 목포시 서북서쪽 91km 해역,KMA
930,2015-07-31 04:13:13,1.7,ML,14.5,33.009,125.786,제주 서귀포시 서남서쪽 77km 해역,KMA
931,2015-08-02 04:31:22,1.9,ML,26.5,36.472,125.718,충남 태안군 서남서쪽 60km 해역,KMA
932,2015-08-04 02:33:03,1.7,ML,14.0,34.719,127.221,전남 여수시 서쪽 40km 지역,KMA
933,2015-08-06 02:08:37,2.0,ML,9.6,33.229,126.749,제주 서귀포시 동쪽 18km 해역,KMA
934,2015-08-13 21:21:07,2.0,ML,17.8,36.654,128.21,경북 문경시 북북동쪽 8km 지역,KMA
935,2015-08-13 22:56:31,2.3,ML,23.4,36.606,130.114,경북 영덕군 동북동쪽 70km 해역,KMA
936,2015-08-18 19:41:59,2.0,ML,17.8,36.562,127.824,충북 청주시 동남동쪽 31km 지역,KMA
937,2015-08-20 06:29:28,2.1,ML,19.0,37.262,125.465,인천 옹진군 서쪽 74km 해역,KMA
938,2015-08-21 10:27:56,2.0,ML,14.7,36.997,128.29,충북 충주시 동쪽 32km 지역,KMA
939,2015-08-21 21:17:58,2.1,ML,7.2,36.258,127.537,전라북도 무주군 북북서쪽 30km 지역,KMA
940,2015-08-28 14:45:16,2.2,ML,17.6,36.384,128.987,경북 안동시 남동쪽 31km 지역,KMA
941,2015-08-30 16:37:03,1.6,ML,8.5,36.394,127.682,충북 청주시 남남동쪽 32km 지역,KMA
942,2015-08-31 08:39:17,1.8,ML,3.4,36.3,128.155,경북 상주시 남쪽 12km 지역,KMA
943,2015-09-01 08:52:13,2.1,ML,15.4,36.14,128.765,경북 안동시 남쪽 48km 지역,KMA
944,2015-09-04 03:35:05,1.9,ML,12.6,37.899,127.518,강원 춘천시 서쪽 19km 지역,KMA
945,2015-09-04 15:30:11,1.6,ML,10.0,35.724,124.745,충남 태안군 남서쪽 179km 해역,KMA
946,2015-09-05 11:25:51,2.0,ML,26.3,35.567,126.614,전북 부안군 남남서쪽 21km 지역,KMA
947,2015-09-06 05:36:07,2.1,ML,17.2,36.098,128.272,경북 김천시 동남동쪽 15km 지역,KMA
948,2015-09-07 19:01:05,1.7,ML,10.2,37.675,130.519,강원 삼척시 동북동쪽 122km 해역,KMA
949,2015-09-08 02:54:13,2.3,ML,17.1,37.122,125.536,인천 옹진군 서남서쪽 70km 해역,KMA
950,2015-09-13 10:19:59,2.7,ML,18.0,35.417,129.018,울산 울주군 남서쪽 26km 지역,KMA
951,2015-09-15 02:33:45,2.6,ML,8.1,36.473,128.393,경북 상주시 동북동쪽 22km 지역,KMA
952,2015-09-22 13:29:22,2.1,ML,12.7,37.821,127.528,강원 춘천시 서남서쪽 19km 지역,KMA
953,2015-09-23 05:54:48,1.8,ML,21.5,37.788,130.771,강원 삼척시 동북동쪽 146km 해역,KMA
954,2015-09-27 14:00:29,3.3,ML,15.0,36.161,130.148,경북 포항시 동북동쪽 74km 해역,KMA
955,2015-09-28 21:03:18,2.6,ML,10.0,35.87,128.001,경북 김천시 남남서쪽 32km 지역,KMA
956,2015-09-28 21:58:05,2.0,ML,13.1,35.574,128.967,울산 울주군 서쪽 25km 지역,KMA
957,2015-09-30 22:15:23,1.9,ML,10.0,36.228,125.085,충남 태안군 서남서쪽 122km 해역,KMA
958,2015-10-02 09:47:01,2.1,ML,10.6,35.081,129.344,부산 기장군 남남동쪽 21km 지역,KMA
959,2015-10-03 12:03:50,2.9,ML,10.4,35.018,128.428,경남 거제시 북서쪽 23km 지역,KMA
960,2015-10-11 05:16:51,1.9,ML,11.3,35.515,130.079,울산 울주군 동쪽 76km 해역,KMA
961,2015-10-14 23:10:42,2.0,ML,13.9,33.069,127.933,제주 서귀포시 동쪽 129km 해역,KMA
962,2015-10-17 14:41:26,2.2,ML,23.5,34.01,127.271,전남 해남군 남동쪽 88km 해역,KMA
963,2015-10-25 17:27:19,2.0,ML,5.7,37.607,128.044,강원 원주시 북북동쪽 31km 지역,KMA
964,2015-10-30 03:39:39,2.3,ML,11.7,35.648,128.122,경남 합천군 북북서쪽 10km 지역,KMA
965,2015-10-30 22:34:00,2.0,ML,10.0,37.566,130.769,경북 울진군 동북동쪽 137km 해역,KMA
966,2015-11-04 12:55:27,2.3,ML,10.4,35.153,129.211,부산 기장군 남쪽 10km 지역,KMA
967,2015-11-07 15:01:23,3.0,ML,19.0,37.488,124.808,인천 옹진군 서쪽 133km 해역,KMA
968,2015-11-11 13:35:17,2.7,ML,11.0,37.336,130.727,경북 울진군 동북동쪽 124km 해역,KMA
969,2015-11-14 22:52:34,1.9,ML,12.7,35.338,128.667,경남 창원시 북쪽 12km 지역,KMA
970,2015-11-16 07:00:18,2.6,ML,10.3,37.452,125.274,인천 옹진군 서쪽 92km 해역,KMA
971,2015-11-17 14:55:27,2.0,ML,9.2,35.333,129.45,부산 기장군 동북동쪽 23km 지역,KMA
972,2015-11-20 07:15:14,2.3,ML,10.9,35.898,129.035,경북 경주시 서북서쪽 18km 지역,KMA
973,2015-11-27 05:39:32,2.0,ML,5.9,34.733,126.525,전남 목포시 남동쪽 15km 지역,KMA
974,2015-11-29 10:37:46,2.9,ML,16.4,33.275,127.891,제주 서귀포시 동쪽 124km 해역,KMA
975,2015-12-06 05:18:09,2.4,ML,9.5,35.181,128.664,경남 창원시 남남서쪽 5km 지역,KMA
976,2015-12-07 11:22:39,2.0,ML,20.3,34.838,125.76,전라남도 목포시 서쪽 58km 해역,KMA
977,2015-12-11 21:33:30,2.4,ML,9.6,35.387,128.702,경남 창원시 북쪽 18km 지역,KMA
978,2015-12-12 04:03:19,3.0,ML,7.4,37.23,127.431,강원 원주시 서남서쪽 45km 지역,KMA
979,2015-12-17 01:49:04,2.3,ML,24.5,35.13,128.814,경남 창원시 남동쪽 16km 지역,KMA
980,2015-12-21 07:12:24,2.3,ML,15.2,36.307,129.072,경북 영덕군 서남서쪽 29km 지역,KMA
981,2015-12-24 01:33:29,2.2,ML,11.7,36.869,128.28,경상북도 문경시 북북동쪽 32km 지역,KMA
982,2015-12-29 00:55:26,2.0,ML,14.8,33.159,126.803,제주 서귀포시 동남동쪽 25km 해역,KMA
983,2015-12-29 12:36:09,2.0,ML,19.8,33.515,127.67,제주 제주시 동쪽 105km 해역,KMA
984,2015-12-30 05:17:37,2.0,ML,11.9,37.438,128.379,강원 원주시 동북동쪽 42km 지역,KMA
985,2016-01-03 05:37:29,1.7,ML,8.1,36.299,127.604,전북 무주군 북쪽 33km 지역,KMA
986,2016-01-06 23:49:00,1.6,ML,18.9,33.726,126.122,제주 제주시 서북서쪽 45km 해역,KMA
987,2016-01-07 04:46:39,2.1,ML,17.3,35.651,129.312,울산 울주군 북북동쪽 12km 지역,KMA
988,2016-01-07 22:36:13,1.4,ML,9.4,34.781,126.465,전남 목포시 동남동쪽 7km 지역,KMA
989,2016-01-08 03:17:49,1.7,ML,10.0,35.556,124.406,전남 목포시 서북서쪽 199km 해역,KMA
990,2016-01-09 09:21:48,2.8,ML,4.8,35.18,128.402,경남 창원시 서남서쪽 26km 지역,KMA
991,2016-01-09 15:23:55,1.9,ML,20.9,35.266,128.575,경남 창원시 서북서쪽 10km 지역,KMA
992,2016-01-10 05:14:34,1.8,ML,5.7,35.546,127.632,경남 합천군 서쪽 48km 지역,KMA
993,2016-01-14 16:29:53,1.8,ML,20.0,37.404,124.461,인천 옹진군 서쪽 163km 해역,KMA
994,2016-01-15 14:06:44,1.8,ML,22.7,36.06,128.02,경북 김천시 남서쪽 12km 지역,KMA
995,2016-01-16 08:27:55,2.7,ML,19.9,32.982,126.043,제주 서귀포시 서남서쪽 57km 해역,KMA
996,2016-01-20 07:27:42,1.3,ML,16.5,37.633,127.568,강원 춘천시 남남서쪽 31km 지역,KMA
997,2016-01-24 03:11:35,1.6,ML,8.8,33.171,127.792,제주 서귀포시 동쪽 115km 해역,KMA
998,2016-01-24 22:09:20,2.4,ML,9.4,35.407,128.181,경남 합천군 남쪽 18km 지역,KMA
999,2016-01-26 00:58:53,1.5,ML,4.1,35.499,125.681,전북 부안군 서남서쪽 98km 해역,KMA
1000,2016-01-27 00:21:04,2.0,ML,22.5,35.66,128.661,대구 달성군 동남동쪽 24km 지역,KMA
1001,2016-01-27 04:08:07,1.7,ML,10.0,37.488,124.44,인천 옹진군 서쪽 166km 해역,KMA
1002,2016-01-30 18:09:15,1.9,ML,13.2,36.486,128.302,경북 문경시 남동쪽 15km 지역,KMA
1003,2016-02-01 10:02:38,2.1,ML,10.0,36.585,128.679,경북 안동시 서북서쪽 5km 지역,KMA
1004,2016-02-03 16:41:54,1.8,ML,0.8,37.357,128.049,강원 원주시 동쪽 12km 지역,KMA
1005,2016-02-03 17:12:43,1.9,ML,0.1,36.615,128.253,경북 문경시 동북동쪽 7km 지역,KMA
1006,2016-02-04 01:49:51,1.6,ML,9.2,35.795,127.128,전라북도 전주시 남남서쪽 4km 지역,KMA
1007,2016-02-06 18:50:34,2.0,ML,10.0,37.155,124.311,인천 옹진군 서쪽 176km 해역,KMA
1008,2016-02-06 23:13:52,2.1,ML,21.4,37.512,128.293,강원 원주시 동북동쪽 38km 지역,KMA
1009,2016-02-06 23:13:52,2.1,ML,21.4,37.512,128.293,강원 원주시 동북동쪽 38km 지역,KMA
1010,2016-02-08 23:25:48,1.7,ML,10.0,36.915,127.041,경기 화성시 남남동쪽 37km 지역,KMA
1011,2016-02-10 12:15:41,1.6,ML,9.7,36.203,128.43,경북 김천시 동북동쪽 29km 지역,KMA
1012,2016-02-11 16:16:41,2.5,ML,7.6,36.301,128.247,경상북도 상주시 남남동쪽 15km 지역,KMA
1013,2016-02-12 17:58:00,1.8,ML,7.3,35.94,129.296,경북 포항시 남남서쪽 10km 지역,KMA
1014,2016-02-16 19:22:57,1.5,ML,9.0,35.096,129.003,부산 기장군 남서쪽 26km 지역,KMA
1015,2016-02-17 00:49:08,2.5,ML,7.4,35.064,129.325,부산 기장군 남남동쪽 22km 지역,KMA
1016,2016-02-18 00:07:21,2.1,ML,10.0,37.205,127.533,강원 원주시 서남서쪽 37km 지역,KMA
1017,2016-02-18 05:40:29,1.8,ML,10.0,36.553,130.034,경북 영덕군 동북동쪽 62km 해역,KMA
1018,2016-02-19 08:19:31,2.6,ML,15.9,36.735,129.06,경북 안동시 동북동쪽 35km 지역,KMA
1019,2016-02-20 17:07:27,1.6,ML,22.0,36.394,125.388,충남 태안군 서남서쪽 90km 해역,KMA
1020,2016-02-24 02:02:09,1.9,ML,14.4,37.329,127.011,경기 화성시 북동쪽 21km 지역,KMA
1021,2016-03-02 08:21:41,1.5,ML,20.7,35.397,124.619,전남 목포시 서북서쪽 174km 해역,KMA
1022,2016-03-07 07:20:20,2.0,ML,13.3,36.627,125.577,충남 태안군 서남서쪽 65km 해역,KMA
1023,2016-03-07 14:37:56,2.1,ML,23.6,36.756,130.514,경북 울진군 동남동쪽 102km 해역,KMA
1024,2016-03-08 02:13:32,1.4,ML,13.4,36.661,130.597,경북 울진군 동남동쪽 112km 해역,KMA
1025,2016-03-16 19:41:04,1.7,ML,5.3,35.814,128.12,경남 합천군 북쪽 28km 지역,KMA
1026,2016-03-17 20:50:53,2.7,ML,9.0,33.187,127.496,제주 서귀포시 동쪽 87km 해역,KMA
1027,2016-03-19 02:02:08,2.0,ML,7.7,35.798,128.202,대구 달성군 서쪽 21km 지역,KMA
1028,2016-03-19 23:56:03,1.3,ML,6.0,35.269,127.642,경남 진주시 서북서쪽 43km 지역,KMA
1029,2016-03-23 22:27:07,1.7,ML,10.7,36.109,128.202,경북 김천시 동남동쪽 9km 지역,KMA
1030,2016-04-02 12:03:44,1.6,ML,17.0,36.718,129.946,경북 울진군 동남동쪽 57km 해역,KMA
1031,2016-04-05 14:45:42,1.5,ML,15.1,36.719,127.724,충북 청주시 동북동쪽 23km 지역,KMA
1032,2016-04-07 02:15:10,1.1,ML,17.7,37.129,128.115,충북 충주시 북동쪽 23km 지역,KMA
1033,2016-04-10 15:47:29,1.9,ML,8.0,36.07,128.456,경북 김천시 동남동쪽 32km 지역,KMA
1034,2016-04-12 04:49:53,1.7,ML,15.0,38.105,129.608,강원 강릉시 동북동쪽 75km 해역,KMA
1035,2016-04-14 22:05:06,1.7,ML,10.0,35.687,129.227,울산 울주군 북쪽 14km 지역,KMA
1036,2016-04-15 13:30:19,2.3,ML,0.1,36.635,128.248,경북 문경시 북동쪽 8km 지역,KMA
1037,2016-04-16 17:18:13,2.3,ML,6.8,36.193,128.211,경북 김천시 북동쪽 10km 지역,KMA
1038,2016-04-16 22:28:45,1.7,ML,19.6,36.9,127.123,경기 화성시 남동쪽 42km 지역,KMA
1039,2016-04-17 05:47:52,1.9,ML,9.5,36.028,128.941,경북 경주시 북서쪽 32km 지역,KMA
1040,2016-04-17 09:35:58,1.4,ML,6.5,35.184,128.769,경남 창원시 동남동쪽 9km 지역,KMA
1041,2016-04-17 23:10:13,2.2,ML,12.0,34.109,125.66,전남 해남군 서남서쪽 100km 해역,KMA
1042,2016-04-18 09:19:50,1.7,ML,21.9,36.325,129.646,경북 영덕군 동남동쪽 27km 해역,KMA
1043,2016-04-20 20:14:41,1.6,ML,,36.481,129.372,경북 영덕군 북쪽 7km 지역,KMA
1044,2016-04-22 05:23:35,1.8,ML,20.8,35.663,125.037,전북 부안군 서쪽 153km 해역,KMA
1045,2016-04-24 05:55:41,1.6,ML,10.0,33.032,127.512,제주 서귀포시 동남동쪽 92km 해역,KMA
1046,2016-04-27 13:26:46,1.9,ML,10.0,36.448,124.773,충남 태안군 서남서쪽 140km 해역,KMA
1047,2016-04-29 08:56:27,2.3,ML,10.0,33.777,125.685,제주 제주시 서북서쪽 84km 해역,KMA
1048,2016-04-30 23:00:45,2.5,ML,14.4,37.085,129.972,경북 울진군 동북동쪽 52km 해역,KMA
1049,2016-05-03 05:32:30,1.9,ML,10.0,37.125,124.608,인천 옹진군 서쪽 151km 해역,KMA
1050,2016-05-07 15:18:02,1.7,ML,7.8,36.341,128.777,경북 안동시 남쪽 26km 지역,KMA
1051,2016-05-14 13:13:59,1.5,ML,10.0,35.728,129.92,경상북도 포항시 동남동쪽 61km 해역,KMA
1052,2016-05-19 20:59:50,1.6,ML,14.7,37.413,130.592,경북 울진군 동북동쪽 116km 해역,KMA
1053,2016-05-21 09:12:06,1.7,ML,26.9,35.401,128.31,경남 합천군 남동쪽 22km 지역,KMA
1054,2016-05-25 22:35:29,2.1,ML,10.0,37.008,125.235,충남 태안군 서북서쪽 99km 해역,KMA
1055,2016-05-26 03:38:50,1.7,ML,9.3,38.243,130.791,강원 삼척시 동북동쪽 168km 해역,KMA
1056,2016-05-27 07:13:04,2.8,ML,16.5,36.324,128.975,경북 안동시 남동쪽 35km 지역,KMA
1057,2016-05-31 14:08:17,1.6,ML,15.2,35.704,128.552,대구 달성군 남동쪽 13km 지역,KMA
1058,2016-06-01 18:17:06,1.6,ML,14.3,35.03,125.09,전남 목포시 서북서쪽 121km 해역,KMA
1059,2016-06-03 23:54:33,2.1,ML,7.7,36.178,128.378,경북 김천시 동쪽 24km 지역,KMA
1060,2016-06-07 05:29:22,2.0,ML,8.8,37.239,127.678,강원 원주시 서남서쪽 24km 지역,KMA
1061,2016-06-07 06:20:01,1.4,ML,13.7,36.635,127.984,경북 문경시 서북서쪽 19km 지역,KMA
1062,2016-06-07 14:59:30,2.6,ML,13.6,35.491,128.619,경남 창원시 북쪽 30km 지역,KMA
1063,2016-06-07 19:49:39,1.7,ML,10.4,33.236,127.957,제주 서귀포시 동쪽 130km 해역,KMA
1064,2016-06-13 14:29:24,1.7,ML,6.8,33.371,126.846,제주 서귀포시 동북동쪽 30km 해역,KMA
1065,2016-06-17 10:53:54,2.0,ML,10.0,37.303,125.271,인천 옹진군 서쪽 91km 해역,KMA
1066,2016-06-18 09:04:23,1.7,ML,5.6,35.672,129.731,울산 울주군 동북동쪽 46km 해역,KMA
1067,2016-06-19 18:23:38,2.3,ML,11.6,36.538,128.319,경북 문경시 동남동쪽 13km 지역,KMA
1068,2016-06-19 23:33:35,1.6,ML,18.3,36.235,129.202,경북 영덕군 남서쪽 25km 지역,KMA
1069,2016-06-24 08:40:40,2.1,ML,11.6,36.25,128.43,경북 상주시 남동쪽 30km 지역,KMA
1070,2016-06-26 09:12:15,1.5,ML,11.3,37.603,127.925,강원 원주시 북쪽 29km 지역,KMA
1071,2016-06-27 06:30:03,2.0,ML,6.7,37.189,129.886,경북 울진군 동북동쪽 48km 해역,KMA
1072,2016-06-27 09:01:19,1.6,ML,5.1,36.791,128.811,경북 안동시 북북동쪽 26km 지역,KMA
1073,2016-06-27 13:09:57,1.4,ML,11.8,36.83,128.092,충북 충주시 남동쪽 23km 지역,KMA
1074,2016-06-28 07:55:05,1.7,ML,8.5,35.107,128.703,경남 창원시 남쪽 14km 지역,KMA
1075,2016-06-29 14:08:12,1.8,ML,12.1,36.213,128.03,경북 김천시 북서쪽 11km 지역,KMA
1076,2016-06-29 15:52:07,2.0,ML,17.9,37.469,125.119,인천 옹진군 서쪽 106km 해역,KMA
1077,2016-06-30 16:49:09,1.9,ML,20.8,35.921,130.182,경북 포항시 동쪽 76km 해역,KMA
1078,2016-07-01 19:12:59,2.0,ML,8.6,35.637,128.315,경남 합천군 동북동쪽 16km 지역,KMA
1079,2016-07-05 20:33:03,5.0,ML,10.0,35.51,129.99,울산 울주군 동쪽 68km 해역,KMA
1080,2016-07-05 23:26:59,1.8,ML,12.0,34.723,127.356,전남 여수시 서쪽 28km 지역,KMA
1081,2016-07-06 17:48:07,1.8,ML,7.2,35.888,124.48,충남 태안군 서남서쪽 188km 해역,KMA
1082,2016-07-08 03:45:36,1.9,ML,15.5,36.265,125.009,충남 태안군 서남서쪽 126km 해역,KMA
1083,2016-07-10 17:05:47,1.6,ML,23.0,36.252,130.729,경북 영덕군 동쪽 123km 해역,KMA
1084,2016-07-12 01:46:21,2.7,ML,12.0,35.117,128.546,경남 창원시 남서쪽 17km 지역,KMA
1085,2016-07-14 11:54:09,1.7,ML,10.0,36.139,128.565,경북 김천시 동쪽 40km 지역,KMA
1086,2016-07-17 05:14:14,1.9,ML,10.0,33.218,127.803,제주 서귀포시 동쪽 115km 해역,KMA
1087,2016-07-18 14:27:41,1.9,ML,10.0,33.75,125.758,제주 제주시 서북서쪽 77km 해역,KMA
1088,2016-07-20 11:29:31,2.1,ML,24.2,33.451,127.794,제주 서귀포시 동쪽 117km 해역,KMA
1089,2016-07-24 18:38:54,2.2,ML,10.0,37.486,125.217,인천 옹진군 서북서쪽 98km 해역,KMA
1090,2016-07-27 13:34:15,1.4,ML,19.2,35.51,129.917,울산 울주군 동쪽 61km 해역,KMA
1091,2016-07-29 14:56:03,2.0,ML,16.5,33.292,127.486,제주 서귀포시 동쪽 86km 해역,KMA
1092,2016-08-01 02:02:39,1.8,ML,9.1,35.631,126.558,전북 부안군 남서쪽 19km 지역,KMA
1093,2016-08-04 08:50:33,1.3,ML,13.3,36.446,129.274,경북 영덕군 서북서쪽 9km 지역,KMA
1094,2016-08-04 19:29:25,1.5,ML,15.6,35.106,124.556,전남 목포시 서쪽 170km 해역,KMA
1095,2016-08-07 10:06:10,1.8,ML,5.6,35.717,127.139,전북 전주시 남쪽 12km 지역,KMA
1096,2016-08-10 00:30:38,1.7,ML,14.3,35.802,130.127,경상북도 포항시 동남동쪽 74km 해역,KMA
1097,2016-08-16 04:50:05,3.4,ML,11.1,38.144,130.356,강원 삼척시 북동쪽 130km 해역,KMA
1098,2016-08-16 18:58:48,1.7,ML,21.3,37.389,130.559,경상북도 울진군 동북동쪽 112km 해역,KMA
1099,2016-08-19 19:45:18,2.6,ML,10.0,35.352,128.221,경남 진주시 북북동쪽 22km 지역,KMA
1100,2016-08-23 02:09:40,2.0,ML,7.5,37.601,128.195,강원 원주시 북동쪽 38km 지역,KMA
1101,2016-08-23 14:01:58,2.3,ML,10.0,35.295,129.236,부산 기장군 북북동쪽 6km 지역,KMA
1102,2016-08-23 21:00:20,1.6,ML,13.6,36.069,125.021,충남 태안군 서남서쪽 136km 해역,KMA
1103,2016-08-26 07:00:19,1.7,ML,15.6,36.06,128.889,경북 경주시 북서쪽 38km 지역,KMA
1104,2016-08-28 00:58:52,2.4,ML,23.2,32.923,125.692,제주 서귀포시 서남서쪽 89km 해역,KMA
1105,2016-09-05 12:13:17,1.9,ML,14.0,34.152,127.422,전남 여수시 남남서쪽 71km 해역,KMA
1106,2016-09-06 11:15:36,2.1,ML,0.9,37.368,128.052,강원도 원주시 동북동쪽 12km 지역,KMA
1107,2016-09-09 00:49:51,2.8,ML,25.5,36.114,126.955,전북 전주시 북북서쪽 37km 지역,KMA
1108,2016-09-10 04:54:20,1.6,ML,22.5,35.875,125.819,전북 부안군 서쪽 84km 해역,KMA
1109,2016-09-10 14:05:06,2.3,ML,11.6,35.502,129.352,울산 울주군 남동쪽 12km 지역,KMA
1110,2016-09-12 19:44:32,5.1,ML,13.0,35.769,129.19,경북 경주시 남남서쪽 10km 지역,KMA
1111,2016-09-12 20:32:54,5.8,ML,15.0,35.765,129.188,경북 경주시 남남서쪽 11km 지역,KMA
1112,2016-09-12 20:36:41,2.4,ML,15.0,35.764,129.173,경북 경주시 남남서쪽 11km 지역,KMA
1113,2016-09-12 20:41:54,3.2,ML,11.6,35.743,129.189,경북 경주시 남남서쪽 13km 지역,KMA
1114,2016-09-12 20:42:07,2.9,ML,15.8,35.767,129.189,경북 경주시 남남서쪽 10km 지역,KMA
1115,2016-09-12 20:43:02,3.1,ML,14.6,35.753,129.186,경북 경주시 남남서쪽 12km 지역,KMA
1116,2016-09-12 20:54:12,2.8,ML,13.2,35.76,129.186,경북 경주시 남남서쪽 11km 지역,KMA
1117,2016-09-12 20:55:37,2.7,ML,11.3,35.76,129.192,경북 경주시 남남서쪽 11km 지역,KMA
1118,2016-09-12 20:57:13,2.6,ML,16.4,35.773,129.198,경북 경주시 남남서쪽 10km 지역,KMA
1119,2016-09-12 21:22:59,2.6,ML,12.2,35.747,129.185,경북 경주시 남남서쪽 13km 지역,KMA
1120,2016-09-12 21:25:22,2.6,ML,13.0,35.757,129.213,경북 경주시 남쪽 11km 지역,KMA
1121,2016-09-12 21:28:46,2.8,ML,13.4,35.749,129.189,경북 경주시 남남서쪽 12km 지역,KMA
1122,2016-09-12 21:31:03,3.1,ML,16.3,35.779,129.204,경북 경주시 남남서쪽 9km 지역,KMA
1123,2016-09-12 21:38:34,3.2,ML,14.5,35.754,129.184,경북 경주시 남남서쪽 12km 지역,KMA
1124,2016-09-12 21:41:07,3.3,ML,12.1,35.762,129.194,경북 경주시 남남서쪽 11km 지역,KMA
1125,2016-09-12 21:44:00,2.7,ML,13.8,35.779,129.177,경북 경주시 남남서쪽 10km 지역,KMA
1126,2016-09-12 21:46:31,2.6,ML,12.0,35.758,129.196,경북 경주시 남남서쪽 11km 지역,KMA
1127,2016-09-12 22:07:00,2.8,ML,18.0,35.765,129.173,경상북도 경주시 남남서쪽 11km 지역,KMA
1128,2016-09-12 22:20:19,3.2,ML,13.3,35.77,129.164,경상북도 경주시 남남서쪽 11km 지역,KMA
1129,2016-09-12 22:32:48,2.7,ML,13.6,35.768,129.187,경북 경주시 남남서쪽 10km 지역,KMA
1130,2016-09-12 22:39:22,2.4,ML,17.6,35.76,129.177,경북 경주시 남남서쪽 11km 지역,KMA
1131,2016-09-12 22:42:43,2.4,ML,17.6,35.765,129.192,경북 경주시 남남서쪽 11km 지역,KMA
1132,2016-09-12 22:47:40,2.5,ML,14.5,35.747,129.187,경북 경주시 남남서쪽 13km 지역,KMA
1133,2016-09-12 23:16:18,2.2,ML,15.4,35.781,129.183,경북 경주시 남남서쪽 9km 지역,KMA
1134,2016-09-12 23:19:31,2.5,ML,16.3,35.76,129.187,경북 경주시 남남서쪽 11km 지역,KMA
1135,2016-09-12 23:22:56,2.3,ML,15.5,35.741,129.191,경북 경주시 남남서쪽 13km 지역,KMA
1136,2016-09-12 23:24:43,2.2,ML,11.1,35.75,129.173,경북 경주시 남남서쪽 13km 지역,KMA
1137,2016-09-12 23:27:50,2.4,ML,13.6,35.753,129.179,경상북도 경주시 남남서쪽 12km 지역,KMA
1138,2016-09-13 00:00:28,2.5,ML,14.8,35.751,129.177,경북 경주시 남남서쪽 12km 지역,KMA
1139,2016-09-13 00:06:01,2.4,ML,14.9,35.766,129.18,경북 경주시 남남서쪽 11km 지역,KMA
1140,2016-09-13 00:13:42,2.3,ML,16.9,35.759,129.167,경북 경주시 남남서쪽 12km 지역,KMA
1141,2016-09-13 00:30:56,2.3,ML,13.3,35.748,129.178,경북 경주시 남남서쪽 13km 지역,KMA
1142,2016-09-13 00:34:53,2.8,ML,11.4,35.747,129.193,경북 경주시 남남서쪽 12km 지역,KMA
1143,2016-09-13 00:43:53,2.3,ML,16.6,35.737,129.189,경북 경주시 남남서쪽 14km 지역,KMA
1144,2016-09-13 01:18:19,2.6,ML,15.1,35.759,129.173,경북 경주시 남남서쪽 12km 지역,KMA
1145,2016-09-13 01:24:54,2.1,ML,18.0,35.783,129.162,경북 경주시 남서쪽 10km 지역,KMA
1146,2016-09-13 01:52:04,2.1,ML,14.2,35.764,129.176,경북 경주시 남남서쪽 11km 지역,KMA
1147,2016-09-13 02:40:55,2.4,ML,11.7,35.749,129.199,경북 경주시 남쪽 12km 지역,KMA
1148,2016-09-13 02:43:35,2.8,ML,17.3,35.755,129.189,경북 경주시 남남서쪽 12km 지역,KMA
1149,2016-09-13 02:57:36,2.5,ML,8.9,35.748,129.194,경북 경주시 남남서쪽 12km 지역,KMA
1150,2016-09-13 03:21:09,2.0,ML,12.8,35.743,129.205,경상북도 경주시 남쪽 13km 지역,KMA
1151,2016-09-13 03:21:18,2.1,ML,12.2,35.764,129.198,경북 경주시 남남서쪽 10km 지역,KMA
1152,2016-09-13 03:31:15,2.2,ML,12.6,35.763,129.163,경북 경주시 남남서쪽 12km 지역,KMA
1153,2016-09-13 03:56:42,2.2,ML,14.3,35.768,129.177,경북 경주시 남남서쪽 11km 지역,KMA
1154,2016-09-13 05:15:43,2.6,ML,15.6,35.761,129.209,경북 경주시 남쪽 11km 지역,KMA
1155,2016-09-13 05:36:03,2.3,ML,15.4,35.786,129.196,경북 경주시 남남서쪽 8km 지역,KMA
1156,2016-09-13 05:49:41,1.9,ML,13.7,35.75,129.177,경북 경주시 남남서쪽 13km 지역,KMA
1157,2016-09-13 06:41:28,1.9,ML,9.9,35.772,129.162,경북 경주시 남남서쪽 11km 지역,KMA
1158,2016-09-13 07:33:46,2.9,ML,13.4,35.767,129.213,경북 경주시 남쪽 10km 지역,KMA
1159,2016-09-13 07:39:58,2.0,ML,16.3,35.747,129.18,경북 경주시 남남서쪽 13km 지역,KMA
1160,2016-09-13 07:50:00,2.6,ML,11.5,35.762,129.179,경북 경주시 남남서쪽 11km 지역,KMA
1161,2016-09-13 08:07:31,2.2,ML,10.3,35.774,129.186,경북 경주시 남남서쪽 10km 지역,KMA
1162,2016-09-13 08:14:30,2.4,ML,16.1,35.744,129.209,경북 경주시 남쪽 13km 지역,KMA
1163,2016-09-13 08:16:19,2.0,ML,12.1,35.764,129.193,경북 경주시 남남서쪽 11km 지역,KMA
1164,2016-09-13 08:53:42,2.9,ML,10.5,35.76,129.184,경북 경주시 남남서쪽 11km 지역,KMA
1165,2016-09-13 09:16:39,2.0,ML,15.4,35.743,129.192,경북 경주시 남남서쪽 13km 지역,KMA
1166,2016-09-13 09:31:59,2.6,ML,14.7,35.754,129.184,경북 경주시 남남서쪽 12km 지역,KMA
1167,2016-09-13 10:15:18,2.9,ML,13.7,35.757,129.184,경상북도 경주시 남남서쪽 12km 지역,KMA
1168,2016-09-13 10:40:23,2.1,ML,14.9,35.79,129.173,경북 경주시 남남서쪽 9km 지역,KMA
1169,2016-09-13 10:46:58,3.0,ML,14.3,35.755,129.166,경북 경주시 남남서쪽 12km 지역,KMA
1170,2016-09-13 11:14:44,2.0,ML,11.3,35.752,129.175,경북 경주시 남남서쪽 12km 지역,KMA
1171,2016-09-13 12:35:00,3.2,ML,18.0,35.761,129.196,경북 경주시 남남서쪽 11km 지역,KMA
1172,2016-09-13 12:58:04,2.0,ML,15.3,35.767,129.187,경북 경주시 남남서쪽 10km 지역,KMA
1173,2016-09-13 13:05:55,2.3,ML,14.3,35.744,129.19,경북 경주시 남남서쪽 13km 지역,KMA
1174,2016-09-13 13:16:09,2.3,ML,15.0,35.776,129.184,경북 경주시 남남서쪽 10km 지역,KMA
1175,2016-09-13 13:25:43,4.1,ML,11.9,35.77,129.198,경북 경주시 남남서쪽 10km 지역,KMA
1176,2016-09-13 13:47:12,1.9,ML,16.3,35.752,129.193,경북 경주시 남남서쪽 12km 지역,KMA
1177,2016-09-13 14:00:30,1.9,ML,13.0,35.744,129.185,경상북도 경주시 남남서쪽 13km 지역,KMA
1178,2016-09-13 14:40:35,2.1,ML,14.5,35.742,129.187,경상북도 경주시 남남서쪽 13km 지역,KMA
1179,2016-09-13 14:54:53,1.8,ML,8.0,35.754,129.188,경북 경주시 남남서쪽 12km 지역,KMA
1180,2016-09-13 15:00:49,2.4,ML,9.5,35.747,129.198,경북 경주시 남남서쪽 12km 지역,KMA
1181,2016-09-13 15:17:50,2.3,ML,13.0,35.748,129.171,경북 경주시 남남서쪽 13km 지역,KMA
1182,2016-09-13 15:18:04,2.0,ML,13.7,35.747,129.181,경북 경주시 남남서쪽 13km 지역,KMA
1183,2016-09-13 15:25:51,1.8,ML,12.3,35.75,129.196,경북 경주시 남남서쪽 12km 지역,KMA
1184,2016-09-13 15:30:29,2.0,ML,17.3,35.753,129.197,경북 경주시 남남서쪽 12km 지역,KMA
1185,2016-09-13 16:02:27,3.1,ML,16.9,35.753,129.181,경북 경주시 남남서쪽 12km 지역,KMA
1186,2016-09-13 16:08:11,1.8,ML,16.3,35.756,129.175,경북 경주시 남남서쪽 12km 지역,KMA
1187,2016-09-13 16:16:45,2.3,ML,13.8,35.743,129.167,경북 경주시 남남서쪽 14km 지역,KMA
1188,2016-09-13 16:41:33,1.8,ML,15.3,35.753,129.179,경상북도 경주시 남남서쪽 12km 지역,KMA
1189,2016-09-13 17:08:59,1.8,ML,12.0,35.746,129.168,경북 경주시 남남서쪽 13km 지역,KMA
1190,2016-09-13 17:17:59,1.8,ML,12.7,35.765,129.162,경북 경주시 남남서쪽 12km 지역,KMA
1191,2016-09-13 17:37:45,1.8,ML,11.2,35.776,129.163,경북 경주시 남남서쪽 10km 지역,KMA
1192,2016-09-13 17:53:11,2.1,ML,14.0,35.764,129.182,경상북도 경주시 남남서쪽 11km 지역,KMA
1193,2016-09-13 19:10:36,2.4,ML,14.9,35.76,129.195,경북 경주시 남남서쪽 11km 지역,KMA
1194,2016-09-13 19:24:05,2.1,ML,12.7,35.763,129.182,경북 경주시 남남서쪽 11km 지역,KMA
1195,2016-09-13 19:27:26,2.5,ML,12.8,35.763,129.193,경북 경주시 남남서쪽 11km 지역,KMA
1196,2016-09-13 19:32:32,1.7,ML,16.5,35.778,129.209,경북 경주시 남쪽 9km 지역,KMA
1197,2016-09-13 19:33:55,2.5,ML,10.3,35.767,129.195,경북 경주시 남남서쪽 10km 지역,KMA
1198,2016-09-13 19:43:50,3.2,ML,10.2,35.766,129.195,경북 경주시 남남서쪽 10km 지역,KMA
1199,2016-09-13 20:52:11,3.2,ML,13.0,35.783,129.209,경북 경주시 남쪽 8km 지역,KMA
1200,2016-09-13 20:57:21,1.9,ML,13.5,35.776,129.203,경북 경주시 남남서쪽 9km 지역,KMA
1201,2016-09-13 21:10:33,1.5,ML,15.3,35.752,129.194,경북 경주시 남남서쪽 12km 지역,KMA
1202,2016-09-13 21:41:34,2.0,ML,13.6,35.775,129.195,경북 경주시 남남서쪽 9km 지역,KMA
1203,2016-09-13 22:29:17,2.5,ML,16.4,35.752,129.176,경북 경주시 남남서쪽 12km 지역,KMA
1204,2016-09-13 22:43:28,2.1,ML,12.2,35.745,129.19,경북 경주시 남남서쪽 13km 지역,KMA
1205,2016-09-13 22:54:22,2.3,ML,14.3,35.75,129.19,경북 경주시 남남서쪽 12km 지역,KMA
1206,2016-09-13 23:09:34,2.4,ML,13.0,35.762,129.201,경북 경주시 남남서쪽 11km 지역,KMA
1207,2016-09-13 23:33:29,2.2,ML,9.9,35.768,129.206,경북 경주시 남쪽 10km 지역,KMA
1208,2016-09-13 23:35:50,2.0,ML,17.3,35.764,129.162,경북 경주시 남남서쪽 12km 지역,KMA
1209,2016-09-14 00:34:22,2.1,ML,16.7,35.748,129.174,경북 경주시 남남서쪽 13km 지역,KMA
1210,2016-09-14 00:40:48,2.2,ML,16.1,35.738,129.191,경북 경주시 남남서쪽 13km 지역,KMA
1211,2016-09-14 00:55:12,2.5,ML,14.4,35.765,129.204,경북 경주시 남쪽 10km 지역,KMA
1212,2016-09-14 01:33:09,1.8,ML,10.8,35.751,129.197,경북 경주시 남남서쪽 12km 지역,KMA
1213,2016-09-14 01:46:00,1.8,ML,13.5,35.755,129.171,경북 경주시 남남서쪽 12km 지역,KMA
1214,2016-09-14 01:47:40,2.1,ML,12.0,35.767,129.172,경북 경주시 남남서쪽 11km 지역,KMA
1215,2016-09-14 02:04:05,1.5,ML,10.7,35.765,129.168,경북 경주시 남남서쪽 11km 지역,KMA
1216,2016-09-14 02:10:41,1.9,ML,14.3,35.755,129.2,경북 경주시 남남서쪽 11km 지역,KMA
1217,2016-09-14 03:19:22,2.3,ML,12.4,35.773,129.187,경북 경주시 남남서쪽 10km 지역,KMA
1218,2016-09-14 03:22:47,1.7,ML,11.6,35.767,129.181,경북 경주시 남남서쪽 11km 지역,KMA
1219,2016-09-14 04:39:19,1.6,ML,16.0,35.761,129.164,경북 경주시 남남서쪽 12km 지역,KMA
1220,2016-09-14 04:58:12,1.8,ML,15.3,35.769,129.187,경북 경주시 남남서쪽 10km 지역,KMA
1221,2016-09-14 05:14:01,1.7,ML,17.1,35.755,129.177,경북 경주시 남남서쪽 12km 지역,KMA
1222,2016-09-14 06:13:04,2.0,ML,12.3,35.737,129.188,경북 경주시 남남서쪽 14km 지역,KMA
1223,2016-09-14 06:34:14,1.5,ML,14.7,35.787,129.184,경북 경주시 남남서쪽 9km 지역,KMA
1224,2016-09-14 06:52:04,1.5,ML,12.5,35.758,129.176,경북 경주시 남남서쪽 12km 지역,KMA
1225,2016-09-14 07:05:18,1.7,ML,13.0,35.753,129.185,경북 경주시 남남서쪽 12km 지역,KMA
1226,2016-09-14 07:07:13,1.5,ML,12.4,35.768,129.166,경북 경주시 남남서쪽 11km 지역,KMA
1227,2016-09-14 08:17:05,2.4,ML,12.1,35.748,129.184,경북 경주시 남남서쪽 13km 지역,KMA
1228,2016-09-14 08:20:07,2.2,ML,14.5,35.749,129.207,경상북도 경주시 남쪽 12km 지역,KMA
1229,2016-09-14 09:16:37,1.9,ML,16.4,35.751,129.17,경북 경주시 남남서쪽 13km 지역,KMA
1230,2016-09-14 10:56:14,2.8,ML,13.6,35.774,129.172,경북 경주시 남남서쪽 10km 지역,KMA
1231,2016-09-14 11:00:24,2.0,ML,15.4,35.765,129.174,경북 경주시 남남서쪽 11km 지역,KMA
1232,2016-09-14 11:26:47,1.8,ML,14.5,35.746,129.193,경북 경주시 남남서쪽 13km 지역,KMA
1233,2016-09-14 11:33:22,1.6,ML,15.0,35.746,129.197,경북 경주시 남남서쪽 12km 지역,KMA
1234,2016-09-14 11:51:59,2.4,ML,13.6,35.772,129.181,경북 경주시 남남서쪽 10km 지역,KMA
1235,2016-09-14 12:02:44,2.1,ML,15.2,35.76,129.202,경북 경주시 남쪽 11km 지역,KMA
1236,2016-09-14 13:23:47,1.9,ML,12.7,35.786,129.177,경북 경주시 남남서쪽 9km 지역,KMA
1237,2016-09-14 14:02:08,1.4,ML,15.6,35.769,129.18,경북 경주시 남남서쪽 10km 지역,KMA
1238,2016-09-14 14:29:07,1.7,ML,14.8,35.773,129.167,경북 경주시 남남서쪽 11km 지역,KMA
1239,2016-09-14 14:29:57,2.2,ML,12.2,35.751,129.192,경북 경주시 남남서쪽 12km 지역,KMA
1240,2016-09-14 14:42:26,1.9,ML,10.9,35.753,129.188,경북 경주시 남남서쪽 12km 지역,KMA
1241,2016-09-14 16:27:36,1.8,ML,14.4,35.77,129.18,경북 경주시 남남서쪽 10km 지역,KMA
1242,2016-09-14 16:36:22,1.5,ML,10.6,35.758,129.18,경북 경주시 남남서쪽 12km 지역,KMA
1243,2016-09-14 16:42:59,1.5,ML,12.8,35.751,129.184,경북 경주시 남남서쪽 12km 지역,KMA
1244,2016-09-14 16:56:31,2.1,ML,9.3,35.758,129.2,경북 경주시 남남서쪽 11km 지역,KMA
1245,2016-09-14 17:14:32,1.8,ML,14.5,35.775,129.181,경북 경주시 남남서쪽 10km 지역,KMA
1246,2016-09-14 17:15:11,1.7,ML,14.5,35.756,129.184,경북 경주시 남남서쪽 12km 지역,KMA
1247,2016-09-14 17:27:11,2.0,ML,13.6,35.749,129.203,경북 경주시 남쪽 12km 지역,KMA
1248,2016-09-14 17:36:56,1.8,ML,13.2,35.764,129.194,경북 경주시 남남서쪽 11km 지역,KMA
1249,2016-09-14 18:08:09,2.3,ML,11.6,35.764,129.196,경북 경주시 남남서쪽 11km 지역,KMA
1250,2016-09-14 18:48:40,1.7,ML,15.8,35.783,129.198,경북 경주시 남남서쪽 8km 지역,KMA
1251,2016-09-14 19:08:59,2.0,ML,11.8,35.758,129.184,경북 경주시 남남서쪽 11km 지역,KMA
1252,2016-09-14 21:30:12,1.8,ML,13.3,35.754,129.202,경북 경주시 남쪽 12km 지역,KMA
1253,2016-09-14 21:45:08,1.7,ML,12.2,35.75,129.181,경북 경주시 남남서쪽 12km 지역,KMA
1254,2016-09-15 00:00:31,3.4,ML,10.4,35.771,129.19,경북 경주시 남남서쪽 10km 지역,KMA
1255,2016-09-15 00:16:46,1.5,ML,17.0,35.764,129.19,경북 경주시 남남서쪽 11km 지역,KMA
1256,2016-09-15 00:31:30,1.8,ML,12.4,35.755,129.158,경북 경주시 남남서쪽 13km 지역,KMA
1257,2016-09-15 00:41:26,2.4,ML,13.9,35.783,129.198,경북 경주시 남남서쪽 8km 지역,KMA
1258,2016-09-15 00:51:43,2.1,ML,12.4,35.761,129.183,경북 경주시 남남서쪽 11km 지역,KMA
1259,2016-09-15 01:38:26,1.7,ML,13.7,35.754,129.196,경북 경주시 남남서쪽 12km 지역,KMA
1260,2016-09-15 01:38:50,2.0,ML,16.1,35.758,129.179,경북 경주시 남남서쪽 12km 지역,KMA
1261,2016-09-15 04:13:40,1.5,ML,15.7,35.768,129.166,경북 경주시 남남서쪽 11km 지역,KMA
1262,2016-09-15 04:17:29,2.0,ML,14.4,35.755,129.168,경북 경주시 남남서쪽 12km 지역,KMA
1263,2016-09-15 04:43:01,1.8,ML,12.9,35.756,129.19,경북 경주시 남남서쪽 12km 지역,KMA
1264,2016-09-15 04:46:18,1.9,ML,12.6,35.756,129.195,경북 경주시 남남서쪽 11km 지역,KMA
1265,2016-09-15 06:41:33,1.5,ML,14.0,35.773,129.175,경상북도 경주시 남남서쪽 10km 지역,KMA
1266,2016-09-15 07:30:09,1.8,ML,14.7,35.767,129.178,경북 경주시 남남서쪽 11km 지역,KMA
1267,2016-09-15 09:18:28,2.1,ML,12.1,35.772,129.184,경북 경주시 남남서쪽 10km 지역,KMA
1268,2016-09-15 09:59:52,1.7,ML,13.5,35.768,129.18,경북 경주시 남남서쪽 11km 지역,KMA
1269,2016-09-15 10:19:04,1.7,ML,13.7,35.749,129.189,경북 경주시 남남서쪽 12km 지역,KMA
1270,2016-09-15 10:51:55,1.8,ML,14.7,35.761,129.188,경북 경주시 남남서쪽 11km 지역,KMA
1271,2016-09-15 12:14:33,1.7,ML,14.1,35.765,129.165,경북 경주시 남남서쪽 11km 지역,KMA
1272,2016-09-15 12:19:30,1.8,ML,13.9,35.742,129.188,경북 경주시 남남서쪽 13km 지역,KMA
1273,2016-09-15 14:24:43,2.0,ML,15.1,35.76,129.167,경북 경주시 남남서쪽 12km 지역,KMA
1274,2016-09-15 15:07:28,2.5,ML,12.1,35.756,129.199,경북 경주시 남남서쪽 11km 지역,KMA
1275,2016-09-15 15:45:33,2.3,ML,13.9,35.765,129.185,경북 경주시 남남서쪽 11km 지역,KMA
1276,2016-09-15 15:46:47,1.6,ML,14.2,35.757,129.203,경북 경주시 남쪽 11km 지역,KMA
1277,2016-09-15 17:03:40,1.8,ML,10.1,35.755,129.195,경북 경주시 남남서쪽 12km 지역,KMA
1278,2016-09-15 17:06:25,1.9,ML,13.9,35.74,129.169,경북 경주시 남남서쪽 14km 지역,KMA
1279,2016-09-15 19:24:04,1.7,ML,15.0,35.75,129.184,경북 경주시 남남서쪽 12km 지역,KMA
1280,2016-09-15 19:33:12,2.1,ML,15.9,35.746,129.188,경북 경주시 남남서쪽 13km 지역,KMA
1281,2016-09-15 20:30:32,1.7,ML,13.6,35.752,129.184,경북 경주시 남남서쪽 12km 지역,KMA
1282,2016-09-15 20:41:47,1.7,ML,11.7,35.768,129.169,경북 경주시 남남서쪽 11km 지역,KMA
1283,2016-09-15 21:28:34,1.5,ML,13.3,35.768,129.162,경북 경주시 남남서쪽 11km 지역,KMA
1284,2016-09-15 22:48:06,1.6,ML,13.1,35.763,129.189,경상북도 경주시 남남서쪽 11km 지역,KMA
1285,2016-09-15 22:58:39,1.8,ML,16.8,35.775,129.167,경북 경주시 남남서쪽 10km 지역,KMA
1286,2016-09-15 23:20:38,2.2,ML,8.2,35.749,129.161,경북 경주시 남남서쪽 13km 지역,KMA
1287,2016-09-15 23:23:45,1.5,ML,13.0,35.762,129.196,경북 경주시 남남서쪽 11km 지역,KMA
1288,2016-09-16 01:06:18,1.5,ML,15.5,35.762,129.166,경북 경주시 남남서쪽 12km 지역,KMA
1289,2016-09-16 03:14:01,2.2,ML,12.4,35.75,129.191,경북 경주시 남남서쪽 12km 지역,KMA
1290,2016-09-16 04:02:05,1.8,ML,13.7,35.741,129.176,경북 경주시 남남서쪽 14km 지역,KMA
1291,2016-09-16 04:37:54,1.9,ML,14.7,35.748,129.209,경북 경주시 남쪽 12km 지역,KMA
1292,2016-09-16 06:17:04,1.4,ML,14.5,35.76,129.167,경북 경주시 남남서쪽 12km 지역,KMA
1293,2016-09-16 06:19:26,1.8,ML,16.3,35.771,129.178,경북 경주시 남남서쪽 10km 지역,KMA
1294,2016-09-16 07:50:21,2.3,ML,11.6,35.76,129.185,경북 경주시 남남서쪽 11km 지역,KMA
1295,2016-09-16 08:09:13,1.6,ML,14.8,35.771,129.166,경상북도 경주시 남남서쪽 11km 지역,KMA
1296,2016-09-16 08:21:06,2.0,ML,14.3,35.758,129.176,경북 경주시 남남서쪽 12km 지역,KMA
1297,2016-09-16 09:06:40,2.1,ML,2.8,36.684,128.524,경북 안동시 북서쪽 22km 지역,KMA
1298,2016-09-16 09:15:43,3.4,ML,11.2,35.755,129.179,경북 경주시 남남서쪽 12km 지역,KMA
1299,2016-09-16 09:21:00,1.8,ML,13.3,35.752,129.202,경북 경주시 남쪽 12km 지역,KMA
1300,2016-09-16 09:37:42,1.8,ML,10.4,35.762,129.191,경북 경주시 남남서쪽 11km 지역,KMA
1301,2016-09-16 09:54:36,2.2,ML,10.0,36.771,124.907,충청남도 태안군 서쪽 124km 해역,KMA
1302,2016-09-16 10:11:26,2.3,ML,15.6,35.769,129.197,경북 경주시 남남서쪽 10km 지역,KMA
1303,2016-09-16 10:55:36,1.6,ML,15.6,35.752,129.206,경북 경주시 남쪽 12km 지역,KMA
1304,2016-09-16 13:50:03,2.8,ML,12.1,35.779,129.179,경북 경주시 남남서쪽 9km 지역,KMA
1305,2016-09-16 15:25:42,1.8,ML,15.0,35.757,129.188,경북 경주시 남남서쪽 11km 지역,KMA
1306,2016-09-16 16:14:39,2.4,ML,37.0,35.894,129.619,경북 포항시 동남동쪽 28km 해역,KMA
1307,2016-09-16 16:53:19,1.8,ML,12.7,35.773,129.185,경북 경주시 남남서쪽 10km 지역,KMA
1308,2016-09-16 18:40:08,1.9,ML,13.8,35.756,129.167,경북 경주시 남남서쪽 12km 지역,KMA
1309,2016-09-16 18:40:28,2.2,ML,13.0,35.768,129.158,경북 경주시 남남서쪽 11km 지역,KMA
1310,2016-09-16 19:32:12,1.8,ML,18.0,35.773,129.191,경북 경주시 남남서쪽 10km 지역,KMA
1311,2016-09-16 21:09:57,1.6,ML,14.2,35.755,129.198,경북 경주시 남남서쪽 11km 지역,KMA
1312,2016-09-16 21:51:01,1.6,ML,13.3,35.767,129.191,경북 경주시 남남서쪽 10km 지역,KMA
1313,2016-09-16 22:24:15,1.6,ML,12.1,35.768,129.196,경북 경주시 남남서쪽 10km 지역,KMA
1314,2016-09-16 23:34:14,2.2,ML,13.9,35.754,129.186,경북 경주시 남남서쪽 12km 지역,KMA
1315,2016-09-17 00:48:37,1.6,ML,13.3,35.783,129.195,경북 경주시 남남서쪽 9km 지역,KMA
1316,2016-09-17 01:03:04,1.7,ML,11.3,35.744,129.166,경북 경주시 남남서쪽 14km 지역,KMA
1317,2016-09-17 03:47:17,1.7,ML,14.1,35.75,129.193,경북 경주시 남남서쪽 12km 지역,KMA
1318,2016-09-17 03:52:16,1.7,ML,13.2,35.77,129.173,경북 경주시 남남서쪽 11km 지역,KMA
1319,2016-09-17 04:17:48,1.6,ML,14.2,35.743,129.175,경북 경주시 남남서쪽 13km 지역,KMA
1320,2016-09-17 04:23:06,3.6,ML,15.1,35.782,129.18,경북 경주시 남남서쪽 9km 지역,KMA
1321,2016-09-17 04:43:45,2.3,ML,15.0,35.753,129.195,경북 경주시 남남서쪽 12km 지역,KMA
1322,2016-09-17 05:41:33,2.0,ML,12.0,35.747,129.17,경북 경주시 남남서쪽 13km 지역,KMA
1323,2016-09-17 06:10:16,1.9,ML,12.1,35.77,129.167,경북 경주시 남남서쪽 11km 지역,KMA
1324,2016-09-17 06:24:26,2.0,ML,14.3,35.756,129.209,경북 경주시 남쪽 11km 지역,KMA
1325,2016-09-17 09:34:40,1.8,ML,17.0,35.755,129.192,경북 경주시 남남서쪽 12km 지역,KMA
1326,2016-09-17 18:21:14,2.2,ML,16.7,35.757,129.191,경북 경주시 남남서쪽 11km 지역,KMA
1327,2016-09-17 18:56:47,1.6,ML,14.6,35.764,129.183,경북 경주시 남남서쪽 11km 지역,KMA
1328,2016-09-17 20:02:09,1.6,ML,15.7,35.765,129.182,경북 경주시 남남서쪽 11km 지역,KMA
1329,2016-09-17 20:30:31,2.0,ML,10.5,35.765,129.182,경북 경주시 남남서쪽 11km 지역,KMA
1330,2016-09-17 21:44:29,2.4,ML,14.0,35.75,129.195,경북 경주시 남남서쪽 12km 지역,KMA
1331,2016-09-17 22:41:07,1.6,ML,11.6,35.772,129.194,경북 경주시 남남서쪽 10km 지역,KMA
1332,2016-09-18 03:57:06,1.7,ML,13.8,35.768,129.196,경상북도 경주시 남남서쪽 10km 지역,KMA
1333,2016-09-18 04:46:29,2.2,ML,14.5,35.759,129.164,경북 경주시 남남서쪽 12km 지역,KMA
1334,2016-09-18 05:57:28,1.5,ML,12.4,35.75,129.195,경북 경주시 남남서쪽 12km 지역,KMA
1335,2016-09-18 05:59:53,2.3,ML,9.1,35.765,129.177,경북 경주시 남남서쪽 11km 지역,KMA
1336,2016-09-18 08:28:04,1.5,ML,15.0,35.776,129.185,경북 경주시 남남서쪽 10km 지역,KMA
1337,2016-09-18 09:31:33,2.1,ML,13.8,35.779,129.203,경북 경주시 남남서쪽 9km 지역,KMA
1338,2016-09-18 14:15:16,1.4,ML,13.6,35.768,129.191,경북 경주시 남남서쪽 10km 지역,KMA
1339,2016-09-18 16:03:05,1.6,ML,10.4,35.775,129.164,경북 경주시 남남서쪽 11km 지역,KMA
1340,2016-09-18 17:24:18,1.8,ML,12.5,35.767,129.19,경북 경주시 남남서쪽 10km 지역,KMA
1341,2016-09-18 17:57:00,1.9,ML,11.8,35.776,129.189,경상북도 경주시 남남서쪽 9km 지역,KMA
1342,2016-09-18 19:37:19,2.1,ML,14.6,35.778,129.164,경북 경주시 남남서쪽 10km 지역,KMA
1343,2016-09-18 22:21:31,1.6,ML,14.0,35.766,129.194,경북 경주시 남남서쪽 10km 지역,KMA
1344,2016-09-18 23:10:43,1.6,ML,14.9,35.755,129.175,경북 경주시 남남서쪽 12km 지역,KMA
1345,2016-09-18 23:58:59,1.6,ML,14.5,35.765,129.176,경북 경주시 남남서쪽 11km 지역,KMA
1346,2016-09-19 00:05:16,2.7,ML,10.5,35.766,129.182,경상북도 경주시 남남서쪽 11km 지역,KMA
1347,2016-09-19 12:06:06,2.3,ML,15.6,35.757,129.186,경북 경주시 남남서쪽 12km 지역,KMA
1348,2016-09-19 15:18:08,1.9,ML,15.2,35.745,129.166,경북 경주시 남남서쪽 13km 지역,KMA
1349,2016-09-19 15:21:15,1.9,ML,11.8,35.772,129.223,경북 경주시 남쪽 9km 지역,KMA
1350,2016-09-19 16:14:39,1.3,ML,12.1,35.758,129.18,경북 경주시 남남서쪽 12km 지역,KMA
1351,2016-09-19 16:26:14,1.8,ML,15.9,35.758,129.188,경북 경주시 남남서쪽 11km 지역,KMA
1352,2016-09-19 17:24:21,1.9,ML,10.5,35.742,129.194,경북 경주시 남남서쪽 13km 지역,KMA
1353,2016-09-19 17:38:24,2.0,ML,13.2,35.778,129.181,경북 경주시 남남서쪽 10km 지역,KMA
1354,2016-09-19 18:58:51,1.5,ML,12.6,35.757,129.194,경북 경주시 남남서쪽 11km 지역,KMA
1355,2016-09-19 18:59:28,1.8,ML,15.7,35.759,129.173,경상북도 경주시 남남서쪽 12km 지역,KMA
1356,2016-09-19 19:07:26,1.9,ML,12.1,35.758,129.162,경북 경주시 남남서쪽 12km 지역,KMA
1357,2016-09-19 20:33:58,4.5,ML,14.0,35.744,129.176,경북 경주시 남남서쪽 13km 지역,KMA
1358,2016-09-19 20:58:07,2.6,ML,13.6,35.767,129.187,경북 경주시 남남서쪽 10km 지역,KMA
1359,2016-09-19 21:12:15,1.5,ML,12.7,35.772,129.157,경북 경주시 남남서쪽 11km 지역,KMA
1360,2016-09-19 22:02:08,1.5,ML,12.4,35.763,129.195,경북 경주시 남남서쪽 11km 지역,KMA
1361,2016-09-20 00:46:20,1.6,ML,17.5,35.765,129.17,경북 경주시 남남서쪽 11km 지역,KMA
1362,2016-09-20 09:27:07,1.7,ML,17.3,35.77,129.195,경북 경주시 남남서쪽 10km 지역,KMA
1363,2016-09-20 12:44:42,1.8,ML,13.7,35.782,129.189,경북 경주시 남남서쪽 9km 지역,KMA
1364,2016-09-20 12:54:40,1.8,ML,14.7,36.381,128.364,경북 상주시 동쪽 19km 지역,KMA
1365,2016-09-20 13:56:31,2.1,ML,14.5,35.78,129.186,경북 경주시 남남서쪽 9km 지역,KMA
1366,2016-09-20 22:12:28,1.8,ML,11.3,35.745,129.176,경북 경주시 남남서쪽 13km 지역,KMA
1367,2016-09-21 00:00:37,1.5,ML,12.5,35.741,129.179,경북 경주시 남남서쪽 13km 지역,KMA
1368,2016-09-21 03:12:06,2.0,ML,7.4,36.566,127.583,충북 청주시 남동쪽 12km 지역,KMA
1369,2016-09-21 03:35:18,2.3,ML,16.4,35.756,129.174,경북 경주시 남남서쪽 12km 지역,KMA
1370,2016-09-21 11:24:04,2.4,ML,14.4,35.77,129.178,경북 경주시 남남서쪽 10km 지역,KMA
1371,2016-09-21 12:13:28,3.5,ML,14.7,35.751,129.197,경북 경주시 남남서쪽 12km 지역,KMA
1372,2016-09-21 14:02:33,1.8,ML,10.0,36.511,130.582,경북 영덕군 동쪽 109km 해역,KMA
1373,2016-09-21 14:58:59,1.6,ML,13.8,35.771,129.182,경북 경주시 남남서쪽 10km 지역,KMA
1374,2016-09-21 15:49:51,1.3,ML,12.7,35.761,129.164,경북 경주시 남남서쪽 12km 지역,KMA
1375,2016-09-21 16:18:38,1.4,ML,14.0,35.764,129.176,경북 경주시 남남서쪽 11km 지역,KMA
1376,2016-09-21 19:08:34,1.4,ML,11.9,35.77,129.177,경상북도 경주시 남남서쪽 10km 지역,KMA
1377,2016-09-21 20:05:39,3.0,ML,14.3,35.758,129.169,경북 경주시 남남서쪽 12km 지역,KMA
1378,2016-09-21 20:30:09,1.9,ML,13.9,35.763,129.182,경북 경주시 남남서쪽 11km 지역,KMA
1379,2016-09-21 22:26:52,1.5,ML,16.3,35.747,129.183,경북 경주시 남남서쪽 13km 지역,KMA
1380,2016-09-22 08:00:42,2.1,ML,11.5,35.747,129.165,경북 경주시 남남서쪽 13km 지역,KMA
1381,2016-09-22 08:09:13,1.9,ML,10.6,35.753,129.175,경북 경주시 남남서쪽 12km 지역,KMA
1382,2016-09-22 08:43:17,1.9,ML,12.8,35.741,129.194,경북 경주시 남남서쪽 13km 지역,KMA
1383,2016-09-22 12:42:29,2.2,ML,13.5,35.756,129.158,경북 경주시 남남서쪽 13km 지역,KMA
1384,2016-09-22 21:45:20,1.5,ML,13.8,35.751,129.19,경북 경주시 남남서쪽 12km 지역,KMA
1385,2016-09-22 23:09:40,1.7,ML,9.9,35.759,129.182,경북 경주시 남남서쪽 11km 지역,KMA
1386,2016-09-23 14:40:42,1.9,ML,14.1,35.762,129.162,경북 경주시 남남서쪽 12km 지역,KMA
1387,2016-09-23 16:38:08,1.5,ML,15.6,35.747,129.168,경북 경주시 남남서쪽 13km 지역,KMA
1388,2016-09-23 18:53:43,2.5,ML,14.5,35.758,129.174,경북 경주시 남남서쪽 12km 지역,KMA
1389,2016-09-23 19:11:48,2.7,ML,12.7,35.763,129.194,경북 경주시 남남서쪽 11km 지역,KMA
1390,2016-09-23 23:03:38,1.5,ML,12.8,35.749,129.18,경북 경주시 남남서쪽 13km 지역,KMA
1391,2016-09-24 10:30:06,2.4,ML,12.8,35.761,129.194,경북 경주시 남남서쪽 11km 지역,KMA
1392,2016-09-24 16:31:42,2.2,ML,10.7,35.746,129.191,경북 경주시 남남서쪽 13km 지역,KMA
1393,2016-09-24 21:46:00,1.7,ML,14.6,35.769,129.176,경상북도 경주시 남남서쪽 11km 지역,KMA
1394,2016-09-25 00:27:18,1.8,ML,10.5,36.371,125.707,충남 태안군 남서쪽 67km 해역,KMA
1395,2016-09-25 02:48:22,2.6,ML,12.6,35.756,129.18,경북 경주시 남남서쪽 12km 지역,KMA
1396,2016-09-25 05:14:48,1.3,ML,15.3,35.767,129.205,경북 경주시 남쪽 10km 지역,KMA
1397,2016-09-25 10:25:33,1.5,ML,14.8,35.771,129.201,경북 경주시 남남서쪽 10km 지역,KMA
1398,2016-09-25 13:55:59,1.5,ML,15.3,35.775,129.184,경북 경주시 남남서쪽 10km 지역,KMA
1399,2016-09-25 20:51:07,1.5,ML,9.9,35.745,129.191,경북 경주시 남남서쪽 13km 지역,KMA
1400,2016-09-25 22:36:30,2.2,ML,15.0,35.75,129.177,경북 경주시 남남서쪽 13km 지역,KMA
1401,2016-09-26 00:31:08,2.0,ML,11.6,35.775,129.172,경북 경주시 남남서쪽 10km 지역,KMA
1402,2016-09-26 02:58:25,1.5,ML,13.8,35.754,129.198,경북 경주시 남남서쪽 12km 지역,KMA
1403,2016-09-26 03:09:15,2.1,ML,11.1,35.767,129.194,경북 경주시 남남서쪽 10km 지역,KMA
1404,2016-09-26 03:24:44,1.6,ML,13.7,35.742,129.186,경북 경주시 남남서쪽 13km 지역,KMA
1405,2016-09-26 06:27:47,1.6,ML,13.5,35.777,129.183,경북 경주시 남남서쪽 10km 지역,KMA
1406,2016-09-26 09:24:17,1.5,ML,12.1,35.771,129.185,경북 경주시 남남서쪽 10km 지역,KMA
1407,2016-09-26 12:31:59,1.7,ML,13.5,35.744,129.184,경북 경주시 남남서쪽 13km 지역,KMA
1408,2016-09-26 23:50:33,1.6,ML,11.0,35.772,129.174,경북 경주시 남남서쪽 10km 지역,KMA
1409,2016-09-27 02:26:54,2.0,ML,12.6,35.747,129.175,경북 경주시 남남서쪽 13km 지역,KMA
1410,2016-09-27 02:45:59,2.0,ML,11.3,35.757,129.173,경북 경주시 남남서쪽 12km 지역,KMA
1411,2016-09-27 06:01:56,1.6,ML,16.4,35.76,129.178,경상북도 경주시 남남서쪽 11km 지역,KMA
1412,2016-09-27 07:43:42,1.6,ML,12.5,35.76,129.194,경상북도 경주시 남남서쪽 11km 지역,KMA
1413,2016-09-27 08:30:03,3.7,ML,11.9,35.756,129.178,경북 경주시 남남서쪽 12km 지역,KMA
1414,2016-09-27 11:14:15,2.3,ML,13.3,35.762,129.189,경북 경주시 남남서쪽 11km 지역,KMA
1415,2016-09-27 12:17:41,2.4,ML,10.7,35.77,129.199,경북 경주시 남남서쪽 10km 지역,KMA
1416,2016-09-27 13:22:53,1.5,ML,10.0,36.093,128.875,경북 경주시 북서쪽 41km 지역,KMA
1417,2016-09-27 19:15:38,1.6,ML,11.5,35.765,129.202,경북 경주시 남남서쪽 10km 지역,KMA
1418,2016-09-27 19:20:37,1.6,ML,10.2,35.778,129.197,경북 경주시 남남서쪽 9km 지역,KMA
1419,2016-09-27 23:54:01,1.8,ML,13.5,35.762,129.165,경북 경주시 남남서쪽 12km 지역,KMA
1420,2016-09-28 04:09:37,2.1,ML,15.2,35.766,129.198,경북 경주시 남남서쪽 10km 지역,KMA
1421,2016-09-28 09:11:34,2.2,ML,12.4,35.76,129.174,경북 경주시 남남서쪽 12km 지역,KMA
1422,2016-09-28 09:47:50,1.7,ML,10.0,35.763,129.183,경북 경주시 남남서쪽 11km 지역,KMA
1423,2016-09-28 10:53:42,1.7,ML,11.5,35.76,129.176,경북 경주시 남남서쪽 12km 지역,KMA
1424,2016-09-28 16:14:28,1.5,ML,9.7,35.77,129.199,경북 경주시 남남서쪽 10km 지역,KMA
1425,2016-09-28 20:15:18,2.1,ML,12.4,35.765,129.18,경북 경주시 남남서쪽 11km 지역,KMA
1426,2016-09-28 23:25:19,2.5,ML,13.8,35.77,129.164,경북 경주시 남남서쪽 11km 지역,KMA
1427,2016-09-29 08:29:32,1.9,ML,18.0,35.755,129.189,경북 경주시 남남서쪽 12km 지역,KMA
1428,2016-09-29 09:23:35,1.5,ML,12.7,35.766,129.21,경북 경주시 남쪽 10km 지역,KMA
1429,2016-09-29 11:57:35,2.9,ML,15.0,35.755,129.166,경북 경주시 남남서쪽 12km 지역,KMA
1430,2016-09-29 12:56:29,1.7,ML,9.0,35.758,129.21,경북 경주시 남쪽 11km 지역,KMA
1431,2016-09-29 15:13:23,1.8,ML,15.6,35.755,129.187,경북 경주시 남남서쪽 12km 지역,KMA
1432,2016-09-29 15:38:53,2.1,ML,11.4,35.763,129.205,경북 경주시 남쪽 10km 지역,KMA
1433,2016-09-30 04:00:15,1.7,ML,5.3,35.092,129.324,부산 기장군 남남동쪽 19km 지역,KMA
1434,2016-09-30 13:17:27,2.3,ML,16.5,35.769,129.196,경북 경주시 남남서쪽 10km 지역,KMA
1435,2016-09-30 13:57:13,1.7,ML,12.2,35.733,129.19,경북 경주시 남남서쪽 14km 지역,KMA
1436,2016-09-30 23:46:34,2.3,ML,13.3,35.755,129.194,경북 경주시 남남서쪽 12km 지역,KMA
1437,2016-10-01 06:52:28,2.3,ML,14.4,35.751,129.172,경북 경주시 남남서쪽 13km 지역,KMA
1438,2016-10-01 08:56:50,1.6,ML,14.0,35.756,129.187,경상북도 경주시 남남서쪽 12km 지역,KMA
1439,2016-10-01 20:12:39,2.0,ML,13.3,35.771,129.173,경북 경주시 남남서쪽 11km 지역,KMA
1440,2016-10-02 03:29:48,1.7,ML,13.4,35.744,129.184,경북 경주시 남남서쪽 13km 지역,KMA
1441,2016-10-02 07:39:52,1.6,ML,14.0,35.744,129.192,경북 경주시 남남서쪽 13km 지역,KMA
1442,2016-10-02 12:41:15,1.8,ML,11.9,35.745,129.18,경북 경주시 남남서쪽 13km 지역,KMA
1443,2016-10-02 19:16:44,2.5,ML,15.2,35.75,129.172,경상북도 경주시 남남서쪽 13km 지역,KMA
1444,2016-10-02 22:37:45,2.2,ML,13.0,35.781,129.212,경북 경주시 남쪽 8km 지역,KMA
1445,2016-10-03 07:31:16,1.6,ML,10.9,35.742,129.195,경상북도 경주시 남남서쪽 13km 지역,KMA
1446,2016-10-03 09:04:58,1.8,ML,14.3,35.747,129.19,경북 경주시 남남서쪽 13km 지역,KMA
1447,2016-10-04 08:43:08,1.6,ML,13.1,35.755,129.176,경북 경주시 남남서쪽 12km 지역,KMA
1448,2016-10-04 09:29:08,1.7,ML,8.2,35.745,129.173,경북 경주시 남남서쪽 13km 지역,KMA
1449,2016-10-05 12:07:58,1.6,ML,11.7,35.765,129.198,경북 경주시 남남서쪽 10km 지역,KMA
1450,2016-10-05 13:55:30,2.4,ML,15.0,35.741,129.198,경북 경주시 남쪽 13km 지역,KMA
1451,2016-10-05 14:29:20,1.7,ML,13.7,35.755,129.189,경북 경주시 남남서쪽 12km 지역,KMA
1452,2016-10-05 15:39:18,1.6,ML,15.9,35.779,129.17,경북 경주시 남남서쪽 10km 지역,KMA
1453,2016-10-06 01:08:10,2.6,ML,13.5,35.744,129.192,경북 경주시 남남서쪽 13km 지역,KMA
1454,2016-10-06 05:41:20,1.5,ML,14.9,35.774,129.188,경북 경주시 남남서쪽 10km 지역,KMA
1455,2016-10-07 03:05:51,1.9,ML,12.7,35.747,129.201,경북 경주시 남쪽 12km 지역,KMA
1456,2016-10-07 06:05:40,1.9,ML,10.7,35.768,129.164,경북 경주시 남남서쪽 11km 지역,KMA
1457,2016-10-07 08:30:22,2.9,ML,13.8,35.758,129.167,경북 경주시 남남서쪽 12km 지역,KMA
1458,2016-10-07 12:59:18,1.7,ML,13.4,35.748,129.204,경북 경주시 남쪽 12km 지역,KMA
1459,2016-10-07 19:11:45,1.7,ML,13.8,35.765,129.21,경북 경주시 남쪽 10km 지역,KMA
1460,2016-10-07 19:38:15,1.7,ML,10.6,35.767,129.186,경북 경주시 남남서쪽 10km 지역,KMA
1461,2016-10-07 21:04:15,2.0,ML,14.0,35.747,129.168,경북 경주시 남남서쪽 13km 지역,KMA
1462,2016-10-09 03:20:36,2.0,ML,17.4,35.764,129.178,경북 경주시 남남서쪽 11km 지역,KMA
1463,2016-10-09 05:13:41,2.9,ML,15.8,35.754,129.2,경상북도 경주시 남쪽 12km 지역,KMA
1464,2016-10-09 11:37:38,1.7,ML,15.3,35.753,129.171,경북 경주시 남남서쪽 12km 지역,KMA
1465,2016-10-09 11:50:34,2.1,ML,14.3,35.768,129.173,경북 경주시 남남서쪽 11km 지역,KMA
1466,2016-10-09 20:09:28,2.2,ML,8.7,33.89,127.275,제주 제주시 동북동쪽 81km 해역,KMA
1467,2016-10-10 04:35:12,1.9,ML,13.6,35.749,129.18,경북 경주시 남남서쪽 13km 지역,KMA
1468,2016-10-10 13:32:14,1.6,ML,14.3,35.775,129.179,경북 경주시 남남서쪽 10km 지역,KMA
1469,2016-10-10 17:27:27,2.1,ML,13.5,35.775,129.191,경북 경주시 남남서쪽 9km 지역,KMA
1470,2016-10-10 21:13:37,2.6,ML,10.4,35.76,129.172,경북 경주시 남남서쪽 12km 지역,KMA
1471,2016-10-11 01:34:09,3.4,ML,34.3,36.07,128.839,경상북도 경주시 북서쪽 42km 지역,KMA
1472,2016-10-11 09:49:19,1.8,ML,12.5,35.751,129.181,경북 경주시 남남서쪽 12km 지역,KMA
1473,2016-10-11 19:47:02,2.3,ML,15.8,34.365,126.115,전남 해남군 서남서쪽 50km 해역,KMA
1474,2016-10-12 22:38:21,2.2,ML,13.2,35.767,129.166,경북 경주시 남남서쪽 11km 지역,KMA
1475,2016-10-13 01:38:16,1.6,ML,8.2,34.156,126.607,전남 해남군 남쪽 46km 해역,KMA
1476,2016-10-13 03:17:30,1.7,ML,12.0,35.765,129.186,경북 경주시 남남서쪽 11km 지역,KMA
1477,2016-10-14 22:51:45,1.4,ML,9.6,35.752,129.162,경북 경주시 남남서쪽 13km 지역,KMA
1478,2016-10-14 23:16:36,2.1,ML,9.4,36.116,129.422,경북 포항시 북북동쪽 13km 지역,KMA
1479,2016-10-15 13:27:20,1.9,ML,12.5,35.766,129.189,경북 경주시 남남서쪽 11km 지역,KMA
1480,2016-10-16 02:04:33,1.6,ML,11.4,35.767,129.185,경북 경주시 남남서쪽 11km 지역,KMA
1481,2016-10-16 04:09:28,2.1,ML,12.6,35.747,129.21,경북 경주시 남쪽 12km 지역,KMA
1482,2016-10-16 15:05:43,1.9,ML,18.5,35.853,127.506,전북 무주군 남서쪽 22km 지역,KMA
1483,2016-10-16 21:32:45,2.9,ML,10.6,35.761,129.188,경북 경주시 남남서쪽 11km 지역,KMA
1484,2016-10-17 03:37:33,2.4,ML,12.6,35.792,129.196,경북 경주시 남남서쪽 8km 지역,KMA
1485,2016-10-17 10:06:07,2.3,ML,14.7,35.771,129.188,경북 경주시 남남서쪽 10km 지역,KMA
1486,2016-10-17 13:41:30,2.1,ML,13.4,35.778,129.18,경북 경주시 남남서쪽 10km 지역,KMA
1487,2016-10-18 02:33:25,2.5,ML,11.7,35.745,129.202,경북 경주시 남쪽 12km 지역,KMA
1488,2016-10-19 15:36:32,1.7,ML,13.8,35.749,129.185,경북 경주시 남남서쪽 12km 지역,KMA
1489,2016-10-20 23:31:48,1.5,ML,17.1,35.761,129.207,경북 경주시 남쪽 11km 지역,KMA
1490,2016-10-21 11:13:17,2.1,ML,11.3,35.24,128.106,경상남도 진주시 북쪽 7km 지역,KMA
1491,2016-10-21 12:31:38,1.9,ML,15.2,35.756,129.198,경북 경주시 남남서쪽 11km 지역,KMA
1492,2016-10-21 14:38:14,1.8,ML,12.2,38.222,130.304,강원 삼척시 북동쪽 132km 해역,KMA
1493,2016-10-21 21:40:13,1.5,ML,12.0,35.753,129.202,경북 경주시 남쪽 12km 지역,KMA
1494,2016-10-22 05:49:33,1.6,ML,10.4,35.774,129.17,경북 경주시 남남서쪽 10km 지역,KMA
1495,2016-10-22 10:51:51,1.7,ML,10.1,35.767,129.183,경북 경주시 남남서쪽 11km 지역,KMA
1496,2016-10-23 00:03:17,2.7,ML,10.0,36.104,125.298,충남 태안군 남서쪽 114km 해역,KMA
1497,2016-10-24 05:26:59,1.7,ML,17.5,37.358,127.665,강원 원주시 서쪽 23km 지역,KMA
1498,2016-10-24 07:00:41,3.4,ML,13.2,35.776,129.178,경북 경주시 남남서쪽 10km 지역,KMA
1499,2016-10-24 07:04:02,2.8,ML,16.4,35.763,129.192,경북 경주시 남남서쪽 11km 지역,KMA
1500,2016-10-24 13:23:46,2.2,ML,16.2,35.78,129.196,경북 경주시 남남서쪽 9km 지역,KMA
1501,2016-10-24 17:01:51,1.5,ML,20.0,36.083,128.037,경북 김천시 남서쪽 9km 지역,KMA
1502,2016-10-24 17:33:26,1.8,ML,15.5,35.748,129.167,경북 경주시 남남서쪽 13km 지역,KMA
1503,2016-10-24 19:48:39,2.2,ML,12.8,35.726,129.187,경북 경주시 남남서쪽 15km 지역,KMA
1504,2016-10-25 09:04:33,2.4,ML,12.3,35.754,129.175,경북 경주시 남남서쪽 12km 지역,KMA
1505,2016-10-25 17:11:35,3.3,ML,11.5,35.759,129.194,경북 경주시 남남서쪽 11km 지역,KMA
1506,2016-10-25 19:03:24,1.7,ML,21.8,34.351,127.187,전남 해남군 동남동쪽 59km 해역,KMA
1507,2016-10-26 01:41:13,2.4,ML,15.4,35.75,129.167,경북 경주시 남남서쪽 13km 지역,KMA
1508,2016-10-26 04:30:12,2.5,ML,13.4,35.751,129.166,경북 경주시 남남서쪽 13km 지역,KMA
1509,2016-10-26 07:50:19,2.9,ML,13.8,35.758,129.19,경북 경주시 남남서쪽 11km 지역,KMA
1510,2016-10-26 08:17:34,1.6,ML,13.8,35.765,129.186,경북 경주시 남남서쪽 11km 지역,KMA
1511,2016-10-26 08:48:27,1.7,ML,13.5,35.752,129.172,경북 경주시 남남서쪽 12km 지역,KMA
1512,2016-10-27 19:45:02,1.5,ML,13.4,35.779,129.192,경북 경주시 남남서쪽 9km 지역,KMA
1513,2016-10-28 19:38:04,1.7,ML,17.2,33.43,127.535,제주 서귀포시 동북동쪽 93km 해역,KMA
1514,2016-10-29 08:25:49,1.8,ML,14.1,35.739,129.203,경북 경주시 남쪽 13km 지역,KMA
1515,2016-10-30 02:16:07,1.8,ML,15.2,35.772,129.191,경북 경주시 남남서쪽 10km 지역,KMA
1516,2016-10-30 02:24:51,1.8,ML,12.1,35.774,129.202,경북 경주시 남남서쪽 9km 지역,KMA
1517,2016-10-31 12:00:28,1.8,ML,14.1,35.74,129.175,경북 경주시 남남서쪽 14km 지역,KMA
1518,2016-11-01 11:16:50,1.8,ML,10.0,33.929,125.897,제주 제주시 북서쪽 76km 해역,KMA
1519,2016-11-02 04:08:42,1.7,ML,15.3,35.766,129.2,경북 경주시 남남서쪽 10km 지역,KMA
1520,2016-11-04 01:51:33,2.1,ML,13.9,35.767,129.191,경북 경주시 남남서쪽 10km 지역,KMA
1521,2016-11-04 10:01:13,2.2,ML,12.0,35.748,129.178,경북 경주시 남남서쪽 13km 지역,KMA
1522,2016-11-05 09:47:01,1.3,ML,13.5,33.46,126.271,제주 제주시 서쪽 24km 해역,KMA
1523,2016-11-05 19:13:53,1.8,ML,10.1,33.887,127.494,전남 여수시 남쪽 98km 해역,KMA
1524,2016-11-05 22:26:42,1.5,ML,10.0,35.303,124.342,전남 목포시 서북서쪽 195km 해역,KMA
1525,2016-11-06 08:48:09,2.6,ML,11.9,35.748,129.19,경북 경주시 남남서쪽 12km 지역,KMA
1526,2016-11-07 21:31:29,1.8,ML,11.1,35.764,129.181,경북 경주시 남남서쪽 11km 지역,KMA
1527,2016-11-07 22:44:42,2.1,ML,10.0,38.205,130.626,강원 삼척시 동북동쪽 154km 해역,KMA
1528,2016-11-09 07:27:18,1.3,ML,14.4,35.76,129.183,경북 경주시 남남서쪽 11km 지역,KMA
1529,2016-11-11 10:00:41,1.7,ML,12.7,35.761,129.195,경북 경주시 남남서쪽 11km 지역,KMA
1530,2016-11-12 05:18:48,1.8,ML,15.0,35.753,129.171,경북 경주시 남남서쪽 12km 지역,KMA
1531,2016-11-13 03:44:47,1.7,ML,10.0,36.227,124.967,충남 태안군 서남서쪽 132km 해역,KMA
1532,2016-11-16 17:46:20,1.6,ML,13.4,36.125,128.457,경북 김천시 동쪽 31km 지역,KMA
1533,2016-11-16 20:29:51,2.0,ML,13.4,35.749,129.173,경북 경주시 남남서쪽 13km 지역,KMA
1534,2016-11-17 21:47:29,1.4,ML,13.8,35.769,129.194,경북 경주시 남남서쪽 10km 지역,KMA
1535,2016-11-18 06:16:57,2.1,ML,13.3,35.751,129.167,경북 경주시 남남서쪽 13km 지역,KMA
1536,2016-11-18 06:28:17,1.6,ML,10.4,35.733,129.188,경북 경주시 남남서쪽 14km 지역,KMA
1537,2016-11-18 14:32:04,2.2,ML,11.5,35.778,129.192,경북 경주시 남남서쪽 9km 지역,KMA
1538,2016-11-19 15:10:13,1.9,ML,13.7,35.759,129.189,경북 경주시 남남서쪽 11km 지역,KMA
1539,2016-11-19 16:58:01,1.8,ML,14.3,36.272,128.686,경북 안동시 남쪽 33km 지역,KMA
1540,2016-11-19 23:20:26,2.2,ML,14.9,35.766,129.174,경북 경주시 남남서쪽 11km 지역,KMA
1541,2016-11-20 17:37:42,2.0,ML,12.6,35.753,129.179,경상북도 경주시 남남서쪽 12km 지역,KMA
1542,2016-11-20 17:39:04,1.7,ML,11.9,35.766,129.198,경북 경주시 남남서쪽 10km 지역,KMA
1543,2016-11-20 17:42:50,1.8,ML,11.0,35.752,129.18,경북 경주시 남남서쪽 12km 지역,KMA
1544,2016-11-22 20:26:40,1.7,ML,12.9,35.766,129.181,경상북도 경주시 남남서쪽 11km 지역,KMA
1545,2016-11-22 23:53:12,1.7,ML,12.6,35.777,129.174,경북 경주시 남남서쪽 10km 지역,KMA
1546,2016-11-24 06:38:28,1.5,ML,27.4,35.941,125.2,충남 태안군 남서쪽 132km 해역,KMA
1547,2016-11-24 21:23:24,1.9,ML,14.4,35.738,129.166,경북 경주시 남남서쪽 14km 지역,KMA
1548,2016-11-25 23:38:35,2.2,ML,13.8,35.773,129.179,경북 경주시 남남서쪽 10km 지역,KMA
1549,2016-11-26 10:58:45,1.7,ML,14.3,35.77,129.184,경북 경주시 남남서쪽 10km 지역,KMA
1550,2016-11-26 20:47:27,1.7,ML,10.0,36.415,128.196,경북 상주시 동쪽 3km 지역,KMA
1551,2016-11-27 00:07:55,1.7,ML,13.7,35.754,129.189,경북 경주시 남남서쪽 12km 지역,KMA
1552,2016-11-27 06:03:38,2.0,ML,20.5,33.752,126.445,제주 제주시 북북서쪽 29km 해역,KMA
1553,2016-11-28 01:01:01,1.8,ML,10.8,35.75,129.185,경북 경주시 남남서쪽 12km 지역,KMA
1554,2016-11-28 01:17:26,1.8,ML,19.4,36.066,128.092,경북 김천시 남남서쪽 8km 지역,KMA
1555,2016-11-28 08:38:54,1.5,ML,8.8,36.781,129.163,경북 울진군 남서쪽 32km 지역,KMA
1556,2016-11-29 04:40:58,1.6,ML,17.4,37.31,125.026,인천 옹진군 서쪽 112km 해역,KMA
1557,2016-11-30 06:54:16,2.5,ML,17.3,35.768,129.174,경북 경주시 남남서쪽 11km 지역,KMA
1558,2016-11-30 18:32:07,2.6,ML,17.8,37.023,126.988,경기 화성시 남동쪽 24km 지역,KMA
1559,2016-12-01 08:55:35,2.7,ML,15.8,35.768,129.198,경북 경주시 남남서쪽 10km 지역,KMA
1560,2016-12-01 22:17:06,1.7,ML,15.1,35.744,129.164,경북 경주시 남남서쪽 14km 지역,KMA
1561,2016-12-02 16:20:55,2.2,ML,16.6,35.755,129.157,경북 경주시 남남서쪽 13km 지역,KMA
1562,2016-12-02 20:12:38,1.8,ML,17.8,35.773,129.186,경북 경주시 남남서쪽 10km 지역,KMA
1563,2016-12-05 04:38:45,2.0,ML,19.2,35.396,125.597,전남 목포시 북서쪽 97km 해역,KMA
1564,2016-12-05 11:47:58,2.1,ML,14.8,35.761,129.186,경북 경주시 남남서쪽 11km 지역,KMA
1565,2016-12-06 01:43:50,1.6,ML,26.5,36.263,127.513,전북 무주군 북북서쪽 31km 지역,KMA
1566,2016-12-07 11:55:45,1.7,ML,10.4,35.742,129.186,경북 경주시 남남서쪽 13km 지역,KMA
1567,2016-12-07 18:43:49,1.4,ML,14.5,35.761,129.196,경북 경주시 남남서쪽 11km 지역,KMA
1568,2016-12-08 03:58:04,2.1,ML,7.5,35.509,128.301,경남 합천군 동남동쪽 14km 지역,KMA
1569,2016-12-08 05:11:29,1.5,ML,7.2,35.933,127.114,전북 전주시 북북서쪽 12km 지역,KMA
1570,2016-12-08 17:47:36,1.6,ML,14.7,35.772,129.194,경북 경주시 남남서쪽 10km 지역,KMA
1571,2016-12-09 07:06:19,1.9,ML,17.2,35.769,129.186,경북 경주시 남남서쪽 10km 지역,KMA
1572,2016-12-09 16:32:58,1.9,ML,13.7,35.755,129.193,경북 경주시 남남서쪽 12km 지역,KMA
1573,2016-12-10 15:00:41,1.7,ML,15.8,35.77,129.18,경북 경주시 남남서쪽 10km 지역,KMA
1574,2016-12-10 23:20:47,1.8,ML,15.6,35.745,129.197,경북 경주시 남남서쪽 13km 지역,KMA
1575,2016-12-11 07:32:58,2.3,ML,15.9,35.761,129.182,경북 경주시 남남서쪽 11km 지역,KMA
1576,2016-12-11 11:10:03,1.7,ML,12.8,35.772,129.197,경북 경주시 남남서쪽 10km 지역,KMA
1577,2016-12-11 11:40:12,2.0,ML,17.1,35.764,129.183,경북 경주시 남남서쪽 11km 지역,KMA
1578,2016-12-12 10:48:08,1.9,ML,10.6,35.757,129.183,경북 경주시 남남서쪽 12km 지역,KMA
1579,2016-12-12 16:51:25,2.0,ML,0.6,36.632,128.263,경북 문경시 북동쪽 8km 지역,KMA
1580,2016-12-14 16:13:32,1.8,ML,0.3,36.618,128.25,경북 문경시 동북동쪽 7km 지역,KMA
1581,2016-12-15 18:43:51,1.9,ML,10.9,36.024,127.307,전북 전주시 북북동쪽 26km 지역,KMA
1582,2016-12-17 05:09:17,2.4,ML,12.5,35.765,129.161,경북 경주시 남남서쪽 12km 지역,KMA
1583,2016-12-17 11:39:15,1.7,ML,14.2,35.764,129.2,경북 경주시 남남서쪽 10km 지역,KMA
1584,2016-12-17 21:26:04,2.0,ML,13.0,35.755,129.17,경북 경주시 남남서쪽 12km 지역,KMA
1585,2016-12-19 06:45:13,1.9,ML,24.0,37.527,128.053,강원 원주시 북북동쪽 24km 지역,KMA
1586,2016-12-19 23:02:57,2.0,ML,,33.92,127.497,전남 여수시 남쪽 94km 해역,KMA
1587,2016-12-21 18:21:47,1.8,ML,11.6,35.753,129.166,경상북도 경주시 남남서쪽 13km 지역,KMA
1588,2016-12-25 13:32:55,2.0,ML,13.7,35.764,129.193,경북 경주시 남남서쪽 11km 지역,KMA
1589,2016-12-26 08:00:09,2.0,ML,12.2,35.746,129.193,경북 경주시 남남서쪽 13km 지역,KMA
1590,2016-12-27 03:23:16,2.0,ML,9.5,36.193,128.312,경북 김천시 동북동쪽 19km 지역,KMA
1591,2016-12-27 06:55:00,1.6,ML,30.2,36.043,128.209,경북 김천시 남동쪽 14km 지역,KMA
1592,2016-12-27 15:02:55,1.7,ML,11.2,36.782,124.382,충남 태안군 서쪽 170km 해역,KMA
1593,2016-12-28 04:46:08,1.5,ML,13.2,35.747,129.182,경북 경주시 남남서쪽 13km 지역,KMA
1594,2017-01-01 03:19:36,2.1,ML,13.3,35.941,128.29,대구 달성군 북서쪽 22km 지역,KMA
1595,2017-01-01 20:15:08,2.0,ML,14.0,37.051,124.302,인천 옹진군 서쪽 179km 해역,KMA
1596,2017-01-02 16:17:49,1.6,ML,12.2,35.761,129.198,경북 경주시 남남서쪽 11km 지역,KMA
1597,2017-01-02 23:50:09,1.9,ML,20.3,35.592,125.323,전북 부안군 서쪽 128km 해역,KMA
1598,2017-01-04 01:40:48,1.6,ML,13.2,35.777,129.195,경북 경주시 남남서쪽 9km 지역,KMA
1599,2017-01-04 18:11:53,2.0,ML,22.4,35.422,129.108,울산 울주군 남서쪽 20km 지역,KMA
1600,2017-01-05 09:43:51,1.7,ML,8.8,36.109,130.248,경북 포항시 동쪽 82km 해역,KMA
1601,2017-01-05 20:28:59,1.6,ML,4.6,33.823,128.257,전남 여수시 남남동쪽 117km 해역,KMA
1602,2017-01-06 22:05:13,2.0,ML,12.7,35.576,129.14,울산 울주군 서쪽 9km 지역,KMA
1603,2017-01-07 12:57:17,2.2,ML,14.9,35.761,129.172,경북 경주시 남남서쪽 12km 지역,KMA
1604,2017-01-07 15:42:28,1.3,ML,10.0,37.309,130.747,경북 울진군 동북동쪽 124km 해역,KMA
1605,2017-01-07 21:15:49,1.7,ML,15.8,35.762,129.193,경북 경주시 남남서쪽 11km 지역,KMA
1606,2017-01-10 02:19:59,1.6,ML,11.0,35.741,129.189,경북 경주시 남남서쪽 13km 지역,KMA
1607,2017-01-10 09:15:15,2.1,ML,26.5,36.65,128.054,경북 문경시 서북서쪽 14km 지역,KMA
1608,2017-01-10 14:16:42,1.8,ML,12.7,35.774,129.193,경북 경주시 남남서쪽 10km 지역,KMA
1609,2017-01-11 18:36:37,1.5,ML,12.7,36.176,128.661,경북 안동시 남쪽 44km 지역,KMA
1610,2017-01-12 01:28:11,1.8,ML,10.1,37.472,128.208,강원 원주시 동북동쪽 29km 지역,KMA
1611,2017-01-14 03:35:08,2.2,ML,13.2,35.771,129.186,경북 경주시 남남서쪽 10km 지역,KMA
1612,2017-01-15 06:33:01,2.5,ML,12.4,35.769,129.207,경북 경주시 남쪽 10km 지역,KMA
1613,2017-01-16 08:10:26,1.7,ML,13.2,35.761,129.163,경북 경주시 남남서쪽 12km 지역,KMA
1614,2017-01-16 10:41:31,1.9,ML,11.9,35.759,129.164,경북 경주시 남남서쪽 12km 지역,KMA
1615,2017-01-18 07:05:08,1.8,ML,10.7,35.751,129.179,경북 경주시 남남서쪽 12km 지역,KMA
1616,2017-01-18 09:30:11,2.0,ML,13.4,35.773,129.188,경북 경주시 남남서쪽 10km 지역,KMA
1617,2017-01-18 13:56:54,2.0,ML,16.9,35.178,127.35,광주 광산구 동쪽 51km 지역,KMA
1618,2017-01-18 14:20:15,1.6,ML,23.4,35.952,128.525,대구 달성군 북북동쪽 21km 지역,KMA
1619,2017-01-18 22:12:11,1.4,ML,15.4,35.766,129.185,경북 경주시 남남서쪽 11km 지역,KMA
1620,2017-01-19 02:43:41,2.5,ML,10.0,37.969,130.184,강원 삼척시 동북동쪽 107km 해역,KMA
1621,2017-01-19 04:44:43,1.7,ML,14.8,35.761,129.185,경북 경주시 남남서쪽 11km 지역,KMA
1622,2017-01-20 22:03:18,1.7,ML,16.4,35.774,129.188,경북 경주시 남남서쪽 10km 지역,KMA
1623,2017-01-21 10:01:34,1.9,ML,22.4,35.302,124.853,전남 목포시 서북서쪽 150km 해역,KMA
1624,2017-01-22 21:12:08,1.4,ML,12.6,35.759,129.199,경북 경주시 남남서쪽 11km 지역,KMA
1625,2017-01-23 03:59:08,1.8,ML,16.9,37.549,124.532,인천 옹진군 서쪽 159km 해역,KMA
1626,2017-01-25 21:03:29,1.4,ML,13.6,34.024,128.32,경남 거제시 남남서쪽 99km 해역,KMA
1627,2017-01-26 05:07:01,2.8,ML,10.7,35.781,129.18,경북 경주시 남남서쪽 9km 지역,KMA
1628,2017-01-26 23:23:43,1.7,ML,13.4,34.212,126.631,전남 해남군 남쪽 40km 해역,KMA
1629,2017-01-28 16:31:01,1.5,ML,23.7,35.029,128.57,경남 거제시 북북서쪽 17km 지역,KMA
1630,2017-01-29 19:44:35,1.8,ML,13.2,35.762,129.208,경북 경주시 남쪽 11km 지역,KMA
1631,2017-01-29 22:53:11,2.4,ML,11.2,35.764,129.168,경북 경주시 남남서쪽 11km 지역,KMA
1632,2017-01-30 00:56:46,2.2,ML,5.7,33.126,126.285,제주 서귀포시 서남서쪽 29km 해역,KMA
1633,2017-01-30 08:51:55,2.1,ML,14.4,36.715,128.622,경상북도 안동시 북북서쪽 19km 지역,KMA
1634,2017-01-30 10:50:47,1.5,ML,14.1,35.763,129.193,경북 경주시 남남서쪽 11km 지역,KMA
1635,2017-01-30 13:05:02,2.5,ML,16.0,36.495,126.934,충남 공주시 서북서쪽 17km 지역,KMA
1636,2017-02-01 20:14:36,2.1,ML,14.1,37.225,128.331,강원 원주시 동남동쪽 39km 지역,KMA
1637,2017-02-03 21:20:43,1.9,ML,15.8,35.761,129.199,경북 경주시 남남서쪽 11km 지역,KMA
1638,2017-02-05 02:39:55,2.3,ML,10.5,37.2,127.557,강원 원주시 서남서쪽 36km 지역,KMA
1639,2017-02-06 12:22:20,2.7,ML,3.7,34.667,125.7,전남 목포시 서남서쪽 65km 해역,KMA
1640,2017-02-07 18:23:50,1.8,ML,11.2,35.752,129.199,경북 경주시 남남서쪽 12km 지역,KMA
1641,2017-02-07 23:17:52,2.2,ML,11.7,36.169,128.82,경북 안동시 남쪽 45km 지역,KMA
1642,2017-02-08 20:11:31,1.3,ML,14.4,35.888,126.547,전북 부안군 북서쪽 24km 지역,KMA
1643,2017-02-10 16:20:25,1.7,ML,15.8,35.757,129.188,경북 경주시 남남서쪽 11km 지역,KMA
1644,2017-02-10 17:42:58,1.6,ML,14.9,35.789,129.19,경북 경주시 남남서쪽 8km 지역,KMA
1645,2017-02-11 21:14:35,2.1,ML,10.1,36.412,129.441,경북 영덕군 동쪽 7km 지역,KMA
1646,2017-02-11 23:12:37,1.9,ML,12.9,33.375,126.317,제주 제주시 남서쪽 24km 해역,KMA
1647,2017-02-12 03:58:00,1.9,ML,13.8,35.762,129.183,경북 경주시 남남서쪽 11km 지역,KMA
1648,2017-02-12 17:06:55,1.5,ML,12.7,35.762,129.198,경상북도 경주시 남남서쪽 11km 지역,KMA
1649,2017-02-14 05:17:24,1.7,ML,10.4,36.628,124.693,충남 태안군 서쪽 143km 해역,KMA
1650,2017-02-16 22:49:29,2.1,ML,12.2,35.204,127.375,광주 광산구 동쪽 53km 지역,KMA
1651,2017-02-19 17:03:30,3.0,ML,9.5,35.295,128.178,경남 진주시 북북동쪽 14km 지역,KMA
1652,2017-02-21 01:58:43,1.8,ML,11.6,35.127,126.687,광주 광산구 서쪽 10km 지역,KMA
1653,2017-02-23 13:13:59,2.0,ML,0.3,37.353,128.054,강원 원주시 동쪽 12km 지역,KMA
1654,2017-02-26 03:32:44,1.7,ML,11.5,35.749,129.178,경북 경주시 남남서쪽 13km 지역,KMA
1655,2017-02-26 21:17:11,1.7,ML,13.8,35.763,129.182,경북 경주시 남남서쪽 11km 지역,KMA
1656,2017-02-27 11:35:42,1.5,ML,12.7,36.275,128.838,경북 안동시 남남동쪽 34km 지역,KMA
1657,2017-03-02 07:24:23,1.7,ML,8.3,35.874,128.446,대구 달성군 북쪽 11km 지역,KMA
1658,2017-03-03 19:35:23,1.7,ML,9.9,34.036,126.172,제주 제주시 북북서쪽 68km 해역,KMA
1659,2017-03-04 02:21:06,1.8,ML,17.5,36.468,128.714,경북 안동시 남쪽 11km 지역,KMA
1660,2017-03-04 04:37:42,2.4,ML,15.3,35.766,129.197,경북 경주시 남남서쪽 10km 지역,KMA
1661,2017-03-06 10:36:10,2.7,ML,5.7,35.114,128.579,경남 창원시 남서쪽 16km 지역,KMA
1662,2017-03-07 04:14:36,2.2,ML,9.4,35.762,129.181,경북 경주시 남남서쪽 11km 지역,KMA
1663,2017-03-07 09:44:15,1.5,ML,13.8,35.767,129.177,경북 경주시 남남서쪽 11km 지역,KMA
1664,2017-03-08 14:04:46,2.2,ML,13.8,33.757,127.655,제주 제주시 동북동쪽 108km 해역,KMA
1665,2017-03-10 03:51:16,1.6,ML,14.2,35.753,129.195,경북 경주시 남남서쪽 12km 지역,KMA
1666,2017-03-12 00:22:38,2.6,ML,12.9,35.78,129.18,경북 경주시 남남서쪽 9km 지역,KMA
1667,2017-03-12 01:11:43,1.6,ML,21.6,35.495,129.148,울산 울주군 남서쪽 11km 지역,KMA
1668,2017-03-13 21:28:14,2.0,ML,16.5,35.784,129.215,경북 경주시 남쪽 8km 지역,KMA
1669,2017-03-14 04:30:26,1.7,ML,14.7,35.752,129.166,경북 경주시 남남서쪽 13km 지역,KMA
1670,2017-03-14 07:45:40,1.5,ML,18.0,35.755,129.192,경북 경주시 남남서쪽 12km 지역,KMA
1671,2017-03-15 06:42:34,1.8,ML,20.2,36.543,129.379,경북 영덕군 북쪽 14km 지역,KMA
1672,2017-03-17 19:51:01,2.4,ML,13.6,35.77,129.183,경북 경주시 남남서쪽 10km 지역,KMA
1673,2017-03-19 08:24:34,1.9,ML,24.7,36.77,128.637,경북 안동시 북북서쪽 24km 지역,KMA
1674,2017-03-19 17:16:56,1.9,ML,15.2,35.75,129.203,경북 경주시 남쪽 12km 지역,KMA
1675,2017-03-21 02:45:39,1.5,ML,19.8,37.551,130.438,경북 울진군 북동쪽 111km 해역,KMA
1676,2017-03-21 20:41:51,2.1,ML,12.0,35.32,129.171,부산 기장군 북북서쪽 10km 지역,KMA
1677,2017-03-22 01:33:23,1.8,ML,20.4,37.142,126.989,경기 화성시 동남동쪽 15km 지역,KMA
1678,2017-03-23 01:17:36,1.5,ML,12.9,35.352,127.419,전북 전주시 남남동쪽 58km 지역,KMA
1679,2017-03-24 11:33:51,1.6,ML,19.2,33.042,126.884,제주 서귀포시 남동쪽 38km 해역,KMA
1680,2017-03-24 23:05:34,1.8,ML,13.4,35.755,129.187,경북 경주시 남남서쪽 12km 지역,KMA
1681,2017-03-25 15:09:57,1.6,ML,12.8,35.75,129.196,경북 경주시 남남서쪽 12km 지역,KMA
1682,2017-03-26 10:11:35,3.2,ML,13.6,35.77,129.16,경북 경주시 남남서쪽 11km 지역,KMA
1683,2017-03-29 01:45:04,2.6,ML,18.7,34.041,127.49,전남 여수시 남쪽 81km 해역,KMA
1684,2017-03-30 13:18:16,1.6,ML,13.3,35.735,129.183,경북 경주시 남남서쪽 14km 지역,KMA
1685,2017-04-01 17:48:57,2.7,ML,13.9,35.75,129.186,경북 경주시 남남서쪽 12km 지역,KMA
1686,2017-04-02 06:52:15,1.8,ML,10.2,37.779,130.081,강원 삼척시 동북동쪽 89km 해역,KMA
1687,2017-04-04 16:42:50,2.3,ML,0.4,37.369,128.047,강원 원주시 동북동쪽 12km 지역,KMA
1688,2017-04-05 18:51:26,1.4,ML,11.9,37.429,126.846,경기 화성시 북쪽 25km 지역,KMA
1689,2017-04-06 05:46:56,2.7,ML,10.0,37.558,129.85,강원도 삼척시 동쪽 62km 해역,KMA
1690,2017-04-07 05:00:19,1.9,ML,13.3,35.775,129.186,경북 경주시 남남서쪽 10km 지역,KMA
1691,2017-04-07 19:48:20,1.6,ML,12.1,35.779,129.208,경북 경주시 남쪽 9km 지역,KMA
1692,2017-04-07 19:49:41,2.0,ML,14.4,35.753,129.189,경북 경주시 남남서쪽 12km 지역,KMA
1693,2017-04-09 09:44:03,2.2,ML,11.8,34.682,125.271,전남 목포시 서쪽 103km 해역,KMA
1694,2017-04-09 10:16:44,1.5,ML,18.0,35.767,129.183,경북 경주시 남남서쪽 11km 지역,KMA
1695,2017-04-10 02:38:32,1.5,ML,9.9,36.615,127.391,충북 청주시 서남서쪽 9km 지역,KMA
1696,2017-04-10 05:36:52,1.7,ML,12.9,35.786,129.206,경상북도 경주시 남남서쪽 8km 지역,KMA
1697,2017-04-10 08:16:48,1.7,ML,13.2,35.734,129.158,경북 경주시 남남서쪽 15km 지역,KMA
1698,2017-04-13 17:17:43,2.0,ML,14.6,35.762,129.205,경북 경주시 남쪽 11km 지역,KMA
1699,2017-04-15 13:40:27,1.9,ML,21.2,37.891,128.072,강원 춘천시 동쪽 30km 지역,KMA
1700,2017-04-16 03:55:22,1.9,ML,15.1,35.759,129.187,경북 경주시 남남서쪽 11km 지역,KMA
1701,2017-04-24 10:36:29,1.7,ML,4.3,34.738,126.829,전라남도 해남군 북동쪽 28km 지역,KMA
1702,2017-04-24 14:34:41,2.9,ML,15.0,36.341,127.782,경북 상주시 서남서쪽 35km 지역,KMA
1703,2017-04-25 15:18:11,2.0,ML,11.9,35.736,129.19,경북 경주시 남남서쪽 14km 지역,KMA
1704,2017-04-25 18:20:39,1.8,ML,14.0,35.758,129.173,경북 경주시 남남서쪽 12km 지역,KMA
1705,2017-04-27 04:13:45,1.8,ML,15.9,35.771,129.184,경북 경주시 남남서쪽 10km 지역,KMA
1706,2017-04-27 13:19:46,2.8,ML,18.3,37.748,128.132,강원 춘천시 동남동쪽 38km 지역,KMA
1707,2017-04-27 14:05:54,1.6,ML,12.6,35.782,129.193,경북 경주시 남남서쪽 9km 지역,KMA
1708,2017-04-27 22:43:56,1.5,ML,4.3,36.195,128.441,경북 김천시 동북동쪽 30km 지역,KMA
1709,2017-04-28 06:46:49,1.5,ML,13.7,35.768,129.187,경북 경주시 남남서쪽 10km 지역,KMA
1710,2017-04-29 17:09:17,1.6,ML,19.8,35.021,128.163,경남 진주시 남남동쪽 18km 지역,KMA
1711,2017-04-30 07:15:47,3.3,ML,16.5,37.495,127.192,경기 화성시 북동쪽 46km 지역,KMA
1712,2017-05-04 05:24:49,1.5,ML,12.5,35.748,129.186,경북 경주시 남남서쪽 12km 지역,KMA
1713,2017-05-04 09:21:08,1.5,ML,6.8,37.169,125.473,인천 옹진군 서남서쪽 74km 해역,KMA
1714,2017-05-04 17:41:21,1.9,ML,9.1,36.231,128.1,경북 김천시 북쪽 10km 지역,KMA
1715,2017-05-04 22:06:49,1.6,ML,11.0,35.763,129.181,경북 경주시 남남서쪽 11km 지역,KMA
1716,2017-05-07 01:29:23,1.5,ML,13.6,35.765,129.209,경상북도 경주시 남쪽 10km 지역,KMA
1717,2017-05-07 07:43:53,1.8,ML,9.7,36.396,128.118,경북 상주시 서남서쪽 4km 지역,KMA
1718,2017-05-09 15:02:06,1.7,ML,11.5,35.752,129.204,경북 경주시 남쪽 12km 지역,KMA
1719,2017-05-10 21:30:37,1.5,ML,15.4,35.74,129.177,경북 경주시 남남서쪽 14km 지역,KMA
1720,2017-05-12 08:18:58,1.8,ML,14.4,36.251,124.996,충남 태안군 서남서쪽 128km 해역,KMA
1721,2017-05-14 07:59:56,1.9,ML,13.0,35.377,126.732,광주 광산구 북북서쪽 27km 지역,KMA
1722,2017-05-15 13:24:48,1.8,ML,7.2,36.674,127.151,충남 공주시 북쪽 25km 지역,KMA
1723,2017-05-16 19:37:08,1.5,ML,33.8,35.604,128.828,울산 울주군 서쪽 38km 지역,KMA
1724,2017-05-17 13:41:56,2.6,ML,11.5,35.767,129.183,경북 경주시 남남서쪽 11km 지역,KMA
1725,2017-05-18 00:38:15,2.3,ML,12.6,35.912,126.573,전북 부안군 북서쪽 25km 지역,KMA
1726,2017-05-19 07:47:24,1.9,ML,12.6,35.736,129.176,경북 경주시 남남서쪽 14km 지역,KMA
1727,2017-05-20 12:40:49,1.5,ML,10.4,37.44,128.247,강원 원주시 동북동쪽 31km 지역,KMA
1728,2017-05-21 15:04:28,2.0,ML,14.8,33.214,126.735,제주 서귀포시 동남동쪽 17km 해역,KMA
1729,2017-05-22 22:49:04,1.9,ML,11.2,35.757,129.192,경북 경주시 남남서쪽 11km 지역,KMA
1730,2017-05-23 03:56:23,1.3,ML,20.9,36.94,130.162,경북 울진군 동쪽 68km 해역,KMA
1731,2017-05-25 06:46:57,1.4,ML,10.0,36.659,129.903,경북 영덕군 동북동쪽 55km 해역,KMA
1732,2017-05-25 12:24:00,2.1,ML,0.1,35.512,128.102,경남 합천군 남서쪽 8km 지역,KMA
1733,2017-05-26 11:35:23,3.2,ML,8.7,36.475,128.211,경북 상주시 북북동쪽 8km 지역,KMA
1734,2017-05-29 19:50:22,1.6,ML,15.8,33.122,125.716,제주 서귀포시 서쪽 80km 해역,KMA
1735,2017-05-30 15:46:29,2.9,ML,9.7,36.741,128.719,경북 안동시 북쪽 19km 지역,KMA
1736,2017-05-30 20:51:37,1.8,ML,10.0,35.22,128.716,경남 창원시 동남동쪽 3km 지역,KMA
1737,2017-05-31 01:50:39,3.1,ML,10.0,36.98,124.404,충남 태안군 서쪽 170km 해역,KMA
1738,2017-05-31 07:34:40,1.9,ML,21.0,34.032,128.219,전남 여수시 남남동쪽 95km 해역,KMA
1739,2017-05-31 12:26:36,1.6,ML,7.6,37.006,127.951,충북 충주시 북동쪽 3km 지역,KMA
1740,2017-06-01 19:16:16,1.9,ML,12.4,36.787,128.281,경북 문경시 북북동쪽 24km 지역,KMA
1741,2017-06-04 07:03:17,3.6,ML,6.0,35.72,126.467,전북 부안군 서쪽 24km 지역,KMA
1742,2017-06-05 20:46:22,2.2,ML,12.0,35.734,129.167,경북 경주시 남남서쪽 15km 지역,KMA
1743,2017-06-10 23:46:04,1.6,ML,10.4,35.742,129.191,경북 경주시 남남서쪽 13km 지역,KMA
1744,2017-06-11 15:03:02,2.4,ML,7.4,36.265,124.343,충남 태안군 서남서쪽 182km 해역,KMA
1745,2017-06-11 22:56:26,1.8,ML,10.4,36.922,127.417,충북 청주시 북북서쪽 32km 지역,KMA
1746,2017-06-12 00:30:12,1.8,ML,21.2,32.919,126.498,제주 서귀포시 남쪽 38km 해역,KMA
1747,2017-06-13 17:10:58,1.8,ML,10.1,35.638,126.832,전북 부안군 남동쪽 14km 지역,KMA
1748,2017-06-15 14:03:49,2.0,ML,38.0,35.64,130.405,경북 포항시 동남동쪽 104km 해역,KMA
1749,2017-06-19 06:43:38,3.2,ML,26.5,37.175,128.365,강원 원주시 동남동쪽 43km 지역,KMA
1750,2017-06-19 13:43:11,1.6,ML,7.7,35.649,128.384,대구 달성군 남남서쪽 15km 지역,KMA
1751,2017-06-20 16:29:46,2.1,ML,12.2,37.186,127.773,강원 원주시 남서쪽 22km 지역,KMA
1752,2017-06-21 04:59:01,1.7,ML,11.9,35.758,129.157,경북 경주시 남남서쪽 12km 지역,KMA
1753,2017-06-22 01:57:54,1.9,ML,10.3,35.773,129.193,경북 경주시 남남서쪽 10km 지역,KMA
1754,2017-06-25 17:07:15,2.4,ML,,33.511,126.965,제주 제주시 동쪽 40km 해역,KMA
1755,2017-06-27 14:37:39,1.8,ML,19.9,36.871,128.283,경북 문경시 북북동쪽 33km 지역,KMA
1756,2017-06-27 23:56:01,2.2,ML,14.3,34.042,127.688,전남 여수시 남쪽 80km 해역,KMA
1757,2017-06-28 15:31:14,1.9,ML,8.5,36.652,129.179,경북 영덕군 북북서쪽 31km 지역,KMA
1758,2017-06-30 22:41:11,2.8,ML,13.9,35.75,129.184,경북 경주시 남남서쪽 12km 지역,KMA
1759,2017-07-01 02:23:38,2.2,ML,14.4,35.758,129.186,경북 경주시 남남서쪽 11km 지역,KMA
1760,2017-07-01 20:27:49,1.6,ML,10.3,35.514,128.793,경남 창원시 북북동쪽 33km 지역,KMA
1761,2017-07-02 03:20:27,2.0,ML,9.2,35.811,128.893,경북 경주시 서쪽 30km 지역,KMA
1762,2017-07-02 15:53:20,1.6,ML,16.1,35.758,129.205,경북 경주시 남쪽 11km 지역,KMA
1763,2017-07-03 10:30:51,1.9,ML,13.5,35.757,129.197,경북 경주시 남남서쪽 11km 지역,KMA
1764,2017-07-07 16:35:20,2.5,ML,12.6,35.756,129.182,경북 경주시 남남서쪽 12km 지역,KMA
1765,2017-07-08 01:46:06,1.6,ML,17.2,33.45,126.821,제주 제주시 동남동쪽 27km 해역,KMA
1766,2017-07-08 06:04:00,2.3,ML,16.4,36.166,130.225,경북 포항시 동북동쪽 81km 해역,KMA
1767,2017-07-10 02:03:21,1.8,ML,12.0,35.786,129.188,경북 경주시 남남서쪽 8km 지역,KMA
1768,2017-07-10 05:30:37,1.6,ML,18.6,36.915,127.727,충북 충주시 서남서쪽 20km 지역,KMA
1769,2017-07-13 15:17:36,1.5,ML,13.4,35.772,129.191,경북 경주시 남남서쪽 10km 지역,KMA
1770,2017-07-13 23:00:04,1.4,ML,10.0,37.573,129.648,강원 삼척시 동북동쪽 45km 해역,KMA
1771,2017-07-14 14:43:15,1.5,ML,12.8,35.758,129.182,경북 경주시 남남서쪽 12km 지역,KMA
1772,2017-07-15 00:38:24,1.6,ML,9.6,35.233,127.678,경남 진주시 서쪽 39km 지역,KMA
1773,2017-07-17 21:31:23,2.1,ML,14.9,35.771,129.192,경북 경주시 남남서쪽 10km 지역,KMA
1774,2017-07-18 01:11:35,1.7,ML,10.0,35.216,124.842,전남 목포시 서북서쪽 148km 해역,KMA
1775,2017-07-19 13:17:50,1.6,ML,9.3,37.395,125.442,인천 옹진군 서쪽 76km 해역,KMA
1776,2017-07-22 02:12:50,1.9,ML,12.6,35.74,129.194,경북 경주시 남남서쪽 13km 지역,KMA
1777,2017-07-26 22:59:19,2.4,ML,10.6,35.759,129.176,경북 경주시 남남서쪽 12km 지역,KMA
1778,2017-07-28 05:22:15,1.9,ML,7.1,36.015,128.581,대구 달성군 북북동쪽 30km 지역,KMA
1779,2017-07-30 19:29:03,3.2,ML,15.7,35.743,129.187,경북 경주시 남남서쪽 13km 지역,KMA
1780,2017-07-31 15:30:43,1.6,ML,13.2,35.79,129.191,경북 경주시 남남서쪽 8km 지역,KMA
1781,2017-08-02 01:27:17,1.7,ML,13.3,35.046,125.465,전남 목포시 서북서쪽 88km 해역,KMA
1782,2017-08-02 17:08:25,1.9,ML,16.1,36.893,125.005,충남 태안군 서쪽 116km 해역,KMA
1783,2017-08-03 17:48:12,1.8,ML,18.1,36.249,128.554,경북 안동시 남남서쪽 39km 지역,KMA
1784,2017-08-06 14:24:33,1.8,ML,9.1,35.638,129.026,울산 울주군 서북서쪽 21km 지역,KMA
1785,2017-08-07 04:09:33,3.0,ML,8.2,37.633,128.318,강원 원주시 북동쪽 48km 지역,KMA
1786,2017-08-07 10:46:41,2.1,ML,17.2,35.76,129.169,경북 경주시 남남서쪽 12km 지역,KMA
1787,2017-08-07 20:09:10,1.9,ML,13.6,35.787,129.183,경북 경주시 남남서쪽 9km 지역,KMA
1788,2017-08-08 02:16:12,2.2,ML,13.8,35.753,129.188,경북 경주시 남남서쪽 12km 지역,KMA
1789,2017-08-09 19:54:19,2.2,ML,9.7,35.76,129.199,경북 경주시 남남서쪽 11km 지역,KMA
1790,2017-08-10 21:08:44,1.5,ML,13.1,35.775,129.179,경북 경주시 남남서쪽 10km 지역,KMA
1791,2017-08-11 11:23:46,1.7,ML,16.0,33.803,126.423,제주 제주시 북북서쪽 35km 해역,KMA
1792,2017-08-14 18:38:42,1.6,ML,11.1,36.859,124.793,충남 태안군 서쪽 134km 해역,KMA
1793,2017-08-16 01:41:34,2.4,ML,9.0,37.103,126.819,경기 화성시 남쪽 11km 지역,KMA
1794,2017-08-18 05:03:22,1.4,ML,12.5,36.607,130.273,경북 영덕군 동북동쪽 84km 해역,KMA
1795,2017-08-21 22:54:14,1.9,ML,8.7,35.781,129.199,경북 경주시 남남서쪽 9km 지역,KMA
1796,2017-08-22 10:08:04,1.7,ML,8.0,34.841,127.019,광주 광산구 남남동쪽 39km 지역,KMA
1797,2017-08-22 19:56:31,1.5,ML,23.3,36.137,130.137,경북 포항시 동쪽 72km 해역,KMA
1798,2017-08-22 21:36:20,3.9,ML,13.1,34.879,125.333,전남 목포시 서쪽 97km 해역,KMA
1799,2017-08-23 05:01:08,2.1,ML,13.6,35.753,129.173,경북 경주시 남남서쪽 12km 지역,KMA
1800,2017-08-24 06:11:32,1.6,ML,6.3,35.365,127.433,전북 전주시 남남동쪽 57km 지역,KMA
1801,2017-08-26 09:12:22,1.8,ML,7.7,35.244,129.048,부산 기장군 서쪽 16km 지역,KMA
1802,2017-08-27 17:32:43,1.9,ML,19.6,36.061,127.921,경상북도 김천시 서남서쪽 19km 지역,KMA
1803,2017-08-30 09:54:24,1.7,ML,12.4,36.598,128.82,경북 안동시 동북동쪽 9km 지역,KMA
1804,2017-08-31 20:09:04,1.5,ML,10.7,34.879,125.426,전남 목포시 서쪽 88km 해역,KMA
1805,2017-09-04 20:34:13,1.5,ML,8.0,37.451,125.83,인천 옹진군 서북서쪽 45km 해역,KMA
1806,2017-09-05 21:39:42,2.0,ML,11.0,35.761,129.183,경북 경주시 남남서쪽 11km 지역,KMA
1807,2017-09-13 09:54:08,1.9,ML,11.6,36.583,127.288,충북 청주시 서남서쪽 19km 지역,KMA
1808,2017-09-14 01:47:30,2.5,ML,19.2,36.701,125.501,충남 태안군 서쪽 71km 해역,KMA
1809,2017-09-14 08:13:49,2.4,ML,11.8,35.233,127.925,경남 진주시 서북서쪽 18km 지역,KMA
1810,2017-09-14 08:56:20,2.3,ML,,36.799,124.677,충남 태안군 서쪽 144km 해역,KMA
1811,2017-09-15 05:17:32,1.9,ML,14.8,35.634,130.127,울산 울주군 동쪽 80km 해역,KMA
1812,2017-09-16 21:08:12,1.6,ML,13.3,36.373,128.241,경북 상주시 동남동쪽 8km 지역,KMA
1813,2017-09-18 23:39:47,2.5,ML,15.3,35.749,129.204,경북 경주시 남쪽 12km 지역,KMA
1814,2017-09-20 06:09:24,2.5,ML,14.2,36.669,127.974,경북 문경시 서북서쪽 21km 지역,KMA
1815,2017-09-23 07:52:33,2.3,ML,10.3,35.115,129.228,부산 기장군 남쪽 14km 지역,KMA
1816,2017-09-23 18:07:37,1.7,ML,9.9,35.898,128.502,대구 달성군 북북동쪽 15km 지역,KMA
1817,2017-09-24 13:08:11,1.9,ML,15.9,36.994,125.776,충남 태안군 서북서쪽 54km 해역,KMA
1818,2017-09-28 15:26:14,1.5,ML,16.0,35.763,129.194,경북 경주시 남남서쪽 11km 지역,KMA
1819,2017-09-30 08:41:35,2.0,ML,24.2,36.927,128.273,충북 충주시 동남동쪽 32km 지역,KMA
1820,2017-10-03 15:57:17,1.4,ML,13.5,36.024,128.315,경북 김천시 남동쪽 22km 지역,KMA
1821,2017-10-05 22:06:16,1.7,ML,8.0,35.567,128.896,울산 울주군 서쪽 31km 지역,KMA
1822,2017-10-06 18:20:17,1.2,ML,10.0,35.49,129.237,울산 울주군 남쪽 8km 지역,KMA
1823,2017-10-07 19:03:32,1.4,ML,16.0,36.324,127.789,경북 상주시 서남서쪽 34km 지역,KMA
1824,2017-10-10 04:48:42,2.3,ML,12.9,35.315,128.496,경남 창원시 서북서쪽 19km 지역,KMA
1825,2017-10-13 23:53:45,3.1,ML,10.0,36.098,130.295,경북 포항시 동쪽 86km 해역,KMA
1826,2017-10-15 12:47:30,2.3,ML,9.6,35.767,129.186,경북 경주시 남남서쪽 10km 지역,KMA
1827,2017-10-15 17:50:41,2.0,ML,8.7,35.035,129.425,부산 기장군 남동쪽 30km 지역,KMA
1828,2017-10-17 20:29:15,1.6,ML,14.0,35.239,127.608,경남 진주시 서쪽 46km 지역,KMA
1829,2017-10-20 21:15:29,3.7,ML,6.5,35.653,127.956,경남 합천군 서북서쪽 21km 지역,KMA
1830,2017-10-22 01:02:33,2.7,ML,15.5,37.441,130.674,경북 울진군 동북동쪽 123km 해역,KMA
1831,2017-10-23 18:03:25,2.3,ML,8.0,35.787,129.198,경북 경주시 남남서쪽 8km 지역,KMA
1832,2017-10-27 21:18:05,2.1,ML,21.0,33.371,127.285,제주 서귀포시 동쪽 69km 해역,KMA
1833,2017-10-29 04:21:11,1.9,ML,21.7,36.381,128.419,경북 상주시 동쪽 23km 지역,KMA
1834,2017-10-30 12:06:41,1.9,ML,5.8,33.339,126.107,제주 제주시 서남서쪽 43km 해역,KMA
1835,2017-10-30 19:37:48,1.7,ML,14.6,36.607,128.193,경북 문경시 북북동쪽 2km 지역,KMA
1836,2017-10-31 21:39:11,2.3,ML,7.3,36.314,128.858,경북 안동시 남남동쪽 30km 지역,KMA
1837,2017-10-31 21:39:11,2.3,ML,7.3,36.314,128.858,경북 안동시 남남동쪽 30km 지역,KMA
1838,2017-11-01 23:41:47,2.0,ML,10.0,34.861,124.594,전남 목포시 서쪽 164km 해역,KMA
1839,2017-11-02 05:03:17,1.4,ML,8.4,36.224,128.347,경상북도 김천시 동북동쪽 23km 지역,KMA
1840,2017-11-02 12:31:03,1.6,ML,15.7,37.725,127.432,강원 춘천시 서남서쪽 31km 지역,KMA
1841,2017-11-04 18:04:20,1.8,ML,16.9,35.768,129.185,경북 경주시 남남서쪽 10km 지역,KMA
1842,2017-11-06 00:52:01,2.5,ML,14.1,35.679,128.549,대구 달성군 남동쪽 15km 지역,KMA
1843,2017-11-10 05:25:19,1.8,ML,21.4,35.226,124.583,전남 목포시 서북서쪽 171km 해역,KMA
1844,2017-11-13 02:29:45,2.2,ML,7.2,34.878,126.9,광주 광산구 남남동쪽 31km 지역,KMA
1845,2017-11-15 14:29:31,5.4,ML,7.0,36.109,129.366,경북 포항시 북북동쪽 10km 지역,KMA
1846,2017-11-15 14:30:42,2.6,ML,4.0,36.111,129.347,경북 포항시 북쪽 10km 지역,KMA
1847,2017-11-15 14:31:10,2.4,ML,5.3,36.086,129.345,경북 포항시 북쪽 7km 지역,KMA
1848,2017-11-15 14:52:53,2.8,ML,6.0,36.114,129.365,경북 포항시 북쪽 11km 지역,KMA
1849,2017-11-15 14:55:06,2.6,ML,7.5,36.123,129.364,경북 포항시 북쪽 12km 지역,KMA
1850,2017-11-15 14:58:58,2.2,ML,5.9,36.119,129.367,경북 포항시 북쪽 11km 지역,KMA
1851,2017-11-15 15:16:52,2.3,ML,6.1,36.104,129.355,경북 포항시 북쪽 9km 지역,KMA
1852,2017-11-15 15:19:49,3.3,ML,5.9,36.092,129.366,경북 포항시 북북동쪽 8km 지역,KMA
1853,2017-11-15 15:37:13,3.0,ML,9.0,36.094,129.366,경북 포항시 북북동쪽 9km 지역,KMA
1854,2017-11-15 15:43:41,2.3,ML,7.3,36.12,129.373,경북 포항시 북북동쪽 12km 지역,KMA
1855,2017-11-15 15:58:11,3.1,ML,4.1,36.105,129.374,경북 포항시 북북동쪽 10km 지역,KMA
1856,2017-11-15 16:12:23,2.8,ML,4.4,36.106,129.362,경북 포항시 북쪽 10km 지역,KMA
1857,2017-11-15 16:46:26,2.6,ML,5.1,36.088,129.364,경북 포항시 북북동쪽 8km 지역,KMA
1858,2017-11-15 16:50:47,2.4,ML,5.1,36.099,129.366,경북 포항시 북북동쪽 9km 지역,KMA
1859,2017-11-15 16:56:09,2.3,ML,5.8,36.106,129.354,경북 포항시 북쪽 10km 지역,KMA
1860,2017-11-15 17:22:53,3.1,ML,5.9,36.098,129.348,경북 포항시 북쪽 9km 지역,KMA
1861,2017-11-15 17:27:01,2.4,ML,5.9,36.102,129.37,경북 포항시 북북동쪽 10km 지역,KMA
1862,2017-11-15 18:55:26,2.4,ML,4.4,36.099,129.362,경상북도 포항시 북쪽 9km 지역,KMA
1863,2017-11-15 18:56:29,2.2,ML,8.2,36.103,129.357,경북 포항시 북쪽 9km 지역,KMA
1864,2017-11-15 19:02:10,2.7,ML,6.7,36.089,129.359,경북 포항시 북쪽 8km 지역,KMA
1865,2017-11-15 19:07:11,2.3,ML,5.4,36.087,129.347,경북 포항시 북쪽 8km 지역,KMA
1866,2017-11-15 19:17:22,2.2,ML,6.0,36.087,129.342,경북 포항시 북쪽 8km 지역,KMA
1867,2017-11-15 19:51:53,2.6,ML,6.8,36.125,129.349,경상북도 포항시 북쪽 12km 지역,KMA
1868,2017-11-15 20:00:28,2.7,ML,5.2,36.11,129.347,경북 포항시 북쪽 10km 지역,KMA
1869,2017-11-15 20:19:10,2.1,ML,4.2,36.104,129.347,경북 포항시 북쪽 9km 지역,KMA
1870,2017-11-15 20:58:23,2.5,ML,5.6,36.101,129.374,경상북도 포항시 북북동쪽 10km 지역,KMA
1871,2017-11-15 21:43:42,2.7,ML,5.2,36.092,129.362,경상북도 포항시 북북동쪽 8km 지역,KMA
1872,2017-11-15 21:58:04,1.9,ML,5.2,36.096,129.371,경북 포항시 북북동쪽 9km 지역,KMA
1873,2017-11-15 22:24:45,2.1,ML,4.8,36.116,129.354,경북 포항시 북쪽 11km 지역,KMA
1874,2017-11-15 23:24:18,3.9,ML,5.3,36.103,129.364,경북 포항시 북북동쪽 10km 지역,KMA
1875,2017-11-15 23:44:24,1.9,ML,7.8,36.113,129.357,경북 포항시 북쪽 11km 지역,KMA
1876,2017-11-16 00:13:58,2.2,ML,5.8,36.11,129.361,경북 포항시 북쪽 10km 지역,KMA
1877,2017-11-16 00:24:30,2.2,ML,4.2,36.11,129.366,경북 포항시 북북동쪽 10km 지역,KMA
1878,2017-11-16 01:05:25,2.2,ML,6.5,36.111,129.367,경북 포항시 북북동쪽 10km 지역,KMA
1879,2017-11-16 01:15:58,2.5,ML,8.7,36.115,129.35,경북 포항시 북쪽 11km 지역,KMA
1880,2017-11-16 02:06:30,2.1,ML,6.9,36.117,129.371,경북 포항시 북북동쪽 11km 지역,KMA
1881,2017-11-16 02:25:00,2.7,ML,4.0,36.105,129.354,경북 포항시 북쪽 10km 지역,KMA
1882,2017-11-16 04:37:58,1.8,ML,5.6,36.126,129.341,경북 포항시 북쪽 12km 지역,KMA
1883,2017-11-16 05:18:18,1.8,ML,4.7,36.112,129.38,경북 포항시 북북동쪽 11km 지역,KMA
1884,2017-11-16 05:37:59,2.8,ML,7.0,36.091,129.356,경북 포항시 북쪽 8km 지역,KMA
1885,2017-11-16 06:29:20,2.4,ML,6.2,36.096,129.344,경상북도 포항시 북쪽 9km 지역,KMA
1886,2017-11-16 07:06:25,1.9,ML,5.5,36.101,129.371,경북 포항시 북북동쪽 9km 지역,KMA
1887,2017-11-16 08:39:30,2.0,ML,6.6,36.092,129.36,경북 포항시 북쪽 8km 지역,KMA
1888,2017-11-16 08:40:28,2.2,ML,6.0,36.111,129.354,경북 포항시 북쪽 10km 지역,KMA
1889,2017-11-16 08:41:35,2.9,ML,6.1,36.107,129.352,경북 포항시 북쪽 10km 지역,KMA
1890,2017-11-16 08:56:45,2.0,ML,6.4,36.107,129.352,경북 포항시 북쪽 10km 지역,KMA
1891,2017-11-16 11:43:39,2.1,ML,3.8,36.112,129.368,경상북도 포항시 북북동쪽 11km 지역,KMA
1892,2017-11-16 11:57:57,3.5,ML,4.7,36.086,129.363,경북 포항시 북북동쪽 8km 지역,KMA
1893,2017-11-16 13:15:13,1.7,ML,5.1,36.101,129.365,경북 포항시 북북동쪽 9km 지역,KMA
1894,2017-11-16 13:46:09,1.8,ML,7.6,36.094,129.349,경북 포항시 북쪽 8km 지역,KMA
1895,2017-11-16 14:10:41,2.0,ML,5.1,36.102,129.349,경북 포항시 북쪽 9km 지역,KMA
1896,2017-11-16 14:32:50,2.0,ML,7.3,36.104,129.368,경북 포항시 북북동쪽 10km 지역,KMA
1897,2017-11-16 15:12:08,1.7,ML,5.9,36.101,129.361,경북 포항시 북쪽 9km 지역,KMA
1898,2017-11-16 16:24:57,1.7,ML,7.0,36.105,129.368,경북 포항시 북북동쪽 10km 지역,KMA
1899,2017-11-16 18:10:41,1.9,ML,10.0,35.748,130.04,경북 포항시 동남동쪽 69km 해역,KMA
1900,2017-11-16 18:45:40,1.9,ML,4.0,36.105,129.354,경북 포항시 북쪽 10km 지역,KMA
1901,2017-11-16 18:51:54,2.3,ML,4.6,36.106,129.359,경북 포항시 북쪽 10km 지역,KMA
1902,2017-11-16 19:33:22,2.1,ML,6.1,36.106,129.36,경북 포항시 북쪽 10km 지역,KMA
1903,2017-11-16 22:40:56,1.7,ML,5.9,36.098,129.36,경북 포항시 북쪽 9km 지역,KMA
1904,2017-11-17 02:24:35,1.8,ML,3.9,36.107,129.359,경북 포항시 북쪽 10km 지역,KMA
1905,2017-11-17 03:49:05,1.8,ML,3.8,36.123,129.34,경북 포항시 북쪽 12km 지역,KMA
1906,2017-11-17 05:15:39,2.0,ML,8.5,36.101,129.348,경북 포항시 북쪽 9km 지역,KMA
1907,2017-11-17 05:42:39,1.9,ML,4.8,36.12,129.374,경북 포항시 북북동쪽 12km 지역,KMA
1908,2017-11-17 06:15:04,2.9,ML,4.1,36.101,129.372,경북 포항시 북북동쪽 9km 지역,KMA
1909,2017-11-17 06:36:13,1.6,ML,7.0,36.109,129.352,경북 포항시 북쪽 10km 지역,KMA
1910,2017-11-17 07:41:19,3.0,ML,3.6,36.106,129.369,경북 포항시 북북동쪽 10km 지역,KMA
1911,2017-11-17 10:20:17,1.9,ML,4.7,36.094,129.365,경북 포항시 북북동쪽 9km 지역,KMA
1912,2017-11-17 11:51:56,1.6,ML,5.2,36.103,129.374,경북 포항시 북북동쪽 10km 지역,KMA
1913,2017-11-17 12:19:01,2.2,ML,4.8,36.11,129.35,경북 포항시 북쪽 10km 지역,KMA
1914,2017-11-17 13:00:58,1.7,ML,7.6,37.083,127.519,충북 충주시 서북서쪽 38km 지역,KMA
1915,2017-11-17 13:14:57,2.5,ML,7.4,36.092,129.368,경북 포항시 북북동쪽 8km 지역,KMA
1916,2017-11-17 19:42:56,3.3,ML,5.4,36.108,129.353,경북 포항시 북쪽 10km 지역,KMA
1917,2017-11-17 19:48:57,2.5,ML,5.5,36.112,129.357,경북 포항시 북쪽 10km 지역,KMA
1918,2017-11-17 19:53:22,2.1,ML,6.6,36.101,129.364,경북 포항시 북북동쪽 9km 지역,KMA
1919,2017-11-17 20:50:34,1.6,ML,5.6,36.099,129.355,경북 포항시 북쪽 9km 지역,KMA
1920,2017-11-17 21:37:27,2.5,ML,8.1,36.114,129.371,경북 포항시 북북동쪽 11km 지역,KMA
1921,2017-11-17 21:54:43,1.9,ML,7.2,36.102,129.348,경북 포항시 북쪽 9km 지역,KMA
1922,2017-11-17 23:11:38,2.1,ML,4.2,36.111,129.353,경북 포항시 북쪽 10km 지역,KMA
1923,2017-11-18 03:34:29,2.8,ML,5.2,36.105,129.348,경북 포항시 북쪽 10km 지역,KMA
1924,2017-11-18 04:37:16,2.6,ML,6.0,36.112,129.362,경북 포항시 북쪽 10km 지역,KMA
1925,2017-11-18 05:47:33,1.6,ML,7.6,36.107,129.356,경북 포항시 북쪽 10km 지역,KMA
1926,2017-11-18 09:11:01,1.7,ML,8.7,36.099,129.375,경북 포항시 북북동쪽 9km 지역,KMA
1927,2017-11-18 10:28:03,1.9,ML,3.5,36.106,129.351,경북 포항시 북쪽 10km 지역,KMA
1928,2017-11-18 21:10:15,2.4,ML,3.8,36.103,129.345,경북 포항시 북쪽 9km 지역,KMA
1929,2017-11-19 00:26:57,1.6,ML,2.2,36.112,129.353,경북 포항시 북쪽 10km 지역,KMA
1930,2017-11-19 01:10:46,1.5,ML,4.9,36.108,129.339,경북 포항시 북쪽 10km 지역,KMA
1931,2017-11-19 01:13:20,1.8,ML,5.4,36.116,129.373,경북 포항시 북북동쪽 11km 지역,KMA
1932,2017-11-19 01:32:07,1.8,ML,4.8,36.102,129.362,경북 포항시 북쪽 9km 지역,KMA
1933,2017-11-19 01:52:24,1.8,ML,6.7,36.112,129.344,경북 포항시 북쪽 10km 지역,KMA
1934,2017-11-19 02:41:40,1.5,ML,6.8,36.084,129.377,경상북도 포항시 북북동쪽 8km 지역,KMA
1935,2017-11-19 03:05:35,2.5,ML,3.7,36.09,129.354,경북 포항시 북쪽 8km 지역,KMA
1936,2017-11-19 09:16:09,1.7,ML,4.9,36.112,129.349,경북 포항시 북쪽 10km 지역,KMA
1937,2017-11-19 11:28:55,1.6,ML,16.9,36.654,125.679,충남 태안군 서쪽 56km 해역,KMA
1938,2017-11-19 12:09:56,2.1,ML,6.6,36.094,129.362,경북 포항시 북북동쪽 8km 지역,KMA
1939,2017-11-19 16:39:41,1.9,ML,7.7,36.849,130.679,경상북도 울진군 동쪽 115km 해역,KMA
1940,2017-11-19 17:10:46,2.0,ML,3.0,36.093,129.366,경북 포항시 북북동쪽 8km 지역,KMA
1941,2017-11-19 18:12:40,1.7,ML,15.2,35.495,126.54,전북 부안군 남남서쪽 32km 지역,KMA
1942,2017-11-19 21:03:37,2.0,ML,7.1,36.107,129.359,경북 포항시 북쪽 10km 지역,KMA
1943,2017-11-19 21:16:52,2.0,ML,5.0,36.102,129.353,경북 포항시 북쪽 9km 지역,KMA
1944,2017-11-20 00:07:12,1.7,ML,7.2,36.105,129.358,경북 포항시 북쪽 10km 지역,KMA
1945,2017-11-20 03:09:30,1.8,ML,2.4,36.103,129.371,경북 포항시 북북동쪽 10km 지역,KMA
1946,2017-11-20 07:13:31,2.1,ML,6.5,36.105,129.359,경북 포항시 북쪽 10km 지역,KMA
1947,2017-11-20 10:26:09,1.6,ML,5.0,36.089,129.395,경북 포항시 북북동쪽 9km 지역,KMA
1948,2017-11-20 13:08:57,1.5,ML,7.2,36.111,129.372,경북 포항시 북북동쪽 11km 지역,KMA
1949,2017-11-20 14:14:54,3.0,ML,3.4,36.124,129.352,경북 포항시 북쪽 12km 지역,KMA
1950,2017-11-20 17:57:38,2.3,ML,5.3,36.107,129.361,경북 포항시 북쪽 10km 지역,KMA
1951,2017-11-20 23:05:21,2.4,ML,4.1,36.103,129.354,경북 포항시 북쪽 9km 지역,KMA
1952,2017-11-21 03:58:28,1.8,ML,4.5,36.125,129.36,경북 포항시 북쪽 12km 지역,KMA
1953,2017-11-21 19:17:37,1.5,ML,3.1,36.081,129.346,경북 포항시 북쪽 7km 지역,KMA
1954,2017-11-21 22:47:27,1.6,ML,5.0,36.113,129.367,경북 포항시 북북동쪽 11km 지역,KMA
1955,2017-11-22 07:39:06,2.1,ML,6.8,36.113,129.372,경북 포항시 북북동쪽 11km 지역,KMA
1956,2017-11-23 03:46:30,2.3,ML,5.5,36.111,129.368,경북 포항시 북북동쪽 10km 지역,KMA
1957,2017-11-23 04:15:48,1.7,ML,8.9,36.111,129.353,경북 포항시 북쪽 10km 지역,KMA
1958,2017-11-23 07:15:06,1.5,ML,4.5,36.119,129.362,경북 포항시 북쪽 11km 지역,KMA
1959,2017-11-23 12:29:25,2.1,ML,3.8,36.109,129.341,경북 포항시 북쪽 10km 지역,KMA
1960,2017-11-24 02:41:04,2.7,ML,4.5,36.106,129.335,경북 포항시 북쪽 10km 지역,KMA
1961,2017-11-24 16:31:37,1.9,ML,3.7,36.106,129.351,경북 포항시 북쪽 10km 지역,KMA
1962,2017-11-24 17:47:00,1.7,ML,8.0,36.101,129.346,경북 포항시 북쪽 9km 지역,KMA
1963,2017-11-25 11:49:02,2.3,ML,6.2,36.122,129.366,경북 포항시 북쪽 12km 지역,KMA
1964,2017-11-25 18:42:45,1.6,ML,7.4,36.108,129.375,경상북도 포항시 북북동쪽 10km 지역,KMA
1965,2017-11-25 19:43:24,1.6,ML,10.0,36.136,128.263,경북 김천시 동쪽 13km 지역,KMA
1966,2017-11-25 21:20:20,2.3,ML,5.2,36.108,129.368,경북 포항시 북북동쪽 10km 지역,KMA
1967,2017-11-26 07:38:00,2.5,ML,3.5,36.122,129.347,경북 포항시 북쪽 11km 지역,KMA
1968,2017-11-26 08:12:32,2.1,ML,4.7,36.091,129.369,경북 포항시 북북동쪽 8km 지역,KMA
1969,2017-11-26 09:52:31,2.9,ML,15.0,35.771,129.169,경북 경주시 남남서쪽 11km 지역,KMA
1970,2017-11-26 14:45:01,1.7,ML,3.2,36.105,129.349,경북 포항시 북쪽 10km 지역,KMA
1971,2017-11-26 15:06:50,1.5,ML,4.0,36.105,129.353,경상북도 포항시 북쪽 10km 지역,KMA
1972,2017-11-26 20:11:26,1.5,ML,7.4,36.111,129.363,경북 포항시 북쪽 10km 지역,KMA
1973,2017-11-26 22:44:55,1.7,ML,6.3,36.118,129.35,경북 포항시 북쪽 11km 지역,KMA
1974,2017-11-27 14:53:36,2.5,ML,7.5,36.099,129.381,경상북도 포항시 북북동쪽 10km 지역,KMA
1975,2017-11-27 17:36:45,1.9,ML,13.7,35.347,128.997,부산 기장군 서북서쪽 23km 지역,KMA
1976,2017-11-27 21:56:37,2.6,ML,5.4,36.11,129.362,경북 포항시 북쪽 10km 지역,KMA
1977,2017-11-28 06:44:09,3.0,ML,11.5,34.312,127.122,전남 해남군 동남동쪽 56km 해역,KMA
1978,2017-11-28 11:55:45,1.6,ML,5.5,36.103,129.362,경북 포항시 북쪽 9km 지역,KMA
1979,2017-11-28 13:38:03,1.5,ML,6.8,36.112,129.358,경북 포항시 북쪽 10km 지역,KMA
1980,2017-11-28 15:39:24,2.3,ML,6.7,36.099,129.373,경북 포항시 북북동쪽 9km 지역,KMA
1981,2017-11-28 20:53:57,2.2,ML,15.3,35.307,128.891,경남 창원시 동북동쪽 21km 지역,KMA
1982,2017-11-29 05:42:49,1.8,ML,5.1,36.1,129.377,경북 포항시 북북동쪽 9km 지역,KMA
1983,2017-11-30 05:50:19,1.7,ML,5.9,36.118,129.364,경북 포항시 북쪽 11km 지역,KMA
1984,2017-11-30 21:49:02,2.4,ML,2.4,36.104,129.352,경북 포항시 북쪽 9km 지역,KMA
1985,2017-12-01 08:54:22,2.1,ML,29.2,33.248,126.864,제주 서귀포시 동쪽 28km 해역,KMA
1986,2017-12-01 10:04:41,2.0,ML,15.8,36.206,129.441,경북 포항시 북북동쪽 23km 지역,KMA
1987,2017-12-01 18:36:53,1.6,ML,6.8,36.111,129.353,경북 포항시 북쪽 10km 지역,KMA
1988,2017-12-02 02:47:56,1.4,ML,6.7,36.101,129.358,경북 포항시 북쪽 9km 지역,KMA
1989,2017-12-02 04:33:41,1.5,ML,3.9,36.123,129.348,경북 포항시 북쪽 12km 지역,KMA
1990,2017-12-02 08:20:33,2.4,ML,6.8,36.119,129.363,경북 포항시 북쪽 11km 지역,KMA
1991,2017-12-02 18:06:01,2.6,ML,8.1,36.096,129.349,경북 포항시 북쪽 9km 지역,KMA
1992,2017-12-03 13:00:25,1.4,ML,11.9,35.793,128.654,대구 달성군 동쪽 20km 지역,KMA
1993,2017-12-03 14:21:28,1.6,ML,3.5,36.092,129.361,경북 포항시 북북동쪽 8km 지역,KMA
1994,2017-12-03 16:16:27,1.9,ML,4.5,36.101,129.358,경북 포항시 북쪽 9km 지역,KMA
1995,2017-12-04 04:55:47,2.1,ML,13.4,36.622,128.127,경북 문경시 북서쪽 7km 지역,KMA
1996,2017-12-04 11:50:33,1.8,ML,6.6,36.101,129.365,경북 포항시 북북동쪽 9km 지역,KMA
1997,2017-12-04 12:02:25,2.1,ML,5.6,36.111,129.361,경북 포항시 북쪽 10km 지역,KMA
1998,2017-12-04 13:29:43,1.3,ML,6.4,36.111,129.34,경북 포항시 북쪽 10km 지역,KMA
1999,2017-12-04 16:51:58,1.6,ML,6.1,36.091,129.363,경북 포항시 북북동쪽 8km 지역,KMA
2000,2017-12-05 04:32:48,1.7,ML,5.3,36.119,129.361,경북 포항시 북쪽 11km 지역,KMA
2001,2017-12-06 15:03:01,1.8,ML,13.6,35.775,129.19,경북 경주시 남남서쪽 10km 지역,KMA
2002,2017-12-06 15:31:02,1.7,ML,5.0,36.098,129.367,경북 포항시 북북동쪽 9km 지역,KMA
2003,2017-12-07 05:07:30,2.3,ML,19.3,37.288,130.779,경북 울진군 동북동쪽 127km 해역,KMA
2004,2017-12-07 22:48:25,1.8,ML,7.1,36.108,129.35,경상북도 포항시 북쪽 10km 지역,KMA
2005,2017-12-08 10:32:00,2.0,ML,8.6,36.125,129.355,경북 포항시 북쪽 12km 지역,KMA
2006,2017-12-09 02:27:40,1.9,ML,5.6,36.09,129.355,경북 포항시 북쪽 8km 지역,KMA
2007,2017-12-09 09:16:02,2.5,ML,14.5,36.241,128.41,경북 김천시 동북동쪽 29km 지역,KMA
2008,2017-12-10 18:09:23,1.8,ML,5.3,36.101,129.366,경북 포항시 북북동쪽 9km 지역,KMA
2009,2017-12-11 09:21:30,2.3,ML,25.6,35.662,129.069,울산 울주군 북서쪽 19km 지역,KMA
2010,2017-12-11 11:03:52,1.7,ML,0.6,37.37,128.037,강원 원주시 동북동쪽 11km 지역,KMA
2011,2017-12-12 06:33:01,2.4,ML,5.5,36.111,129.364,경북 포항시 북쪽 10km 지역,KMA
2012,2017-12-13 02:43:34,1.6,ML,4.4,36.014,128.444,대구 달성군 북쪽 27km 지역,KMA
2013,2017-12-13 10:38:16,1.5,ML,13.1,36.072,129.844,경북 포항시 동쪽 45km 해역,KMA
2014,2017-12-13 12:55:49,2.9,ML,14.7,35.757,129.186,경북 경주시 남남서쪽 12km 지역,KMA
2015,2017-12-14 02:06:36,1.8,ML,7.6,36.574,128.822,경북 안동시 동쪽 8km 지역,KMA
2016,2017-12-14 15:10:40,1.4,ML,6.4,36.094,129.371,경상북도 포항시 북북동쪽 9km 지역,KMA
2017,2017-12-14 15:16:50,1.6,ML,18.0,35.351,128.399,경남 창원시 서북서쪽 29km 지역,KMA
2018,2017-12-15 02:04:13,1.6,ML,3.2,36.093,129.367,경북 포항시 북북동쪽 8km 지역,KMA
2019,2017-12-15 04:08:15,2.3,ML,4.4,36.106,129.342,경북 포항시 북쪽 10km 지역,KMA
2020,2017-12-15 06:17:50,1.6,ML,4.9,36.084,129.352,경북 포항시 북쪽 7km 지역,KMA
2021,2017-12-16 06:56:49,2.1,ML,8.4,36.107,129.372,경북 포항시 북북동쪽 10km 지역,KMA
2022,2017-12-16 10:43:43,1.8,ML,5.4,36.096,129.354,경북 포항시 북쪽 9km 지역,KMA
2023,2017-12-18 03:40:31,2.1,ML,3.7,36.108,129.345,경북 포항시 북쪽 10km 지역,KMA
2024,2017-12-18 20:52:02,1.9,ML,6.2,36.1,129.36,경북 포항시 북쪽 9km 지역,KMA
2025,2017-12-19 07:54:37,1.6,ML,5.1,36.107,129.356,경상북도 포항시 북쪽 10km 지역,KMA
2026,2017-12-19 12:54:46,2.3,ML,0.8,35.512,128.098,경상남도 합천군 남서쪽 9km 지역,KMA
2027,2017-12-19 14:18:08,2.9,ML,6.4,36.117,129.361,경북 포항시 북쪽 11km 지역,KMA
2028,2017-12-19 17:41:59,2.9,ML,7.9,36.1,129.358,경북 포항시 북쪽 9km 지역,KMA
2029,2017-12-20 13:17:38,3.8,ML,10.5,36.566,128.732,경북 안동시 지역,KMA
2030,2017-12-22 09:46:32,2.3,ML,4.9,36.114,129.35,경북 포항시 북쪽 11km 지역,KMA
2031,2017-12-23 03:01:19,1.4,ML,4.8,36.095,129.356,경북 포항시 북쪽 9km 지역,KMA
2032,2017-12-23 12:07:21,2.3,ML,2.3,36.112,129.356,경북 포항시 북쪽 10km 지역,KMA
2033,2017-12-24 16:52:34,1.5,ML,5.4,36.12,129.38,경북 포항시 북북동쪽 12km 지역,KMA
2034,2017-12-25 02:23:44,2.0,ML,14.2,35.778,129.179,경북 경주시 남남서쪽 10km 지역,KMA
2035,2017-12-26 14:56:30,2.0,ML,4.7,36.084,129.379,경북 포항시 북북동쪽 8km 지역,KMA
2036,2017-12-27 07:29:40,1.6,ML,7.0,35.645,128.328,경남 합천군 동북동쪽 17km 지역,KMA
2037,2017-12-28 03:52:46,2.1,ML,19.0,35.068,126.441,전남 목포시 북쪽 29km 지역,KMA
2038,2017-12-28 13:31:09,1.8,ML,3.5,36.099,129.347,경북 포항시 북쪽 9km 지역,KMA
2039,2017-12-31 07:14:32,1.8,ML,10.7,35.766,129.179,경북 경주시 남남서쪽 11km 지역,KMA
2040,2017-12-31 11:40:28,2.9,ML,10.0,37.94,129.884,강원 삼척시 북동쪽 84km 해역,KMA
2041,2018-01-01 03:59:17,1.8,ML,9.5,35.008,128.331,경남 진주시 남동쪽 28km 지역,KMA
2042,2018-01-02 02:28:07,2.1,ML,6.2,36.102,129.353,경북 포항시 북쪽 9km 지역,KMA
2043,2018-01-02 03:12:49,1.8,ML,4.7,36.101,129.37,경북 포항시 북북동쪽 9km 지역,KMA
2044,2018-01-02 12:45:10,1.6,ML,6.7,36.105,129.348,경북 포항시 북쪽 10km 지역,KMA
2045,2018-01-03 03:22:32,1.6,ML,6.8,36.353,128.897,경북 안동시 남남동쪽 28km 지역,KMA
2046,2018-01-03 23:42:11,2.5,ML,5.9,36.104,129.352,경북 포항시 북쪽 9km 지역,KMA
2047,2018-01-04 16:37:46,1.7,ML,13.2,35.719,128.738,대구 달성군 동남동쪽 28km 지역,KMA
2048,2018-01-04 17:53:36,1.5,ML,6.2,36.096,129.353,경북 포항시 북쪽 9km 지역,KMA
2049,2018-01-05 19:13:53,2.1,ML,13.4,35.539,128.065,경남 합천군 서남서쪽 10km 지역,KMA
2050,2018-01-06 01:04:59,1.7,ML,32.1,35.659,127.118,전북 전주시 남쪽 19km 지역,KMA
2051,2018-01-07 10:51:31,1.6,ML,4.1,36.095,129.363,경북 포항시 북북동쪽 9km 지역,KMA
2052,2018-01-10 15:32:15,2.8,ML,17.7,36.519,127.63,충북 청주시 남동쪽 19km 지역,KMA
2053,2018-01-12 05:29:14,1.8,ML,18.3,36.347,128.381,경북 상주시 동남동쪽 21km 지역,KMA
2054,2018-01-12 20:56:52,2.0,ML,4.4,36.104,129.367,경북 포항시 북북동쪽 10km 지역,KMA
2055,2018-01-13 12:05:11,1.6,ML,6.2,36.104,129.365,경북 포항시 북북동쪽 10km 지역,KMA
2056,2018-01-13 14:41:36,1.6,ML,5.5,36.104,129.357,경북 포항시 북쪽 10km 지역,KMA
2057,2018-01-13 22:08:16,2.0,ML,7.5,36.112,129.346,경북 포항시 북쪽 10km 지역,KMA
2058,2018-01-14 22:48:54,1.3,ML,13.5,36.766,127.907,충북 충주시 남쪽 25km 지역,KMA
2059,2018-01-17 10:25:16,3.1,ML,10.5,36.029,128.929,경북 경주시 북서쪽 33km 지역,KMA
2060,2018-01-20 10:49:29,2.1,ML,6.7,35.988,128.372,대구 달성군 북북서쪽 24km 지역,KMA
2061,2018-01-20 11:36:10,1.6,ML,6.2,36.113,129.374,경북 포항시 북북동쪽 11km 지역,KMA
2062,2018-01-20 20:07:34,1.7,ML,12.4,35.142,128.157,경남 진주시 남동쪽 6km 지역,KMA
2063,2018-01-20 21:39:49,1.8,ML,5.8,36.097,129.354,경북 포항시 북쪽 9km 지역,KMA
2064,2018-01-20 23:54:17,1.5,ML,5.7,36.107,129.369,경북 포항시 북북동쪽 10km 지역,KMA
2065,2018-01-22 07:21:18,1.8,ML,11.5,33.172,127.228,제주 서귀포시 동쪽 63km 해역,KMA
2066,2018-01-22 23:00:37,1.7,ML,12.5,35.771,129.187,경북 경주시 남남서쪽 10km 지역,KMA
2067,2018-01-23 06:57:58,2.0,ML,5.6,36.101,129.361,경북 포항시 북쪽 9km 지역,KMA
2068,2018-01-24 12:04:53,1.8,ML,13.1,37.226,129.85,경상북도 울진군 동북동쪽 48km 해역,KMA
2069,2018-01-25 08:01:28,2.0,ML,6.8,36.106,129.362,경북 포항시 북쪽 10km 지역,KMA
2070,2018-01-26 19:23:24,2.0,ML,5.6,36.094,129.365,경북 포항시 북북동쪽 9km 지역,KMA
2071,2018-01-28 14:26:15,1.9,ML,5.9,36.099,129.371,경북 포항시 북북동쪽 9km 지역,KMA
2072,2018-01-28 17:51:12,1.6,ML,17.1,35.608,130.553,경북 포항시 동남동쪽 118km 해역,KMA
2073,2018-01-29 20:40:12,1.6,ML,9.0,36.122,129.369,경북 포항시 북북동쪽 12km 지역,KMA
2074,2018-01-30 01:22:06,1.9,ML,19.1,36.461,125.558,충남 태안군 서남서쪽 73km 해역,KMA
2075,2018-01-30 16:35:19,2.1,ML,0.3,37.356,128.057,강원 원주시 동쪽 12km 지역,KMA
2076,2018-02-02 07:30:19,1.6,ML,10.3,35.695,128.465,대구 달성군 남남동쪽 9km 지역,KMA
2077,2018-02-03 09:59:50,2.2,ML,13.4,35.774,129.194,경북 경주시 남남서쪽 10km 지역,KMA
2078,2018-02-03 23:46:37,3.0,ML,3.4,36.107,129.37,경북 포항시 북북동쪽 10km 지역,KMA
2079,2018-02-04 17:20:00,1.8,ML,5.1,36.096,129.361,경북 포항시 북쪽 9km 지역,KMA
2080,2018-02-07 07:15:37,1.9,ML,10.0,34.605,124.572,전남 목포시 서쪽 167km 해역,KMA
2081,2018-02-07 14:13:43,1.8,ML,7.3,36.116,129.369,경북 포항시 북북동쪽 11km 지역,KMA
2082,2018-02-08 06:21:13,1.7,ML,17.7,33.185,126.001,제주 서귀포시 서쪽 52km 해역,KMA
2083,2018-02-10 23:57:51,1.8,ML,21.1,36.143,128.696,경북 안동시 남쪽 47km 지역,KMA
2084,2018-02-11 05:03:03,4.6,ML,5.0,36.08,129.33,경북 포항시 북쪽 7km 지역,KMA
2085,2018-02-11 21:13:08,1.6,ML,11.4,35.952,128.524,대구 달성군 북북동쪽 21km 지역,KMA
2086,2018-02-12 23:53:30,1.6,ML,11.4,36.044,127.91,경북 김천시 서남서쪽 21km 지역,KMA
2087,2018-02-13 11:59:24,1.6,ML,6.4,36.018,128.605,대구 달성군 북북동쪽 31km 지역,KMA
2088,2018-02-14 20:58:25,1.8,ML,5.7,36.103,129.349,경북 포항시 북쪽 9km 지역,KMA
2089,2018-02-15 00:27:30,1.8,ML,6.9,36.11,129.345,경북 포항시 북쪽 10km 지역,KMA
2090,2018-02-15 05:31:13,1.8,ML,6.3,35.627,128.684,대구 달성군 남동쪽 28km 지역,KMA
2091,2018-02-16 20:33:36,1.8,ML,24.2,35.789,128.996,경북 경주시 서남서쪽 22km 지역,KMA
2092,2018-02-17 02:33:27,1.4,ML,16.3,35.746,129.208,경북 경주시 남쪽 12km 지역,KMA
2093,2018-02-19 00:53:30,2.1,ML,11.3,36.885,129.855,경북 울진군 동남동쪽 42km 해역,KMA
2094,2018-02-19 11:22:51,1.9,ML,20.4,35.53,127.07,전북 전주시 남남서쪽 33km 지역,KMA
2095,2018-02-19 14:41:21,1.9,ML,0.1,36.627,128.25,경북 문경시 북동쪽 7km 지역,KMA
2096,2018-02-19 23:46:27,1.5,ML,14.5,36.637,128.442,경상북도 문경시 동북동쪽 23km 지역,KMA
2097,2018-02-20 10:07:55,1.8,ML,6.4,36.107,129.368,경북 포항시 북북동쪽 10km 지역,KMA
2098,2018-02-21 04:18:40,1.9,ML,15.7,37.318,124.652,인천 옹진군 서쪽 146km 해역,KMA
2099,2018-02-21 06:03:45,2.1,ML,13.2,36.519,130.216,경북 영덕군 동쪽 77km 해역,KMA
2100,2018-02-22 00:45:39,1.9,ML,10.0,37.629,130.713,경북 울진군 동북동쪽 136km 해역,KMA
2101,2018-02-23 21:23:36,1.9,ML,6.5,36.117,129.343,경북 포항시 북쪽 11km 지역,KMA
2102,2018-02-24 18:22:52,1.6,ML,16.5,35.746,129.18,경북 경주시 남남서쪽 13km 지역,KMA
2103,2018-02-24 21:52:05,1.5,ML,9.6,35.658,129.963,울산 울주군 동쪽 66km 해역,KMA
2104,2018-02-27 11:20:16,3.0,ML,18.6,36.036,127.562,전라북도 무주군 서북서쪽 9km 지역,KMA
2105,2018-02-28 04:30:26,2.0,ML,4.8,36.632,129.439,경북 영덕군 북북동쪽 25km 지역,KMA
2106,2018-02-28 19:04:07,1.3,ML,17.6,35.131,124.882,전남 목포시 서북서쪽 142km 해역,KMA
2107,2018-03-03 02:23:17,1.6,ML,12.3,37.097,128.898,강원 삼척시 남남서쪽 46km 지역,KMA
2108,2018-03-03 20:45:17,1.8,ML,6.6,36.105,129.385,경북 포항시 북북동쪽 10km 지역,KMA
2109,2018-03-04 09:54:55,1.7,ML,17.1,36.136,128.586,경북 김천시 동쪽 42km 지역,KMA
2110,2018-03-06 18:22:26,3.0,ML,4.2,36.091,129.356,경북 포항시 북쪽 8km 지역,KMA
2111,2018-03-08 03:57:27,1.5,ML,7.0,36.097,129.344,경북 포항시 북쪽 9km 지역,KMA
2112,2018-03-08 04:24:55,1.7,ML,11.6,36.466,129.661,경북 영덕군 동북동쪽 27km 해역,KMA
2113,2018-03-08 19:59:26,1.8,ML,13.7,35.784,129.17,경북 경주시 남남서쪽 9km 지역,KMA
2114,2018-03-09 08:32:33,2.4,ML,7.1,36.108,129.357,경북 포항시 북쪽 10km 지역,KMA
2115,2018-03-09 22:20:20,2.8,ML,5.5,36.112,129.363,경북 포항시 북쪽 10km 지역,KMA
2116,2018-03-11 13:29:20,1.9,ML,3.5,36.119,129.356,경북 포항시 북쪽 11km 지역,KMA
2117,2018-03-12 14:30:12,1.7,ML,15.5,33.931,126.741,제주 제주시 북북동쪽 52km 해역,KMA
2118,2018-03-14 11:20:09,3.0,ML,16.8,35.752,129.184,경북 경주시 남남서쪽 12km 지역,KMA
2119,2018-03-15 06:49:02,1.9,ML,5.0,36.121,129.362,경북 포항시 북쪽 11km 지역,KMA
2120,2018-03-16 11:17:09,2.1,ML,8.8,33.423,126.197,제주 제주시 서남서쪽 32km 해역,KMA
2121,2018-03-17 12:45:10,2.2,ML,20.2,36.544,124.991,충남 태안군 서쪽 118km 해역,KMA
2122,2018-03-19 19:00:18,3.0,ML,12.7,35.762,129.173,경북 경주시 남남서쪽 11km 지역,KMA
2123,2018-03-19 23:30:19,2.0,ML,9.6,36.857,128.43,경북 문경시 북동쪽 37km 지역,KMA
2124,2018-03-22 01:36:21,1.6,ML,7.5,36.135,124.866,충남 태안군 서남서쪽 144km 해역,KMA
2125,2018-03-24 03:00:10,1.5,ML,13.6,35.173,128.034,경남 진주시 서쪽 7km 지역,KMA
2126,2018-03-24 11:22:54,2.0,ML,18.4,37.901,130.384,강원 삼척시 동북동쪽 119km 해역,KMA
2127,2018-03-24 20:00:56,1.7,ML,10.0,36.913,129.918,경북 울진군 동쪽 47km 해역,KMA
2128,2018-03-26 19:46:05,1.9,ML,6.6,36.104,129.368,경북 포항시 북북동쪽 10km 지역,KMA
2129,2018-03-27 21:11:28,2.1,ML,6.3,35.287,127.737,경남 진주시 서북서쪽 36km 지역,KMA
2130,2018-03-29 04:24:57,1.6,ML,7.3,36.101,129.366,경북 포항시 북북동쪽 9km 지역,KMA
2131,2018-03-29 07:34:55,2.1,ML,7.5,36.091,129.361,경북 포항시 북북동쪽 8km 지역,KMA
2132,2018-03-30 04:50:47,2.0,ML,12.5,35.753,129.188,경상북도 경주시 남남서쪽 12km 지역,KMA
2133,2018-03-30 09:33:46,1.7,ML,25.1,35.729,129.176,경북 경주시 남남서쪽 15km 지역,KMA
2134,2018-04-03 16:45:39,2.2,ML,0.5,37.363,128.042,강원 원주시 동북동쪽 11km 지역,KMA
2135,2018-04-06 11:52:49,1.9,ML,6.3,36.671,128.59,경북 안동시 북서쪽 17km 지역,KMA
2136,2018-04-10 11:41:57,2.1,ML,12.0,35.781,129.168,경북 경주시 남남서쪽 10km 지역,KMA
2137,2018-04-11 22:49:58,2.4,ML,11.4,37.036,129.912,경북 울진군 동쪽 46km 해역,KMA
2138,2018-04-13 05:47:34,2.0,ML,4.2,36.102,129.36,경북 포항시 북쪽 9km 지역,KMA
2139,2018-04-13 09:40:31,2.6,ML,12.9,35.552,127.412,전북 전주시 남동쪽 38km 지역,KMA
2140,2018-04-13 20:59:58,1.7,ML,18.7,33.14,125.751,제주 서귀포시 서쪽 76km 해역,KMA
2141,2018-04-14 19:10:46,1.8,ML,13.8,35.499,128.664,경남 창원시 북쪽 30km 지역,KMA
2142,2018-04-15 22:46:29,2.0,ML,10.0,35.464,128.375,경남 합천군 동남동쪽 22km 지역,KMA
2143,2018-04-16 07:20:06,2.2,ML,16.7,35.738,129.195,경북 경주시 남남서쪽 13km 지역,KMA
2144,2018-04-16 22:39:29,2.2,ML,12.5,35.152,127.285,광주 광산구 동쪽 45km 지역,KMA
2145,2018-04-21 15:18:44,1.7,ML,13.2,37.215,127.226,경기 화성시 동쪽 35km 지역,KMA
2146,2018-04-22 06:35:38,2.0,ML,3.2,36.106,129.349,경북 포항시 북쪽 10km 지역,KMA
2147,2018-04-22 07:49:07,2.3,ML,10.0,34.176,125.908,전남 해남군 남서쪽 77km 해역,KMA
2148,2018-04-23 12:48:26,1.5,ML,13.8,36.341,128.78,경북 안동시 남쪽 26km 지역,KMA
2149,2018-04-24 03:19:57,1.6,ML,5.6,36.117,129.355,경북 포항시 북쪽 11km 지역,KMA
2150,2018-04-27 01:57:51,2.4,ML,18.8,35.108,126.86,광주 광산구 동남동쪽 7km 지역,KMA
2151,2018-04-27 06:13:04,1.7,ML,21.8,36.689,128.119,경북 문경시 북북서쪽 13km 지역,KMA
2152,2018-04-28 07:01:41,1.6,ML,4.6,36.105,129.358,경북 포항시 북쪽 10km 지역,KMA
2153,2018-04-28 08:26:40,1.6,ML,9.0,35.228,129.229,부산 기장군 지역,KMA
2154,2018-04-28 08:48:45,1.4,ML,9.4,35.226,128.164,경남 진주시 북동쪽 7km 지역,KMA
2155,2018-04-28 10:30:07,1.5,ML,15.3,35.769,129.199,경북 경주시 남남서쪽 10km 지역,KMA
2156,2018-04-30 05:54:21,1.7,ML,17.7,36.009,128.455,대구 달성군 북쪽 26km 지역,KMA
2157,2018-04-30 07:06:23,1.9,ML,15.1,34.728,126.865,전남 해남군 북동쪽 30km 지역,KMA
2158,2018-05-02 11:05:08,2.9,ML,6.9,35.814,128.908,경북 경주시 서쪽 29km 지역,KMA
2159,2018-05-03 12:45:54,1.4,ML,4.9,36.056,128.495,대구 달성군 북쪽 32km 지역,KMA
2160,2018-05-04 10:54:54,2.6,ML,8.1,35.074,124.946,전남 목포시 서북서쪽 135km 해역,KMA
2161,2018-05-05 21:57:16,2.6,ML,24.9,36.549,127.983,경북 문경시 서남서쪽 19km 지역,KMA
2162,2018-05-06 21:46:16,1.3,ML,18.7,32.964,127.97,제주 서귀포시 동남동쪽 135km 해역,KMA
2163,2018-05-08 03:34:56,2.7,ML,7.3,35.566,128.133,경남 합천군 서쪽 3km 지역,KMA
2164,2018-05-09 14:01:10,2.1,ML,25.5,36.29,129.002,경북 영덕군 서남서쪽 35km 지역,KMA
2165,2018-05-11 05:24:04,2.4,ML,13.9,35.762,129.198,경북 경주시 남남서쪽 11km 지역,KMA
2166,2018-05-11 17:25:31,1.5,ML,8.6,36.182,129.386,경북 포항시 북북동쪽 19km 지역,KMA
2167,2018-05-11 18:30:02,1.7,ML,20.7,35.544,127.044,전북 전주시 남남서쪽 32km 지역,KMA
2168,2018-05-12 13:16:42,3.0,ML,5.9,36.103,129.366,경북 포항시 북북동쪽 10km 지역,KMA
2169,2018-05-14 13:44:29,1.9,ML,11.3,33.535,127.54,제주 제주시 동쪽 93km 해역,KMA
2170,2018-05-15 15:09:13,2.5,ML,17.9,37.102,128.8,강원 삼척시 남서쪽 50km 지역,KMA
2171,2018-05-17 05:52:34,1.7,ML,9.0,35.793,129.286,경북 경주시 남동쪽 9km 지역,KMA
2172,2018-05-17 08:10:06,1.9,ML,19.4,36.935,128.22,충북 충주시 동남동쪽 27km 지역,KMA
2173,2018-05-18 08:00:23,1.7,ML,6.3,36.089,129.368,경북 포항시 북북동쪽 8km 지역,KMA
2174,2018-05-19 06:45:07,2.2,ML,4.1,36.095,129.363,경북 포항시 북북동쪽 9km 지역,KMA
2175,2018-05-20 01:17:19,2.0,ML,7.5,36.188,129.917,경북 포항시 동북동쪽 55km 해역,KMA
2176,2018-05-20 11:50:53,1.9,ML,10.6,35.576,126.469,전북 부안군 남서쪽 29km 지역,KMA
2177,2018-05-21 01:37:02,1.4,ML,11.5,37.334,125.217,인천 옹진군 서쪽 96km 해역,KMA
2178,2018-05-21 12:06:20,1.9,ML,11.1,35.381,126.844,광주 광산구 북쪽 27km 지역,KMA
2179,2018-05-21 20:59:45,3.5,ML,4.4,35.576,129.309,울산 울주군 동북동쪽 6km 지역,KMA
2180,2018-05-23 05:17:58,1.9,ML,3.2,36.11,129.367,경북 포항시 북북동쪽 10km 지역,KMA
2181,2018-05-23 11:55:19,2.3,ML,0.6,35.523,128.098,경남 합천군 남서쪽 8km 지역,KMA
2182,2018-05-28 04:18:04,1.5,ML,16.3,37.571,127.08,경기 화성시 북북동쪽 47km 지역,KMA
2183,2018-05-28 15:54:22,2.2,ML,18.2,34.747,124.847,전남 목포시 서쪽 141km 해역,KMA
2184,2018-05-28 20:19:00,1.9,ML,14.6,36.811,128.809,경북 안동시 북북동쪽 28km 지역,KMA
2185,2018-05-29 03:05:10,2.2,ML,15.4,33.329,128.101,제주 서귀포시 동쪽 143km 해역,KMA
2186,2018-05-29 10:37:51,2.0,ML,10.0,35.213,124.82,전남 목포시 서북서쪽 150km 해역,KMA
2187,2018-05-29 12:55:23,1.7,ML,18.0,35.946,125.586,충남 보령시 서남서쪽 101km 해역,KMA
2188,2018-05-29 15:41:53,1.9,ML,5.0,36.108,129.361,경북 포항시 북쪽 10km 지역,KMA
2189,2018-05-31 00:18:15,1.8,ML,5.4,36.102,129.366,경북 포항시 북북동쪽 9km 지역,KMA
2190,2018-06-01 06:58:15,2.6,ML,10.0,32.941,127.458,제주 서귀포시 동남동쪽 90km 해역,KMA
2191,2018-06-02 00:59:31,1.6,ML,10.0,37.41,126.904,경기 화성시 북북동쪽 24km 지역,KMA
2192,2018-06-02 06:48:25,2.5,ML,8.9,36.169,127.854,경북 김천시 서쪽 24km 지역,KMA
2193,2018-06-05 12:58:34,1.6,ML,11.1,36.003,128.463,대구 달성군 북쪽 25km 지역,KMA
2194,2018-06-08 11:11:38,1.5,ML,3.9,36.111,129.369,경북 포항시 북북동쪽 10km 지역,KMA
2195,2018-06-11 16:27:18,1.4,ML,7.1,36.103,129.345,경북 포항시 북쪽 9km 지역,KMA
2196,2018-06-11 20:09:46,1.7,ML,19.5,36.145,124.48,충남 태안군 서남서쪽 175km 해역,KMA
2197,2018-06-12 03:47:52,1.8,ML,10.8,35.942,125.678,충남 보령시 서남서쪽 94km 해역,KMA
2198,2018-06-13 12:03:27,1.7,ML,7.0,36.116,129.357,경북 포항시 북쪽 11km 지역,KMA
2199,2018-06-15 12:04:43,1.7,ML,0.5,35.508,128.101,경남 합천군 남서쪽 9km 지역,KMA
2200,2018-06-15 15:23:07,2.1,ML,0.3,36.615,128.26,경북 문경시 동북동쪽 7km 지역,KMA
2201,2018-06-16 03:40:34,2.0,ML,15.2,35.772,129.195,경북 경주시 남남서쪽 10km 지역,KMA
2202,2018-06-17 01:17:30,1.8,ML,15.5,35.759,129.201,경북 경주시 남남서쪽 11km 지역,KMA
2203,2018-06-18 07:22:12,1.5,ML,4.2,36.121,129.391,경북 포항시 북북동쪽 12km 지역,KMA
2204,2018-06-18 12:24:56,1.5,ML,10.0,35.805,128.986,경북 경주시 서남서쪽 22km 지역,KMA
2205,2018-06-19 12:40:58,1.8,ML,22.6,36.585,128.85,경북 안동시 동쪽 11km 지역,KMA
2206,2018-06-19 13:13:37,2.6,ML,7.3,38.164,130.178,강원 삼척시 북동쪽 119km 해역,KMA
2207,2018-06-19 13:13:37,2.6,ML,7.3,38.164,130.178,강원 삼척시 북동쪽 119km 해역,KMA
2208,2018-06-23 03:10:51,2.8,ML,11.9,35.764,129.194,경북 경주시 남남서쪽 11km 지역,KMA
2209,2018-06-25 22:36:16,1.8,ML,3.4,35.585,128.485,대구 달성군 남남동쪽 22km 지역,KMA
2210,2018-06-26 14:58:12,1.8,ML,10.4,35.774,129.176,경북 경주시 남남서쪽 10km 지역,KMA
2211,2018-06-26 19:16:11,1.8,ML,15.4,33.057,126.123,제주 서귀포시 서남서쪽 46km 해역,KMA
2212,2018-06-26 21:49:05,2.8,ML,5.2,36.762,129.189,경북 울진군 남서쪽 32km 지역,KMA
2213,2018-06-27 01:32:17,2.0,ML,16.8,36.255,128.756,경북 안동시 남쪽 35km 지역,KMA
2214,2018-06-29 03:36:07,1.6,ML,7.6,36.225,128.227,경북 김천시 북동쪽 14km 지역,KMA
2215,2018-06-29 07:47:37,1.9,ML,13.6,35.759,129.192,경북 경주시 남남서쪽 11km 지역,KMA
2216,2018-06-30 03:47:41,1.3,ML,23.8,36.254,125.433,충남 태안군 남서쪽 94km 해역,KMA
2217,2018-07-01 08:57:55,1.7,ML,5.9,35.67,127.221,전북 전주시 남남동쪽 18km 지역,KMA
2218,2018-07-01 12:47:19,1.6,ML,16.6,36.051,128.342,경북 김천시 동남동쪽 23km 지역,KMA
2219,2018-07-01 14:57:04,3.0,ML,6.6,36.095,129.368,경북 포항시 북북동쪽 9km 지역,KMA
2220,2018-07-02 04:00:00,1.9,ML,16.8,36.304,129.396,경북 영덕군 남남동쪽 13km 지역,KMA
2221,2018-07-02 06:57:12,2.4,ML,10.0,33.501,126.562,제주 제주시 동쪽 3km 해역,KMA
2222,2018-07-05 08:32:53,1.9,ML,13.9,36.965,124.732,충남 태안군 서쪽 141km 해역,KMA
2223,2018-07-06 00:34:34,1.8,ML,8.4,32.982,126.107,제주 서귀포시 남서쪽 52km 해역,KMA
2224,2018-07-08 10:20:03,1.7,ML,17.9,36.906,130.612,경북 울진군 동쪽 108km 해역,KMA
2225,2018-07-12 07:43:11,1.7,ML,13.7,35.364,125.648,전남 목포시 북서쪽 91km 해역,KMA
2226,2018-07-13 06:16:40,1.6,ML,10.2,37.224,128.276,강원 원주시 동남동쪽 34km 지역,KMA
2227,2018-07-13 07:49:02,2.2,ML,5.6,36.093,129.364,경북 포항시 북북동쪽 8km 지역,KMA
2228,2018-07-13 18:56:07,2.2,ML,11.6,35.441,130.707,울산 울주군 동쪽 133km 해역,KMA
2229,2018-07-14 16:54:45,2.0,ML,10.0,36.357,130.554,경북 영덕군 동쪽 106km 해역,KMA
2230,2018-07-14 19:06:08,1.6,ML,8.0,36.442,127.231,충남 공주시 동쪽 10km 지역,KMA
2231,2018-07-16 07:13:32,2.3,ML,3.7,35.775,128.151,경남 합천군 북쪽 23km 지역,KMA
2232,2018-07-16 23:03:49,1.6,ML,3.2,36.107,129.361,경북 포항시 북쪽 10km 지역,KMA
2233,2018-07-17 09:48:58,1.6,ML,22.8,35.078,125.535,전남 목포시 서북서쪽 83km 해역,KMA
2234,2018-07-18 02:04:54,2.7,ML,9.1,35.4,129.264,부산 기장군 북북동쪽 18km 지역,KMA
2235,2018-07-19 22:41:39,1.9,ML,20.2,35.379,128.265,경남 합천군 남남동쪽 23km 지역,KMA
2236,2018-07-20 18:20:23,2.1,ML,5.0,36.116,129.343,경북 포항시 북쪽 11km 지역,KMA
2237,2018-07-21 04:35:31,3.8,ML,5.3,36.099,129.344,경북 포항시 북쪽 9km 지역,KMA
2238,2018-07-27 09:50:19,1.6,ML,11.2,35.564,128.428,대구 달성군 남쪽 23km 지역,KMA
2239,2018-07-31 18:13:29,2.4,ML,4.0,35.868,129.046,경북 경주시 서쪽 16km 지역,KMA
2240,2018-08-01 01:03:32,2.1,ML,10.0,35.264,124.57,전남 목포시 서북서쪽 173km 해역,KMA
2241,2018-08-01 22:30:39,2.4,ML,15.8,35.049,127.69,전남 여수시 북쪽 32km 지역,KMA
2242,2018-08-06 10:01:40,2.3,ML,6.5,36.107,129.361,경북 포항시 북쪽 10km 지역,KMA
2243,2018-08-06 21:33:50,1.9,ML,5.4,36.121,129.359,경북 포항시 북쪽 11km 지역,KMA
2244,2018-08-07 11:14:58,2.0,ML,12.2,36.568,126.872,충남 공주시 서북서쪽 26km 지역,KMA
2245,2018-08-08 22:18:56,2.6,ML,11.7,35.768,129.208,경북 경주시 남쪽 10km 지역,KMA
2246,2018-08-10 18:27:01,1.6,ML,12.5,34.921,126.422,전남 목포시 북북동쪽 12km 지역,KMA
2247,2018-08-15 12:19:04,1.9,ML,6.9,37.484,125.511,인천 옹진군 서북서쪽 73km 해역,KMA
2248,2018-08-21 13:50:43,1.4,ML,5.3,36.304,129.187,경상북도 영덕군 남서쪽 20km 지역,KMA
2249,2018-08-23 01:53:02,1.7,ML,15.0,35.248,128.061,경남 진주시 북북서쪽 9km 지역,KMA
2250,2018-08-25 10:17:16,1.6,ML,6.5,36.097,129.36,경북 포항시 북쪽 9km 지역,KMA
2251,2018-08-26 06:24:53,1.7,ML,21.5,35.43,129.913,울산 울주군 동남동쪽 62km 해역,KMA
2252,2018-08-26 11:48:15,1.8,ML,21.0,35.771,128.063,경상남도 합천군 북북서쪽 25km 지역,KMA
2253,2018-08-29 04:15:27,2.1,ML,15.6,35.509,127.469,전북 전주시 남동쪽 45km 지역,KMA
2254,2018-08-29 14:35:19,2.4,ML,6.3,37.317,128.364,강원 원주시 동쪽 39km 지역,KMA
2255,2018-09-01 03:22:22,1.7,ML,3.7,36.102,129.359,경북 포항시 북쪽 9km 지역,KMA
2256,2018-09-02 14:29:25,1.8,ML,14.8,35.764,129.182,경북 경주시 남남서쪽 11km 지역,KMA
2257,2018-09-04 19:47:29,1.8,ML,13.5,35.755,129.191,경북 경주시 남남서쪽 12km 지역,KMA
2258,2018-09-05 22:49:22,2.0,ML,7.0,36.03,126.885,전북 전주시 북서쪽 33km 지역,KMA
2259,2018-09-06 15:33:12,1.8,ML,21.4,34.947,127.15,광주 광산구 동남동쪽 39km 지역,KMA
2260,2018-09-07 03:22:23,2.2,ML,13.2,36.898,126.831,경기 화성시 남쪽 34km 지역,KMA
2261,2018-09-08 08:31:18,1.6,ML,17.1,35.42,129.163,울산 울주군 남남서쪽 17km 지역,KMA
2262,2018-09-10 03:00:40,1.8,ML,2.9,36.105,129.364,경북 포항시 북쪽 10km 지역,KMA
2263,2018-09-11 04:47:19,1.8,ML,10.0,35.312,125.078,전라남도 목포시 서북서쪽 132km 해역,KMA
2264,2018-09-12 11:28:03,1.7,ML,12.7,36.014,128.277,경북 김천시 남동쪽 20km 지역,KMA
2265,2018-09-12 15:21:12,2.4,ML,10.8,36.55,127.924,경북 문경시 서쪽 24km 지역,KMA
2266,2018-09-15 17:21:16,2.6,ML,10.0,36.142,128.867,경상북도 포항시 서북서쪽 45km 지역,KMA
2267,2018-09-15 22:12:08,2.2,ML,23.9,35.975,128.326,대구 달성군 북북서쪽 24km 지역,KMA
2268,2018-09-19 22:49:15,2.6,ML,10.3,35.804,126.663,전북 부안군 북서쪽 10km 지역,KMA
2269,2018-09-21 14:34:47,1.6,ML,13.5,35.722,127.921,경남 합천군 북서쪽 28km 지역,KMA
2270,2018-09-26 05:35:16,2.6,ML,7.0,36.01,128.542,대구 달성군 북북동쪽 28km 지역,KMA
2271,2018-09-26 14:28:43,1.5,ML,4.9,36.119,129.346,경북 포항시 북쪽 11km 지역,KMA
2272,2018-09-26 15:30:32,1.8,ML,0.1,36.627,128.248,경북 문경시 북동쪽 7km 지역,KMA
2273,2018-09-27 10:28:47,1.8,ML,13.0,36.691,128.328,경북 문경시 북동쪽 17km 지역,KMA
2274,2018-09-28 09:40:02,1.7,ML,11.0,35.662,128.483,대구 달성군 남남동쪽 13km 지역,KMA
2275,2018-09-29 03:53:50,2.0,ML,24.7,33.06,126.682,제주 서귀포시 남남동쪽 24km 해역,KMA
2276,2018-09-29 08:11:50,2.2,ML,9.6,35.464,124.713,전남 목포시 서북서쪽 169km 해역,KMA
2277,2018-09-30 10:36:32,1.5,ML,12.4,36.652,128.93,경북 안동시 동북동쪽 20km 지역,KMA
2278,2018-09-30 10:36:32,1.5,ML,12.4,36.652,128.93,경북 안동시 동북동쪽 20km 지역,KMA
2279,2018-09-30 17:22:28,1.6,ML,9.7,36.062,128.406,경북 김천시 동남동쪽 28km 지역,KMA
2280,2018-10-02 20:20:09,1.4,ML,23.2,35.571,128.315,경남 합천군 동쪽 13km 지역,KMA
2281,2018-10-03 00:59:51,1.8,ML,14.3,35.77,129.215,경북 경주시 남쪽 10km 지역,KMA
2282,2018-10-03 22:31:34,1.2,ML,8.3,37.565,128.375,강원 원주시 동북동쪽 47km 지역,KMA
2283,2018-10-06 03:26:41,1.5,ML,10.9,35.759,129.181,경북 경주시 남남서쪽 11km 지역,KMA
2284,2018-10-06 15:57:44,1.7,ML,10.0,36.346,125.841,충남 태안군 남서쪽 60km 해역,KMA
2285,2018-10-08 06:47:52,1.6,ML,13.7,35.738,129.198,경북 경주시 남쪽 13km 지역,KMA
2286,2018-10-08 16:28:06,1.9,ML,13.9,35.552,129.24,울산 울주군 지역,KMA
2287,2018-10-09 06:02:14,2.7,ML,3.9,37.508,128.073,강원 원주시 북동쪽 23km 지역,KMA
2288,2018-10-09 08:12:43,1.5,ML,8.7,36.282,127.957,경북 김천시 북서쪽 21km 지역,KMA
2289,2018-10-09 09:19:20,2.8,ML,15.1,35.784,129.177,경북 경주시 남남서쪽 9km 지역,KMA
2290,2018-10-09 14:03:49,1.8,ML,4.6,36.118,129.375,경북 포항시 북북동쪽 11km 지역,KMA
2291,2018-10-10 18:59:36,2.0,ML,10.0,35.956,130.122,경북 포항시 동쪽 70km 해역,KMA
2292,2018-10-12 23:20:59,1.9,ML,8.5,37.726,128.189,강원 춘천시 동남동쪽 44km 지역,KMA
2293,2018-10-15 20:38:58,1.5,ML,8.7,37.076,125.125,인천 옹진군 서남서쪽 107km 해역,KMA
2294,2018-10-16 01:51:12,1.5,ML,16.5,36.151,128.325,경북 김천시 동쪽 19km 지역,KMA
2295,2018-10-16 03:52:22,2.0,ML,10.7,36.409,130.696,경북 영덕군 동쪽 119km 해역,KMA
2296,2018-10-17 13:34:52,1.9,ML,16.8,37.194,125.659,인천 옹진군 서남서쪽 58km 해역,KMA
2297,2018-10-19 14:27:02,3.1,ML,11.0,35.761,129.189,경북 경주시 남남서쪽 11km 지역,KMA
2298,2018-10-19 23:56:20,1.7,ML,10.3,35.745,129.183,경북 경주시 남남서쪽 13km 지역,KMA
2299,2018-10-21 03:14:35,2.5,ML,6.4,37.536,130.152,강원 삼척시 동쪽 87km 해역,KMA
2300,2018-10-22 02:02:30,1.8,ML,13.1,36.09,127.278,전북 전주시 북북동쪽 32km 지역,KMA
2301,2018-10-23 15:13:07,2.9,ML,6.3,36.07,129.285,경북 포항시 북서쪽 8km 지역,KMA
2302,2018-10-25 00:36:36,1.5,ML,6.5,36.115,129.375,경북 포항시 북북동쪽 11km 지역,KMA
2303,2018-10-26 10:16:28,1.3,ML,25.9,37.206,130.151,경북 울진군 동북동쪽 71km 해역,KMA
2304,2018-10-26 11:32:37,1.6,ML,10.3,35.224,124.889,전남 목포시 서북서쪽 144km 해역,KMA
2305,2018-10-28 00:26:11,1.6,ML,15.8,37.502,130.308,경북 울진군 북동쪽 98km 해역,KMA
2306,2018-10-31 07:26:06,1.8,ML,6.6,35.144,126.563,광주 광산구 서쪽 21km 지역,KMA
2307,2018-11-03 02:39:07,2.7,ML,6.5,36.235,128.098,경북 김천시 북쪽 11km 지역,KMA
2308,2018-11-03 18:56:01,2.1,ML,9.5,35.906,128.109,경북 김천시 남쪽 26km 지역,KMA
2309,2018-11-04 12:33:54,1.9,ML,,36.934,126.934,경기 화성시 남남동쪽 31km 지역,KMA
2310,2018-11-04 20:24:29,1.7,ML,5.5,36.1,129.356,경북 포항시 북쪽 9km 지역,KMA
2311,2018-11-05 09:27:36,2.9,ML,13.4,35.755,129.191,경북 경주시 남남서쪽 12km 지역,KMA
2312,2018-11-05 16:15:55,1.6,ML,14.3,35.747,129.173,경북 경주시 남남서쪽 13km 지역,KMA
2313,2018-11-05 17:59:21,1.9,ML,10.0,36.196,128.772,경북 안동시 남쪽 41km 지역,KMA
2314,2018-11-06 03:36:15,2.2,ML,11.7,35.753,129.172,경북 경주시 남남서쪽 12km 지역,KMA
2315,2018-11-08 21:28:14,1.8,ML,6.2,36.09,129.358,경북 포항시 북쪽 8km 지역,KMA
2316,2018-11-09 13:06:36,1.8,ML,13.4,36.667,124.424,충남 태안군 서쪽 167km 해역,KMA
2317,2018-11-10 19:36:19,1.9,ML,2.0,36.097,129.372,경북 포항시 북북동쪽 9km 지역,KMA
2318,2018-11-11 05:17:36,1.6,ML,7.9,35.927,128.526,대구 달성군 북북동쪽 19km 지역,KMA
2319,2018-11-12 13:53:35,1.4,ML,10.1,36.39,128.273,경북 상주시 동남동쪽 10km 지역,KMA
2320,2018-11-12 23:52:01,2.5,ML,18.6,35.168,129.157,부산 기장군 남서쪽 10km 지역,KMA
2321,2018-11-13 11:59:41,1.7,ML,3.1,36.101,129.364,경북 포항시 북북동쪽 9km 지역,KMA
2322,2018-11-14 07:39:11,2.4,ML,13.1,38.151,130.596,강원 삼척시 동북동쪽 148km 해역,KMA
2323,2018-11-16 12:47:22,2.3,ML,8.5,35.373,128.976,부산 기장군 서북서쪽 26km 지역,KMA
2324,2018-11-19 22:36:49,1.7,ML,10.0,35.147,125.813,전라남도 목포시 북서쪽 65km 해역,KMA
2325,2018-11-19 22:57:13,1.4,ML,9.5,34.067,127.422,전남 여수시 남남서쪽 80km 해역,KMA
2326,2018-11-19 23:29:51,1.7,ML,6.3,36.617,128.556,경북 안동시 서북서쪽 16km 지역,KMA
2327,2018-11-20 09:53:46,1.3,ML,11.0,37.433,127.304,경기 화성시 동북동쪽 49km 지역,KMA
2328,2018-11-24 20:48:38,2.0,ML,7.5,36.105,129.354,경북 포항시 북쪽 10km 지역,KMA
2329,2018-11-25 06:50:46,1.7,ML,10.0,33.02,125.92,제주 서귀포시 서남서쪽 65km 해역,KMA
2330,2018-11-26 04:42:03,1.9,ML,4.6,36.084,129.355,경북 포항시 북쪽 7km 지역,KMA
2331,2018-11-28 19:36:39,3.2,ML,14.6,36.518,129.376,경북 영덕군 북쪽 11km 지역,KMA
2332,2018-11-29 21:23:15,1.8,ML,9.6,36.616,124.969,충남 태안군 서쪽 119km 해역,KMA
2333,2018-12-03 10:20:59,2.1,ML,10.2,36.491,128.215,경북 상주시 북북동쪽 10km 지역,KMA
2334,2018-12-05 13:57:01,1.5,ML,15.3,36.915,128.233,충북 충주시 동남동쪽 28km 지역,KMA
2335,2018-12-07 04:46:40,2.4,ML,16.7,37.364,125.262,인천 옹진군 서쪽 92km 해역,KMA
2336,2018-12-11 15:25:25,2.6,ML,16.7,35.865,130.497,경북 포항시 동쪽 105km 해역,KMA
2337,2018-12-12 02:30:24,2.5,ML,18.3,35.791,128.474,대구 달성군 동북동쪽 4km 지역,KMA
2338,2018-12-15 15:27:43,1.7,ML,8.8,37.618,130.626,경북 울진군 동북동쪽 129km 해역,KMA
2339,2018-12-16 22:44:12,1.7,ML,28.4,36.684,129.262,경북 영덕군 북북서쪽 31km 지역,KMA
2340,2018-12-16 23:29:48,2.2,ML,20.8,33.37,127.211,제주 서귀포시 동북동쪽 62km 해역,KMA
2341,2018-12-20 18:09:13,1.6,ML,15.6,33.359,126.561,제주 서귀포시 북쪽 12km 해역,KMA
2342,2018-12-25 13:33:45,2.2,ML,16.7,37.93,130.112,강원 삼척시 동북동쪽 99km 해역,KMA
2343,2018-12-26 05:48:29,1.4,ML,8.1,35.687,127.971,경남 합천군 북서쪽 22km 지역,KMA
2344,2018-12-26 05:48:29,1.4,ML,8.1,35.687,127.971,경남 합천군 북서쪽 22km 지역,KMA
2345,2018-12-26 19:06:21,1.9,ML,12.8,37.684,127.52,강원도 춘천시 남서쪽 29km 지역,KMA
2346,2018-12-27 13:21:22,1.6,ML,4.6,35.233,127.455,전남 여수시 북북서쪽 56km 지역,KMA
2347,2018-12-29 12:49:22,1.9,ML,18.2,35.929,126.989,전북 전주시 북서쪽 18km 지역,KMA
2348,2019-01-01 17:56:20,2.9,ML,12.1,36.096,128.741,대구 달성군 북동쪽 45km 지역,KMA
2349,2019-01-04 06:33:13,2.8,ML,13.0,37.653,127.5,강원도 춘천시 남서쪽 32km 지역,KMA
2350,2019-01-04 07:40:13,1.7,ML,11.7,36.614,128.4,경북 문경시 동쪽 19km 지역,KMA
2351,2019-01-05 06:56:41,3.1,ML,6.9,36.197,128.781,경북 안동시 남쪽 41km 지역,KMA
2352,2019-01-12 07:15:41,1.6,ML,5.0,37.493,128.833,강원 강릉시 남쪽 29km 지역,KMA
2353,2019-01-14 04:55:54,2.1,ML,20.1,35.246,128.501,경상남도 창원시 서쪽 16km 지역,KMA
2354,2019-01-14 11:59:29,2.4,ML,3.7,35.643,127.945,경남 합천군 서북서쪽 22km 지역,KMA
2355,2019-01-14 17:29:22,2.1,ML,0.8,35.519,128.103,경남 합천군 남서쪽 8km 지역,KMA
2356,2019-01-18 22:59:09,1.9,ML,16.3,35.12,128.077,경남 진주시 남남서쪽 7km 지역,KMA
2357,2019-01-21 06:45:35,1.8,ML,9.0,36.478,128.443,경북 문경시 동남동쪽 26km 지역,KMA
2358,2019-01-22 19:59:19,2.7,ML,14.9,37.895,130.211,강원 삼척시 동북동쪽 105km 해역,KMA
2359,2019-01-23 09:27:28,1.4,ML,8.3,37.31,126.83,경기 화성시 북쪽 12km 지역,KMA
2360,2019-01-26 14:24:38,2.7,ML,24.3,35.192,127.975,경남 진주시 서쪽 12km 지역,KMA
2361,2019-01-27 08:08:28,2.3,ML,8.3,35.187,126.838,광주 광산구 북동쪽 7km 지역,KMA
2362,2019-01-30 17:12:21,1.7,ML,7.6,37.223,125.107,인천 옹진군 서쪽 106km 해역,KMA
2363,2019-01-31 00:29:07,2.2,ML,5.3,36.136,129.365,경북 포항시 북쪽 13km 지역,KMA
2364,2019-02-01 08:26:13,1.9,ML,7.5,35.112,126.757,광주 광산구 남서쪽 5km 지역,KMA
2365,2019-02-04 12:31:39,2.0,ML,7.6,35.49,128.735,경남 창원시 북쪽 29km 지역,KMA
2366,2019-02-05 11:08:51,2.8,ML,10.0,33.422,125.633,제주 제주시 서쪽 84km 해역,KMA
2367,2019-02-10 08:19:29,1.9,ML,5.5,38.109,129.929,강원 삼척시 북동쪽 99km 해역,KMA
2368,2019-02-10 21:06:01,2.9,ML,18.4,34.832,125.554,전남 목포시 서쪽 76km 해역,KMA
2369,2019-02-13 23:06:35,1.5,ML,11.8,36.366,128.847,경북 안동시 남남동쪽 25km 지역,KMA
2370,2019-02-17 18:31:13,1.8,ML,12.2,37.148,128.116,충북 충주시 북동쪽 24km 지역,KMA
2371,2019-02-18 23:05:37,1.6,ML,11.5,36.27,128.674,경북 안동시 남쪽 33km 지역,KMA
2372,2019-02-19 13:06:46,2.0,ML,9.0,35.438,129.348,울산 울주군 남동쪽 17km 지역,KMA
2373,2019-02-21 21:53:25,1.6,ML,9.0,35.65,128.607,대구 달성군 남동쪽 21km 지역,KMA
2374,2019-02-23 23:18:01,2.0,ML,12.3,35.567,128.604,대구 달성군 남동쪽 28km 지역,KMA
2375,2019-02-24 14:05:21,1.5,ML,14.9,36.582,129.053,경북 안동시 동쪽 29km 지역,KMA
2376,2019-02-27 18:37:38,1.9,ML,,35.283,126.422,광주 광산구 서북서쪽 37km 지역,KMA
2377,2019-02-28 23:28:11,1.7,ML,16.8,37.555,127.249,경기 화성시 북동쪽 54km 지역,KMA
2378,2019-03-02 13:10:04,2.1,ML,10.0,36.845,127.864,충북 충주시 남남서쪽 17km 지역,KMA
2379,2019-03-05 17:02:06,2.2,ML,0.3,35.52,128.092,경남 합천군 남서쪽 8km 지역,KMA
2380,2019-03-07 18:02:26,1.6,ML,4.3,36.104,129.369,경북 포항시 북북동쪽 10km 지역,KMA
2381,2019-03-13 00:38:03,1.6,ML,6.2,36.102,129.347,경북 포항시 북쪽 9km 지역,KMA
2382,2019-03-14 06:55:50,1.7,ML,12.8,34.891,125.883,전남 목포시 서쪽 47km 해역,KMA
2383,2019-03-16 20:13:53,1.8,ML,18.5,36.228,124.964,충남 태안군 서남서쪽 132km 해역,KMA
2384,2019-03-21 00:18:49,1.6,ML,12.4,34.719,125.796,전남 목포시 서쪽 55km 해역,KMA
2385,2019-03-23 13:18:04,1.7,ML,9.6,36.488,128.08,경북 상주시 북서쪽 11km 지역,KMA
2386,2019-03-24 05:37:23,2.3,ML,16.1,35.266,125.264,전남 목포시 서북서쪽 114km 해역,KMA
2387,2019-03-28 08:10:51,1.5,ML,6.1,36.084,129.369,경북 포항시 북북동쪽 8km 지역,KMA
2388,2019-03-29 16:31:55,1.6,ML,21.6,36.483,128.117,경북 상주시 북북서쪽 9km 지역,KMA
2389,2019-04-09 00:38:45,1.8,ML,2.1,36.133,129.357,경북 포항시 북쪽 13km 지역,KMA
2390,2019-04-09 10:05:41,1.8,ML,7.9,36.108,128.42,경북 김천시 동쪽 28km 지역,KMA
2391,2019-04-10 14:59:40,1.8,ML,6.4,36.122,129.366,경북 포항시 북쪽 12km 지역,KMA
2392,2019-04-11 15:16:27,3.4,ML,19.1,36.296,125.2,충남 태안군 서남서쪽 110km 해역,KMA
2393,2019-04-13 18:21:52,2.1,ML,13.4,33.955,125.682,제주 제주시 서북서쪽 93km 해역,KMA
2394,2019-04-18 15:03:54,1.7,ML,9.7,35.117,129.283,부산 기장군 남남동쪽 15km 지역,KMA
2395,2019-04-20 10:48:49,1.7,ML,6.1,37.116,126.988,경기 화성시 남동쪽 17km 지역,KMA
2396,2019-04-21 11:18:27,1.6,ML,10.0,33.452,127.759,제주 서귀포시 동쪽 113km 해역,KMA
2397,2019-04-22 15:11:43,1.7,ML,10.0,37.279,130.356,경북 울진군 동북동쪽 91km 해역,KMA
2398,2019-04-22 17:19:32,1.5,ML,8.4,34.057,127.198,전남 해남군 남동쪽 79km 해역,KMA
2399,2019-04-25 10:37:19,1.8,ML,6.9,36.654,128.413,경북 문경시 동북동쪽 22km 지역,KMA
2400,2019-04-27 08:12:44,1.5,ML,8.6,36.639,128.983,경북 안동시 동북동쪽 24km 지역,KMA
2401,2019-05-02 18:21:09,1.5,ML,18.5,36.367,128.149,경북 상주시 남쪽 5km 지역,KMA
2402,2019-05-06 02:11:10,1.9,ML,6.9,36.111,129.381,경북 포항시 북북동쪽 11km 지역,KMA
2403,2019-05-06 06:51:12,1.7,ML,10.1,35.486,130.318,울산 울주군 동쪽 97km 해역,KMA
2404,2019-05-07 13:10:29,2.6,ML,5.7,36.51,127.93,경북 상주시 서북서쪽 23km 지역,KMA
2405,2019-05-08 22:20:37,1.7,ML,6.3,37.171,127.549,강원 원주시 서남서쪽 38km 지역,KMA
2406,2019-05-09 09:46:21,1.8,ML,8.2,35.801,125.192,전북 부안군 서쪽 139km 해역,KMA
2407,2019-05-10 04:47:58,2.1,ML,15.4,33.551,127.014,제주 제주시 동쪽 45km 해역,KMA
2408,2019-05-10 09:13:04,2.0,ML,7.4,37.588,128.127,강원 원주시 북동쪽 33km 지역,KMA
2409,2019-05-11 18:09:15,1.8,ML,10.0,37.301,128.318,강원 원주시 동쪽 35km 지역,KMA
2410,2019-05-14 03:36:23,2.5,ML,15.8,36.224,128.945,경북 포항시 서북서쪽 42km 지역,KMA
2411,2019-05-19 00:17:57,1.9,ML,18.8,35.685,129.141,울산 울주군 북서쪽 16km 지역,KMA
2412,2019-05-22 07:14:15,1.7,ML,29.0,36.865,124.69,충남 태안군 서쪽 144km 해역,KMA
2413,2019-05-24 01:08:02,2.6,ML,8.8,36.311,129.108,경북 영덕군 서남서쪽 26km 지역,KMA
2414,2019-05-26 11:14:45,1.8,ML,11.6,37.476,129.774,강원 삼척시 동쪽 54km 해역,KMA
2415,2019-05-29 18:01:58,1.8,ML,12.6,36.421,129.444,경북 영덕군 동쪽 7km 지역,KMA
2416,2019-05-29 20:53:59,1.6,ML,9.9,34.282,127.567,전남 여수시 남쪽 54km 해역,KMA
2417,2019-06-01 02:59:07,2.1,ML,17.6,35.666,128.445,대구 달성군 남쪽 12km 지역,KMA
2418,2019-06-01 21:31:30,3.2,ML,19.3,36.101,127.871,전북 무주군 동북동쪽 22km 지역,KMA
2419,2019-06-05 16:41:33,1.5,ML,3.6,36.107,129.352,경북 포항시 북쪽 10km 지역,KMA
2420,2019-06-06 13:00:03,1.5,ML,13.6,37.629,130.719,경북 울진군 동북동쪽 137km 해역,KMA
2421,2019-06-06 20:36:57,1.8,ML,11.4,35.295,129.041,부산 기장군 서북서쪽 17km 지역,KMA
2422,2019-06-07 03:01:15,1.6,ML,8.1,36.387,128.389,경북 상주시 동쪽 21km 지역,KMA
2423,2019-06-08 12:35:43,1.8,ML,9.5,37.424,129.924,경북 울진군 북동쪽 67km 해역,KMA
2424,2019-06-11 06:56:28,1.3,ML,15.2,35.233,126.485,광주 광산구 서북서쪽 30km 지역,KMA
2425,2019-06-11 11:21:19,2.6,ML,10.0,35.905,129.794,경북 포항시 동남동쪽 42km 해역,KMA
2426,2019-06-13 22:39:47,1.8,ML,10.5,37.808,128.284,강원 춘천시 동쪽 49km 지역,KMA
2427,2019-06-14 03:54:49,1.9,ML,8.9,35.843,128.49,대구 달성군 북동쪽 9km 지역,KMA
2428,2019-06-15 05:48:46,3.0,ML,17.6,36.472,126.921,충남 공주시 서쪽 18km 지역,KMA
2429,2019-06-17 02:52:08,1.8,ML,8.2,35.205,129.354,부산 기장군 동남동쪽 13km 지역,KMA
2430,2019-06-21 13:22:01,1.4,ML,9.9,37.048,127.108,경기 화성시 남동쪽 30km 지역,KMA
2431,2019-06-24 09:39:01,2.8,ML,8.5,36.409,128.412,경북 상주시 동쪽 23km 지역,KMA
2432,2019-06-26 09:37:08,1.5,ML,12.7,33.742,126.35,제주 제주시 북북서쪽 32km 해역,KMA
2433,2019-06-30 23:06:47,1.5,ML,13.1,33.142,126.821,제주 서귀포시 동남동쪽 27km 해역,KMA
2434,2019-07-05 09:49:00,1.6,ML,12.2,36.255,125.729,충남 태안군 남서쪽 74km 해역,KMA
2435,2019-07-09 17:55:05,2.0,ML,8.1,35.018,128.338,경상남도 진주시 남동쪽 28km 지역,KMA
2436,2019-07-10 06:59:27,2.1,ML,14.6,37.438,129.634,강원 삼척시 동쪽 41km 해역,KMA
2437,2019-07-13 16:02:39,1.5,ML,25.7,34.965,126.727,광주 광산구 남남서쪽 20km 지역,KMA
2438,2019-07-14 17:39:13,1.5,ML,12.8,35.152,129.299,부산 기장군 남동쪽 12km 지역,KMA
2439,2019-07-15 17:04:11,2.8,ML,24.8,36.969,130.139,경북 울진군 동쪽 66km 해역,KMA
2440,2019-07-16 21:38:46,1.5,ML,23.6,35.395,127.694,경남 진주시 서북서쪽 45km 지역,KMA
2441,2019-07-17 01:20:32,1.9,ML,11.7,35.676,129.28,울산 울주군 북북동쪽 13km 지역,KMA
2442,2019-07-17 01:21:56,1.7,ML,9.0,36.154,125.285,충남 태안군 남서쪽 111km 해역,KMA
2443,2019-07-17 01:32:28,1.5,ML,11.5,35.24,126.504,광주 광산구 서북서쪽 28km 지역,KMA
2444,2019-07-17 06:02:14,1.8,ML,16.5,35.514,127.973,경남 합천군 서남서쪽 18km 지역,KMA
2445,2019-07-18 03:31:30,1.9,ML,,36.501,128.881,경북 안동시 동남동쪽 15km 지역,KMA
2446,2019-07-19 12:22:36,2.1,ML,12.1,35.544,127.694,경남 합천군 서쪽 43km 지역,KMA
2447,2019-07-19 19:52:18,1.8,ML,7.1,36.071,125.826,충남 보령시 서남서쪽 76km 해역,KMA
2448,2019-07-20 22:51:41,3.6,ML,10.0,35.538,129.359,울산 울주군 동남동쪽 11km 지역,KMA
2449,2019-07-30 04:47:38,2.2,ML,9.5,35.443,124.955,전남 목포시 서북서쪽 149km 해역,KMA
2450,2019-08-01 11:15:29,3.2,ML,14.6,38.173,130.634,강원 삼척시 동북동쪽 152km 해역,KMA
2451,2019-08-01 17:48:07,1.6,ML,15.9,35.775,124.936,전북 부안군 서쪽 162km 해역,KMA
2452,2019-08-02 02:14:55,1.6,ML,15.8,36.399,124.687,충남 태안군 서남서쪽 148km 해역,KMA
2453,2019-08-04 19:40:22,1.8,ML,14.3,36.589,125.559,충남 태안군 서남서쪽 68km 해역,KMA
2454,2019-08-06 04:19:42,1.6,ML,15.5,36.019,128.073,경북 김천시 남남서쪽 14km 지역,KMA
2455,2019-08-08 13:51:53,2.3,ML,0.5,36.622,128.257,경북 문경시 동북동쪽 7km 지역,KMA
2456,2019-08-08 22:39:19,1.7,ML,31.7,34.229,127.042,전남 해남군 남동쪽 56km 해역,KMA
2457,2019-08-09 15:57:01,1.6,ML,9.4,33.478,128.073,제주 서귀포시 동쪽 143km 해역,KMA
2458,2019-08-15 20:44:29,1.8,ML,15.1,35.165,127.675,경남 진주시 서쪽 39km 지역,KMA
2459,2019-08-18 06:48:59,3.4,ML,14.0,37.259,129.857,경북 울진군 북동쪽 50km 해역,KMA
2460,2019-08-19 02:33:00,2.1,ML,7.0,35.985,128.222,경북 김천시 남남동쪽 20km 지역,KMA
2461,2019-08-19 04:26:03,1.7,ML,5.8,36.187,128.581,경북 김천시 동쪽 42km 지역,KMA
2462,2019-08-19 18:51:12,1.9,ML,8.6,36.749,129.17,경북 울진군 남서쪽 34km 지역,KMA
2463,2019-08-20 09:38:05,3.4,ML,11.4,36.436,129.237,경북 영덕군 서북서쪽 12km 지역,KMA
2464,2019-08-20 12:00:48,1.5,ML,6.0,34.896,126.604,전남 목포시 동북동쪽 21km 지역,KMA
2465,2019-08-21 07:34:09,1.5,ML,10.0,35.228,125.415,전남 목포시 서북서쪽 100km 해역,KMA
2466,2019-08-25 18:50:33,2.4,ML,11.0,37.804,128.781,강원 강릉시 북서쪽 10km 지역,KMA
2467,2019-08-30 05:27:29,2.4,ML,9.7,35.978,128.405,대구 달성군 북쪽 23km 지역,KMA
2468,2019-08-30 13:43:53,1.8,ML,18.3,37.187,127.357,경기 화성시 동쪽 47km 지역,KMA
2469,2019-09-04 13:15:11,1.5,ML,12.1,35.345,128.939,경남 창원시 동북동쪽 27km 지역,KMA
2470,2019-09-05 16:06:55,2.2,ML,24.0,33.578,127.874,제주 제주시 동쪽 125km 해역,KMA
2471,2019-09-06 13:21:35,1.7,ML,0.6,35.517,128.105,경남 합천군 남서쪽 8km 지역,KMA
2472,2019-09-07 02:11:45,1.7,ML,9.5,35.853,129.321,경북 경주시 동쪽 9km 지역,KMA
2473,2019-09-07 21:53:48,1.4,ML,10.0,34.292,127.13,전남 해남군 동남동쪽 58km 해역,KMA
2474,2019-09-13 01:35:56,1.6,ML,9.2,35.501,129.011,울산 울주군 서남서쪽 22km 지역,KMA
2475,2019-09-16 03:55:34,1.6,ML,8.2,37.672,130.333,강원 삼척시 동북동쪽 106km 해역,KMA
2476,2019-09-17 08:07:03,2.6,ML,10.0,34.061,128.37,경남 거제시 남남서쪽 94km 해역,KMA
2477,2019-09-18 11:13:58,2.3,ML,0.6,37.365,128.047,강원 원주시 동북동쪽 11km 지역,KMA
2478,2019-09-20 17:21:27,1.8,ML,0.3,37.359,128.045,강원 원주시 동쪽 11km 지역,KMA
2479,2019-09-21 18:48:38,2.0,ML,18.7,33.621,127.887,제주 제주시 동쪽 126km 해역,KMA
2480,2019-09-29 15:42:37,1.6,ML,13.9,36.235,130.598,경북 영덕군 동쪽 112km 해역,KMA
2481,2019-10-01 00:12:07,1.6,ML,18.3,35.016,128.359,경남 거제시 서북서쪽 28km 지역,KMA
2482,2019-10-01 06:26:10,1.5,ML,8.4,36.644,127.907,경북 문경시 서북서쪽 26km 지역,KMA
2483,2019-10-01 08:56:45,1.6,ML,12.8,35.668,125.227,전북 부안군 서쪽 136km 해역,KMA
2484,2019-10-02 13:42:40,1.6,ML,16.9,37.289,125.661,인천 옹진군 서쪽 56km 해역,KMA
2485,2019-10-02 23:06:59,1.9,ML,5.3,37.107,127.407,충북 충주시 서북서쪽 48km 지역,KMA
2486,2019-10-04 11:23:44,2.1,ML,16.0,36.215,128.808,경북 안동시 남쪽 40km 지역,KMA
2487,2019-10-05 17:53:32,1.7,ML,23.2,36.269,128.011,경북 김천시 북북서쪽 17km 지역,KMA
2488,2019-10-05 22:00:09,2.1,ML,9.6,35.208,128.237,경남 진주시 동북동쪽 12km 지역,KMA
2489,2019-10-07 13:11:58,2.6,ML,15.2,36.564,128.835,경북 안동시 동쪽 9km 지역,KMA
2490,2019-10-12 02:24:53,1.5,ML,13.8,35.311,126.784,광주 광산구 북쪽 19km 지역,KMA
2491,2019-10-12 23:41:24,2.6,ML,18.3,36.104,125.627,충청남도 보령시 서남서쪽 92km 해역,KMA
2492,2019-10-17 15:13:16,1.9,ML,6.0,35.538,127.531,전북 전주시 남동쪽 47km 지역,KMA
2493,2019-10-20 03:29:51,1.5,ML,7.4,36.581,125.836,충남 태안군 서남서쪽 45km 해역,KMA
2494,2019-10-20 08:41:15,1.5,ML,6.4,36.733,127.056,충남 공주시 북쪽 32km 지역,KMA
2495,2019-10-21 10:14:35,1.9,ML,19.3,36.765,128.622,경북 안동시 북북서쪽 24km 지역,KMA
2496,2019-10-22 05:50:07,1.6,ML,11.8,35.074,128.037,경남 진주시 남남서쪽 13km 지역,KMA
2497,2019-10-22 09:09:45,1.7,ML,8.8,35.754,129.256,경북 경주시 남남동쪽 12km 지역,KMA
2498,2019-10-23 03:30:27,1.5,ML,14.1,36.455,128.757,경북 안동시 남남동쪽 13km 지역,KMA
2499,2019-10-25 21:03:49,1.7,ML,9.1,35.792,128.128,경남 합천군 북쪽 25km 지역,KMA
2500,2019-10-29 13:26:51,3.5,ML,15.0,36.515,128.038,경북 문경시 서남서쪽 15km 지역,KMA
2501,2019-11-02 17:21:20,1.3,ML,13.7,35.376,124.864,전남 목포시 서북서쪽 153km 해역,KMA
2502,2019-11-08 08:56:57,1.7,ML,15.6,35.503,125.59,전남 목포시 북서쪽 106km 해역,KMA
2503,2019-11-08 22:50:27,1.2,ML,9.1,36.187,128.28,경북 김천시 동북동쪽 16km 지역,KMA
2504,2019-11-09 01:18:34,1.9,ML,7.5,35.447,124.716,전남 목포시 서북서쪽 168km 해역,KMA
2505,2019-11-11 06:16:06,2.4,ML,17.6,36.885,128.317,경북 문경시 북북동쪽 35km 지역,KMA
2506,2019-11-11 09:21:30,2.1,ML,10.0,36.812,125.657,충남 태안군 서쪽 57km 해역,KMA
2507,2019-11-11 09:21:30,2.1,ML,10.0,36.812,125.657,충남 태안군 서쪽 57km 해역,KMA
2508,2019-11-16 13:08:49,1.9,ML,11.2,35.404,129.145,부산 기장군 북북서쪽 19km 지역,KMA
2509,2019-11-16 23:49:39,1.7,ML,4.1,35.058,128.344,경남 진주시 동남동쪽 25km 지역,KMA
2510,2019-11-22 06:17:30,2.5,ML,14.3,35.947,126.42,전북 부안군 북서쪽 37km 지역,KMA
2511,2019-11-22 20:01:01,1.7,ML,25.8,33.403,128.032,제주 서귀포시 동쪽 138km 해역,KMA
2512,2019-11-27 12:51:59,2.2,ML,0.1,35.519,128.111,경남 합천군 남서쪽 7km 지역,KMA
2513,2019-11-29 09:33:18,1.7,ML,16.4,36.387,128.625,경상북도 안동시 남남서쪽 22km 지역,KMA
2514,2019-12-01 11:00:13,2.1,ML,7.3,35.641,128.145,경남 합천군 북북서쪽 9km 지역,KMA
2515,2019-12-03 19:03:43,2.6,ML,10.9,36.083,127.835,전북 무주군 동북동쪽 18km 지역,KMA
2516,2019-12-06 09:50:05,1.7,ML,13.6,33.989,125.986,제주 제주시 북서쪽 74km 해역,KMA
2517,2019-12-06 14:33:40,2.0,ML,0.9,35.511,128.094,경남 합천군 남서쪽 9km 지역,KMA
2518,2019-12-07 19:39:23,2.9,ML,12.9,36.28,129.079,경북 영덕군 서남서쪽 30km 지역,KMA
2519,2019-12-08 14:12:06,1.4,ML,16.3,34.377,127.697,전남 여수시 남쪽 43km 해역,KMA
2520,2019-12-12 05:29:57,1.5,ML,7.3,37.502,128.339,강원 원주시 동북동쪽 41km 지역,KMA
2521,2019-12-17 02:47:29,1.9,ML,10.0,36.107,128.707,대구 달성군 북동쪽 44km 지역,KMA
2522,2019-12-22 05:14:21,1.6,ML,23.4,37.196,130.175,경북 울진군 동북동쪽 72km 해역,KMA
2523,2019-12-24 15:51:05,1.9,ML,5.1,36.688,127.899,경북 문경시 서북서쪽 28km 지역,KMA
2524,2019-12-25 12:46:32,1.7,ML,17.2,37.138,125.193,인천 옹진군 서쪽 99km 해역,KMA
2525,2019-12-25 13:51:02,1.6,ML,11.6,35.781,128.626,대구 달성군 동쪽 18km 지역,KMA
2526,2019-12-28 22:22:15,1.9,ML,10.1,36.707,128.88,경북 안동시 북동쪽 20km 지역,KMA
2527,2019-12-29 01:26:02,1.4,ML,11.8,34.244,127.254,전남 여수시 남남서쪽 68km 해역,KMA
2528,2019-12-29 05:44:41,1.7,ML,16.9,36.371,128.945,경상북도 안동시 남동쪽 29km 지역,KMA
2529,2020-01-01 14:50:07,3.4,ML,13.8,36.096,127.297,전북 전주시 북북동쪽 33km 지역,KMA
2530,2020-01-06 08:47:22,1.6,ML,11.6,35.162,126.402,광주 광산구 서쪽 36km 지역,KMA
2531,2020-01-08 15:39:04,2.7,ML,12.8,35.411,128.659,경남 창원시 북쪽 20km 지역,KMA
2532,2020-01-10 16:54:25,1.7,ML,0.0,37.382,128.048,강원 원주시 동북동쪽 12km 지역,KMA
2533,2020-01-12 00:46:43,1.8,ML,8.1,36.899,128.544,경북 안동시 북북서쪽 40km 지역,KMA
2534,2020-01-13 13:02:53,2.0,ML,8.1,35.914,129.38,경북 포항시 남남동쪽 12km 지역,KMA
2535,2020-01-17 09:17:30,2.0,ML,8.2,36.355,129.43,경북 영덕군 남동쪽 9km 지역,KMA
2536,2020-01-18 06:19:09,2.7,ML,15.7,36.148,129.93,경북 포항시 동북동쪽 55km 해역,KMA
2537,2020-01-19 14:39:02,2.1,ML,11.5,35.698,126.664,전북 부안군 서남서쪽 7km 지역,KMA
2538,2020-01-20 12:09:03,2.1,ML,22.8,35.406,130.545,울산 울주군 동쪽 119km 해역,KMA
2539,2020-01-21 14:21:10,2.0,ML,0.6,37.367,128.048,강원 원주시 동북동쪽 12km 지역,KMA
2540,2020-01-21 19:07:11,2.1,ML,20.7,33.646,126.557,제주 제주시 북쪽 16km 해역,KMA
2541,2020-01-22 06:19:47,1.8,ML,8.0,37.062,128.168,충북 충주시 동북동쪽 23km 지역,KMA
2542,2020-01-23 19:37:55,3.2,ML,20.8,36.724,129.361,경북 울진군 남쪽 30km 지역,KMA
2543,2020-01-24 03:42:43,1.6,ML,10.0,36.648,128.796,경북 안동시 북동쪽 11km 지역,KMA
2544,2020-01-25 13:39:15,1.5,ML,8.8,35.267,128.76,경남 창원시 동북동쪽 8km 지역,KMA
2545,2020-01-29 05:22:32,2.3,ML,12.1,35.782,126.623,전북 부안군 서북서쪽 11km 지역,KMA
2546,2020-02-01 11:06:52,1.8,ML,17.9,36.582,129.103,경북 영덕군 북서쪽 30km 지역,KMA
2547,2020-02-06 00:22:36,2.4,ML,14.9,35.428,125.666,전남 목포시 북서쪽 95km 해역,KMA
2548,2020-02-06 13:00:21,2.0,ML,17.6,35.23,129.193,부산 기장군 서남서쪽 3km 지역,KMA
2549,2020-02-07 09:19:23,1.7,ML,11.5,37.818,128.82,강원 강릉시 북서쪽 9km 지역,KMA
2550,2020-02-08 14:01:18,2.4,ML,25.8,35.706,128.367,대구 달성군 남서쪽 10km 지역,KMA
2551,2020-02-11 07:25:21,2.3,ML,11.7,35.832,126.539,전북 부안군 서북서쪽 21km 지역,KMA
2552,2020-02-11 17:58:54,1.7,ML,15.5,36.398,129.659,경북 영덕군 동쪽 26km 해역,KMA
2553,2020-02-13 17:45:02,2.3,ML,18.8,38.219,130.388,강원 삼척시 북동쪽 137km 해역,KMA
2554,2020-02-18 17:41:59,1.6,ML,12.1,35.168,126.556,광주 광산구 서쪽 22km 지역,KMA
2555,2020-02-19 22:27:53,3.0,ML,16.0,35.068,128.968,부산 기장군 남서쪽 30km 지역,KMA
2556,2020-02-20 18:16:38,2.7,ML,8.7,36.056,128.849,경북 경주시 서북서쪽 40km 지역,KMA
2557,2020-02-21 16:43:45,1.9,ML,10.0,36.204,130.071,경북 영덕군 동남동쪽 67km 해역,KMA
2558,2020-02-22 14:20:32,2.4,ML,20.7,36.001,128.609,대구 달성군 북북동쪽 30km 지역,KMA
2559,2020-02-24 22:51:43,2.2,ML,10.0,37.048,129.855,경상북도 울진군 동쪽 41km 해역,KMA
2560,2020-02-27 02:02:15,2.0,ML,14.4,36.211,127.007,충남 공주시 남남서쪽 28km 지역,KMA
2561,2020-03-01 21:11:10,1.5,ML,10.0,35.867,125.426,충남 보령시 서남서쪽 118km 해역,KMA
2562,2020-03-02 09:37:51,2.1,ML,13.2,36.138,129.414,경북 포항시 북북동쪽 15km 지역,KMA
2563,2020-03-03 08:06:22,1.5,ML,8.5,35.943,126.978,전북 전주시 북서쪽 20km 지역,KMA
2564,2020-03-05 08:25:23,1.5,ML,8.7,36.053,128.925,경상북도 경주시 북서쪽 35km 지역,KMA
2565,2020-03-07 08:56:19,1.8,ML,19.1,36.679,127.987,경상북도 문경시 서북서쪽 21km 지역,KMA
2566,2020-03-08 08:55:07,1.4,ML,,37.874,128.295,강원 춘천시 동쪽 50km 지역,KMA
2567,2020-03-08 23:59:00,2.4,ML,14.1,36.434,128.527,경북 안동시 남서쪽 23km 지역,KMA
2568,2020-03-10 06:34:00,1.6,ML,13.0,36.54,130.069,경북 영덕군 동북동쪽 64km 해역,KMA
2569,2020-03-11 04:02:03,1.8,ML,8.7,38.006,130.746,강원 삼척시 동북동쪽 152km 해역,KMA
2570,2020-03-12 00:04:56,1.8,ML,15.7,35.313,129.078,부산 기장군 서북서쪽 15km 지역,KMA
2571,2020-03-17 03:38:46,1.5,ML,,37.372,125.477,인천 옹진군 서쪽 73km 해역,KMA
2572,2020-03-17 17:38:35,1.6,ML,12.6,33.174,125.667,제주 서귀포시 서쪽 83km 해역,KMA
2573,2020-03-20 20:38:21,2.0,ML,27.8,33.879,126.798,제주 제주시 북북동쪽 49km 해역,KMA
2574,2020-03-20 21:24:10,1.5,ML,14.7,33.941,126.411,제주 제주시 북북서쪽 50km 해역,KMA
2575,2020-03-23 03:45:19,2.0,ML,16.9,35.074,128.731,경남 창원시 남남동쪽 18km 지역,KMA
2576,2020-03-23 20:14:43,2.5,ML,19.4,35.103,128.832,경남 창원시 남동쪽 19km 지역,KMA
2577,2020-03-26 04:11:47,1.7,ML,17.3,37.034,130.011,경북 울진군 동쪽 54km 해역,KMA
2578,2020-03-26 21:16:42,1.1,ML,7.2,35.652,128.106,경남 합천군 북북서쪽 11km 지역,KMA
2579,2020-03-31 02:26:31,1.5,ML,13.0,35.272,128.027,경남 진주시 북서쪽 13km 지역,KMA
2580,2020-04-02 10:12:25,2.5,ML,10.3,36.134,128.659,대구 달성군 북북동쪽 45km 지역,KMA
2581,2020-04-03 09:14:46,2.6,ML,10.0,34.65,125.106,전남 목포시 서쪽 119km 해역,KMA
2582,2020-04-06 15:58:49,1.8,ML,5.6,36.336,127.223,충남 공주시 남동쪽 15km 지역,KMA
2583,2020-04-06 21:12:59,1.3,ML,20.7,33.848,127.498,제주 제주시 동북동쪽 98km 해역,KMA
2584,2020-04-09 12:15:19,2.1,ML,14.0,34.883,127.673,전남 여수시 북쪽 14km 지역,KMA
2585,2020-04-17 18:25:39,1.8,ML,10.0,36.609,125.253,충남 태안군 서쪽 94km 해역,KMA
2586,2020-04-18 14:25:59,2.2,ML,21.0,37.749,129.608,강원 삼척시 북동쪽 51km 해역,KMA
2587,2020-04-21 20:04:08,1.5,ML,19.4,36.976,127.997,충북 충주시 동남동쪽 7km 지역,KMA
2588,2020-04-24 16:24:42,1.5,ML,12.7,33.208,128.127,제주 서귀포시 동쪽 146km 해역,KMA
2589,2020-04-27 09:49:33,2.0,ML,11.3,37.377,124.585,인천 옹진군 서쪽 152km 해역,KMA
2590,2020-04-28 06:01:05,1.9,ML,18.3,35.512,129.035,울산 울주군 서남서쪽 20km 지역,KMA
2591,2020-05-01 06:04:20,2.2,ML,14.1,36.817,124.629,충남 태안군 서쪽 149km 해역,KMA
2592,2020-05-02 14:04:16,1.9,ML,14.4,33.958,126.162,제주 제주시 북서쪽 61km 해역,KMA
2593,2020-05-05 17:40:40,3.1,ML,6.7,36.466,128.739,경북 안동시 남쪽 11km 지역,KMA
2594,2020-05-05 21:34:00,1.9,ML,10.0,35.533,126.57,전북 부안군 남남서쪽 27km 지역,KMA
2595,2020-05-06 00:16:09,2.5,ML,12.9,36.118,124.712,충남 태안군 서남서쪽 157km 해역,KMA
2596,2020-05-07 04:55:41,1.9,ML,8.7,35.123,128.548,경남 창원시 남서쪽 17km 지역,KMA
2597,2020-05-08 06:32:44,1.7,ML,12.2,35.372,128.122,경남 진주시 북쪽 21km 지역,KMA
2598,2020-05-10 23:59:12,1.9,ML,18.8,37.226,124.832,인천 옹진군 서쪽 130km 해역,KMA
2599,2020-05-11 13:34:50,1.8,ML,10.0,35.874,124.982,충남 태안군 남서쪽 152km 해역,KMA
2600,2020-05-11 20:00:32,1.8,ML,14.8,36.465,125.231,충청남도 태안군 서남서쪽 100km 해역,KMA
2601,2020-05-14 03:47:38,2.2,ML,6.3,35.384,129.358,부산 기장군 북동쪽 20km 지역,KMA
2602,2020-05-14 10:10:37,1.6,ML,15.6,37.096,127.609,충북 충주시 서북서쪽 30km 지역,KMA
2603,2020-05-14 12:43:52,2.7,ML,8.4,37.637,130.669,경북 울진군 동북동쪽 133km 해역,KMA
2604,2020-05-14 18:06:06,1.7,ML,24.8,35.796,127.285,전북 전주시 동남동쪽 13km 지역,KMA
2605,2020-05-14 20:26:28,1.9,ML,13.4,37.89,128.39,강원 강릉시 서북서쪽 45km 지역,KMA
2606,2020-05-16 21:54:58,2.4,ML,6.5,36.301,128.064,경북 상주시 남서쪽 15km 지역,KMA
2607,2020-05-16 23:22:25,1.6,ML,16.6,36.684,125.564,충남 태안군 서쪽 66km 해역,KMA
2608,2020-05-22 06:31:23,1.5,ML,5.8,36.423,129.418,경북 영덕군 동쪽 5km 지역,KMA
2609,2020-05-23 18:01:38,2.6,ML,9.2,35.178,128.865,경남 창원시 동남동쪽 18km 지역,KMA
2610,2020-05-23 19:40:37,2.3,ML,30.9,37.182,124.481,인천 옹진군 서쪽 161km 해역,KMA
2611,2020-05-25 15:46:04,1.7,ML,0.3,35.53,128.089,경남 합천군 서남서쪽 8km 지역,KMA
2612,2020-05-27 10:41:59,1.7,ML,9.7,35.984,127.453,전북 무주군 서쪽 19km 지역,KMA
2613,2020-05-28 00:27:26,1.6,ML,9.8,35.124,125.453,전남 목포시 서북서쪽 92km 해역,KMA
2614,2020-05-28 20:24:31,1.4,ML,9.0,35.135,127.279,광주 광산구 동쪽 44km 지역,KMA
2615,2020-06-02 16:22:47,2.1,ML,7.1,35.041,126.877,광주 광산구 남동쪽 13km 지역,KMA
2616,2020-06-04 09:12:06,1.9,ML,10.0,33.919,127.697,전라남도 여수시 남쪽 93km 해역,KMA
2617,2020-06-04 11:32:03,2.0,ML,18.7,36.655,130.697,경북 울진군 동남동쪽 121km 해역,KMA
2618,2020-06-04 22:28:57,2.5,ML,10.0,36.041,130.384,경북 포항시 동쪽 93km 해역,KMA
2619,2020-06-07 03:41:13,1.8,ML,9.3,36.113,128.714,대구 달성군 북동쪽 45km 지역,KMA
2620,2020-06-07 22:36:59,1.8,ML,4.4,37.834,127.667,강원 춘천시 남서쪽 8km 지역,KMA
2621,2020-06-08 10:39:03,2.1,ML,13.5,35.844,129.256,경북 경주시 동남동쪽 3km 지역,KMA
2622,2020-06-11 15:26:43,2.5,ML,18.6,37.371,127.314,경기 화성시 동북동쪽 47km 지역,KMA
2623,2020-06-16 03:20:28,3.2,ML,9.9,36.544,126.974,충남 공주시 북서쪽 17km 지역,KMA
2624,2020-06-18 03:36:09,1.9,ML,15.8,35.606,129.088,울산 울주군 서북서쪽 15km 지역,KMA
2625,2020-06-20 15:01:50,1.7,ML,9.0,36.018,128.767,대구 달성군 북동쪽 41km 지역,KMA
2626,2020-06-20 20:31:48,1.8,ML,27.9,35.175,124.69,전남 목포시 서북서쪽 160km 해역,KMA
2627,2020-06-22 23:17:24,1.7,ML,14.1,36.099,128.777,대구 달성군 북동쪽 48km 지역,KMA
2628,2020-06-24 09:31:12,2.1,ML,4.4,36.296,129.328,경북 영덕군 남남서쪽 14km 지역,KMA
2629,2020-06-26 03:18:42,1.5,ML,10.0,36.34,129.386,경북 영덕군 남남동쪽 9km 지역,KMA
2630,2020-06-30 01:51:46,2.8,ML,8.2,36.319,129.308,경북 영덕군 남남서쪽 12km 지역,KMA
2631,2020-07-04 03:33:28,2.3,ML,11.5,35.564,125.505,전북 부안군 서쪽 112km 해역,KMA
2632,2020-07-10 14:23:45,1.7,ML,5.3,35.22,126.787,광주 광산구 북쪽 9km 지역,KMA
2633,2020-07-17 22:36:50,2.2,ML,17.9,36.493,127.01,충남 공주시 서북서쪽 11km 지역,KMA
2634,2020-07-18 03:08:30,1.2,ML,14.5,35.894,127.13,전북 전주시 북북서쪽 8km 지역,KMA
2635,2020-07-20 01:41:23,1.7,ML,12.8,36.344,128.673,경북 안동시 남남서쪽 25km 지역,KMA
2636,2020-07-20 03:00:31,2.8,ML,16.7,36.89,127.026,경기 화성시 남남동쪽 38km 지역,KMA
2637,2020-07-20 13:23:12,1.7,ML,14.1,36.387,128.628,경북 안동시 남남서쪽 22km 지역,KMA
2638,2020-07-20 13:24:05,1.9,ML,0.6,35.519,128.091,경남 합천군 남서쪽 9km 지역,KMA
2639,2020-07-21 16:01:30,2.1,ML,9.2,36.266,128.308,경북 상주시 남동쪽 21km 지역,KMA
2640,2020-07-21 16:11:05,2.2,ML,18.3,37.076,129.859,경북 울진군 동북동쪽 42km 해역,KMA
2641,2020-07-26 15:08:29,1.9,ML,10.0,33.895,125.832,제주 제주시 북서쪽 78km 해역,KMA
2642,2020-07-27 13:59:06,1.8,ML,14.7,37.062,124.536,인천 옹진군 서쪽 158km 해역,KMA
2643,2020-07-29 15:14:04,2.5,ML,17.9,36.654,128.445,경상북도 문경시 동북동쪽 24km 지역,KMA
2644,2020-08-01 19:34:51,2.7,ML,15.7,38.197,130.351,강원 삼척시 북동쪽 133km 해역,KMA
2645,2020-08-01 21:01:09,3.4,ML,13.6,37.316,128.379,강원 원주시 동쪽 41km 지역,KMA
2646,2020-08-08 01:26:56,1.9,ML,13.8,34.274,126.745,전남 해남군 남남동쪽 36km 해역,KMA
2647,2020-08-11 15:34:20,2.0,ML,15.8,35.212,124.642,전남 목포시 서북서쪽 166km 해역,KMA
2648,2020-08-12 13:43:32,1.5,ML,6.1,37.42,126.863,경기 화성시 북쪽 25km 지역,KMA
2649,2020-08-13 08:46:09,1.7,ML,9.5,36.907,124.738,충남 태안군 서쪽 140km 해역,KMA
2650,2020-08-16 07:13:17,1.6,ML,10.0,35.766,128.472,대구 달성군 동남동쪽 4km 지역,KMA
2651,2020-08-18 13:52:27,2.0,ML,0.3,37.363,128.056,강원 원주시 동쪽 12km 지역,KMA
2652,2020-08-19 20:25:37,2.5,ML,7.7,35.667,128.051,경남 합천군 북서쪽 15km 지역,KMA
2653,2020-08-22 14:20:55,1.7,ML,11.0,36.915,130.457,경상북도 울진군 동쪽 94km 해역,KMA
2654,2020-08-23 12:59:16,2.3,ML,10.0,36.841,124.599,충남 태안군 서쪽 151km 해역,KMA
2655,2020-08-25 02:12:29,1.4,ML,13.8,34.807,125.777,전남 목포시 서쪽 56km 해역,KMA
2656,2020-08-28 01:51:26,1.6,ML,11.8,36.484,130.124,경북 영덕군 동쪽 68km 해역,KMA
2657,2020-08-30 14:59:47,1.4,ML,10.0,37.388,130.25,경상북도 울진군 동북동쪽 87km 해역,KMA
2658,2020-09-01 03:07:28,1.6,ML,6.2,36.075,127.541,전북 무주군 북서쪽 13km 지역,KMA
2659,2020-09-02 13:14:29,1.8,ML,13.2,35.378,128.587,경남 창원시 북북서쪽 19km 지역,KMA
2660,2020-09-02 13:44:04,1.7,ML,11.1,36.423,124.364,충남 태안군 서남서쪽 176km 해역,KMA
2661,2020-09-03 08:53:50,1.8,ML,10.0,35.408,125.691,전남 목포시 북서쪽 92km 해역,KMA
2662,2020-09-04 03:27:59,1.7,ML,5.9,36.67,129.137,경북 영덕군 북서쪽 35km 지역,KMA
2663,2020-09-04 08:06:33,1.6,ML,9.7,35.694,127.554,전북 무주군 남남서쪽 36km 지역,KMA
2664,2020-09-05 19:09:48,1.7,ML,7.4,34.659,125.023,전라남도 목포시 서쪽 126km 해역,KMA
2665,2020-09-07 04:11:25,1.2,ML,17.4,35.907,129.448,경북 포항시 남동쪽 16km 지역,KMA
2666,2020-09-07 12:18:15,2.2,ML,,35.275,124.846,전남 목포시 서북서쪽 150km 해역,KMA
2667,2020-09-13 20:49:37,1.4,ML,21.3,36.771,128.106,경북 문경시 북북서쪽 22km 지역,KMA
2668,2020-09-17 11:19:41,1.9,ML,9.4,36.567,127.949,경북 문경시 서쪽 21km 지역,KMA
2669,2020-09-21 09:35:51,1.7,ML,23.8,36.789,125.837,충남 태안군 서쪽 41km 해역,KMA
2670,2020-09-21 23:33:12,1.7,ML,15.7,35.562,126.938,전북 부안군 남동쪽 26km 지역,KMA
2671,2020-09-23 06:49:12,1.5,ML,,33.501,126.585,제주 제주시 동쪽 5km 해역,KMA
2672,2020-09-25 04:13:42,2.5,ML,20.8,33.042,125.703,제주 서귀포시 서남서쪽 83km 해역,KMA
2673,2020-09-25 08:05:53,1.8,ML,17.7,36.311,129.026,경상북도 영덕군 서남서쪽 32km 지역,KMA
2674,2020-09-29 07:50:27,1.5,ML,6.4,35.935,126.469,전북 부안군 북서쪽 33km 지역,KMA
2675,2020-10-01 11:38:58,2.7,ML,9.3,37.588,128.486,강원 강릉시 서남서쪽 39km 지역,KMA
2676,2020-10-02 12:30:09,1.7,ML,10.5,35.466,130.399,울산 울주군 동쪽 105km 해역,KMA
2677,2020-10-02 15:48:33,2.3,ML,0.1,37.358,128.049,강원 원주시 동쪽 12km 지역,KMA
2678,2020-10-03 04:44:18,2.1,ML,5.6,37.479,127.588,강원 원주시 서북서쪽 33km 지역,KMA
2679,2020-10-04 16:41:39,2.6,ML,7.1,35.649,128.994,울산 울주군 서북서쪽 24km 지역,KMA
2680,2020-10-07 06:53:24,1.9,ML,13.9,36.521,127.042,충남 공주시 북서쪽 11km 지역,KMA
2681,2020-10-07 21:10:34,1.4,ML,10.0,37.387,124.885,인천 옹진군 서쪽 125km 해역,KMA
2682,2020-10-09 02:14:31,2.9,ML,7.8,36.084,128.502,대구 달성군 북쪽 35km 지역,KMA
2683,2020-10-13 20:03:23,1.6,ML,9.5,37.001,128.578,경북 안동시 북북서쪽 50km 지역,KMA
2684,2020-10-15 11:19:07,3.6,ML,8.6,35.869,127.131,전북 전주시 북북서쪽 5km 지역,KMA
2685,2020-10-17 19:36:00,2.0,ML,9.0,35.506,128.018,경남 합천군 서남서쪽 15km 지역,KMA
2686,2020-10-17 21:58:32,2.3,ML,17.0,36.306,128.852,경북 안동시 남남동쪽 31km 지역,KMA
2687,2020-10-22 05:31:19,1.7,ML,20.9,36.252,125.436,충남 태안군 남서쪽 94km 해역,KMA
2688,2020-11-04 01:09:13,2.1,ML,6.8,36.083,128.305,경북 김천시 동남동쪽 18km 지역,KMA
2689,2020-11-05 12:03:29,2.3,ML,12.9,36.044,129.425,경북 포항시 동북동쪽 8km 지역,KMA
2690,2020-11-05 18:15:05,1.2,ML,8.6,36.152,130.75,경북 영덕군 동남동쪽 127km 해역,KMA
2691,2020-11-06 02:47:43,1.4,ML,20.8,38.264,129.897,강원 강릉시 동북동쪽 106km 해역,KMA
2692,2020-11-07 08:21:39,3.1,ML,9.0,37.521,125.132,인천 옹진군 서북서쪽 106km 해역,KMA
2693,2020-11-12 21:24:34,1.5,ML,15.8,36.419,129.236,경북 영덕군 서쪽 12km 지역,KMA
2694,2020-11-13 04:24:42,1.6,ML,19.4,35.984,130.206,경북 포항시 동쪽 78km 해역,KMA
2695,2020-11-19 19:30:46,1.7,ML,10.1,35.31,127.903,경남 진주시 북서쪽 24km 지역,KMA
2696,2020-11-21 02:57:24,1.5,ML,15.7,36.946,125.642,충남 태안군 서북서쪽 62km 해역,KMA
2697,2020-11-21 09:34:53,2.0,ML,11.3,37.335,127.271,경기 화성시 동북동쪽 42km 지역,KMA
2698,2020-11-23 22:00:04,1.3,ML,14.5,35.741,128.308,대구 달성군 서남서쪽 12km 지역,KMA
2699,2020-11-25 16:22:42,1.6,ML,0.5,37.357,128.047,강원 원주시 동쪽 11km 지역,KMA
2700,2020-11-26 08:30:58,2.3,ML,23.8,35.454,128.144,경남 합천군 남쪽 13km 지역,KMA
2701,2020-11-27 23:56:21,1.7,ML,15.3,35.908,128.718,대구 달성군 동북동쪽 30km 지역,KMA
2702,2020-12-02 02:39:37,1.7,ML,8.2,36.197,127.947,경상북도 김천시 서북서쪽 16km 지역,KMA
2703,2020-12-05 13:41:31,1.6,ML,8.2,35.179,128.163,경남 진주시 동쪽 5km 지역,KMA
2704,2020-12-05 19:20:47,1.6,ML,4.5,35.142,128.7,경남 창원시 남쪽 10km 지역,KMA
2705,2020-12-07 11:30:45,1.3,ML,11.7,35.022,129.344,부산 기장군 남남동쪽 27km 지역,KMA
2706,2020-12-07 18:21:48,1.6,ML,18.9,37.842,128.034,강원 춘천시 동쪽 27km 지역,KMA
2707,2020-12-07 21:26:54,1.5,ML,20.7,37.526,128.874,강원 강릉시 남쪽 25km 지역,KMA
2708,2020-12-07 22:51:08,1.3,ML,20.9,35.802,129.672,경북 포항시 남동쪽 38km 해역,KMA
2709,2020-12-10 01:44:55,1.7,ML,5.8,36.344,129.012,경북 영덕군 서남서쪽 33km 지역,KMA
2710,2020-12-15 05:36:17,1.7,ML,15.0,36.845,126.999,경기 화성시 남남동쪽 42km 지역,KMA
2711,2020-12-20 18:37:48,2.0,ML,10.0,36.689,128.656,경북 안동시 북북서쪽 15km 지역,KMA
2712,2020-12-21 19:33:32,1.8,ML,16.2,35.663,128.762,대구 달성군 동남동쪽 32km 지역,KMA
2713,2020-12-23 14:11:09,2.7,ML,10.9,34.858,125.327,전남 목포시 서쪽 97km 해역,KMA
2714,2020-12-25 08:47:39,2.1,ML,9.8,34.951,125.155,전남 목포시 서쪽 114km 해역,KMA
2715,2020-12-26 21:58:48,2.2,ML,15.7,35.966,124.817,충남 태안군 서남서쪽 158km 해역,KMA
2716,2020-12-27 12:50:07,1.5,ML,18.0,35.934,127.687,전북 무주군 남남동쪽 8km 지역,KMA
2717,2020-12-28 09:50:04,1.8,ML,7.8,35.84,130.546,경북 포항시 동쪽 110km 해역,KMA
2718,2020-12-29 03:34:52,2.5,ML,13.2,36.107,127.183,전북 전주시 북쪽 32km 지역,KMA
2719,2020-12-30 23:58:33,3.1,ML,26.4,38.11,129.83,강원 강릉시 동북동쪽 93km 해역,KMA
2720,2021-01-04 10:03:54,1.9,ML,8.5,36.927,128.133,충북 충주시 동남동쪽 20km 지역,KMA
2721,2021-01-07 18:20:29,2.1,ML,11.0,36.424,130.659,경북 영덕군 동쪽 116km 해역,KMA
2722,2021-01-07 19:59:09,1.9,ML,18.8,35.649,128.538,대구 달성군 남동쪽 17km 지역,KMA
2723,2021-01-10 19:41:10,1.7,ML,14.1,37.786,127.684,강원 춘천시 남남서쪽 11km 지역,KMA
2724,2021-01-10 19:41:10,1.7,ML,14.1,37.786,127.684,강원 춘천시 남남서쪽 11km 지역,KMA
2725,2021-01-11 08:46:03,1.4,ML,28.7,36.07,125.291,충남 태안군 남서쪽 117km 해역,KMA
2726,2021-01-13 08:15:36,3.0,ML,29.0,37.771,127.114,강원 춘천시 서남서쪽 55km 지역,KMA
2727,2021-01-13 19:23:38,1.7,ML,21.2,35.236,124.846,전남 목포시 서북서쪽 149km 해역,KMA
2728,2021-01-14 04:01:08,3.1,ML,10.0,33.295,127.866,제주 서귀포시 동쪽 121km 해역,KMA
2729,2021-01-19 06:30:02,1.6,ML,11.6,37.71,129.865,강원 삼척시 동북동쪽 68km 해역,KMA
2730,2021-01-20 08:03:13,2.1,ML,10.3,36.032,127.95,경북 김천시 남서쪽 19km 지역,KMA
2731,2021-01-21 08:54:32,2.0,ML,24.6,35.102,125.05,전남 목포시 서북서쪽 126km 해역,KMA
2732,2021-01-23 16:30:32,1.4,ML,15.9,35.654,129.126,울산 울주군 북서쪽 15km 지역,KMA
2733,2021-01-25 12:46:44,1.7,ML,16.1,35.927,128.918,경북 경주시 서북서쪽 29km 지역,KMA
2734,2021-01-26 02:08:17,1.6,ML,7.7,36.785,129.264,경북 울진군 남남서쪽 26km 지역,KMA
2735,2021-01-27 04:49:02,1.9,ML,10.0,37.175,130.625,경북 울진군 동쪽 110km 해역,KMA
2736,2021-01-29 07:34:43,2.4,ML,14.5,35.625,129.894,울산 울주군 동쪽 59km 해역,KMA
2737,2021-02-02 10:31:13,1.9,ML,8.0,36.266,128.158,경북 김천시 북북동쪽 15km 지역,KMA
2738,2021-02-03 11:24:46,2.0,ML,22.8,36.424,128.364,경북 상주시 동쪽 18km 지역,KMA
2739,2021-02-07 01:52:08,2.1,ML,,36.548,128.888,경북 안동시 동쪽 14km 지역,KMA
2740,2021-02-07 18:24:05,1.7,ML,38.0,35.528,124.588,전남 목포시 서북서쪽 183km 해역,KMA
2741,2021-02-09 01:25:26,1.8,ML,9.6,36.094,127.778,전북 무주군 북동쪽 14km 지역,KMA
2742,2021-02-10 08:32:36,1.6,ML,10.0,33.88,125.9,제주 제주시 북서쪽 72km 해역,KMA
2743,2021-02-14 06:57:27,2.1,ML,14.2,36.44,129.244,경북 영덕군 서북서쪽 11km 지역,KMA
2744,2021-02-23 16:49:36,1.7,ML,28.4,35.121,128.949,경남 창원시 동남동쪽 27km 지역,KMA
2745,2021-02-24 05:37:27,1.7,ML,4.9,35.352,128.275,경남 진주시 북동쪽 24km 지역,KMA
2746,2021-02-27 20:51:40,2.6,ML,5.9,35.676,128.922,울산 울주군 서북서쪽 32km 지역,KMA
2747,2021-03-01 00:33:31,2.0,ML,8.5,36.641,128.689,경북 안동시 북북서쪽 9km 지역,KMA
2748,2021-03-01 12:40:16,1.7,ML,13.2,36.665,127.209,충청북도 청주시 서쪽 25km 지역,KMA
2749,2021-03-01 18:21:49,1.6,ML,13.2,37.317,130.588,경북 울진군 동북동쪽 111km 해역,KMA
2750,2021-03-02 05:55:46,1.3,ML,12.5,37.557,127.399,강원 춘천시 남서쪽 46km 지역,KMA
2751,2021-03-03 17:11:18,2.0,ML,10.4,35.48,128.074,경남 합천군 남서쪽 13km 지역,KMA
2752,2021-03-04 10:10:48,1.0,ML,10.0,38.168,129.627,강원도 강릉시 북동쪽 80km 해역,KMA
2753,2021-03-05 21:36:59,2.1,ML,19.4,36.12,128.929,경북 포항시 서북서쪽 39km 지역,KMA
2754,2021-03-07 00:13:59,2.7,ML,10.8,36.958,127.496,충북 청주시 북쪽 35km 지역,KMA
2755,2021-03-16 07:25:19,2.4,ML,22.4,36.909,127.994,충북 충주시 남남동쪽 11km 지역,KMA
2756,2021-03-22 19:28:05,2.0,ML,10.0,34.9,127.179,광주 광산구 남동쪽 44km 지역,KMA
2757,2021-03-26 14:01:02,1.9,ML,16.4,35.982,128.916,경북 경주시 서북서쪽 31km 지역,KMA
2758,2021-04-01 21:21:48,1.5,ML,19.0,33.97,127.434,전남 여수시 남남서쪽 90km 해역,KMA
2759,2021-04-02 03:28:58,1.7,ML,13.4,36.792,128.828,경북 안동시 북북동쪽 26km 지역,KMA
2760,2021-04-02 13:54:24,2.9,ML,13.2,36.62,125.246,충남 태안군 서쪽 95km 해역,KMA
2761,2021-04-03 17:25:34,2.1,ML,6.1,38.069,130.068,강원 삼척시 북동쪽 105km 해역,KMA
2762,2021-04-06 06:11:15,1.7,ML,7.1,37.152,128.734,강원도 삼척시 남서쪽 50km 지역,KMA
2763,2021-04-11 10:00:29,1.6,ML,12.0,36.002,129.124,경북 경주시 북북서쪽 19km 지역,KMA
2764,2021-04-13 08:56:14,1.5,ML,12.4,36.203,124.83,충남 태안군 서남서쪽 144km 해역,KMA
2765,2021-04-14 08:47:59,1.8,ML,10.6,35.984,128.86,경북 경주시 서북서쪽 36km 지역,KMA
2766,2021-04-16 21:18:59,1.8,ML,10.0,37.105,124.884,인천 옹진군 서쪽 127km 해역,KMA
2767,2021-04-17 06:01:42,2.1,ML,10.7,36.336,129.443,경북 영덕군 남동쪽 11km 지역,KMA
2768,2021-04-17 18:27:20,1.6,ML,6.6,34.216,126.692,전남 해남군 남남동쪽 41km 해역,KMA
2769,2021-04-22 21:19:27,2.0,ML,3.6,36.151,128.89,경북 포항시 서북서쪽 43km 지역,KMA
2770,2021-04-25 02:29:46,2.1,ML,9.1,36.204,128.638,경북 안동시 남남서쪽 41km 지역,KMA
2771,2021-04-26 03:00:41,2.1,ML,17.4,35.322,128.708,경남 창원시 북북동쪽 11km 지역,KMA
2772,2021-04-27 07:32:28,2.0,ML,19.3,35.832,128.412,대구 달성군 북북서쪽 7km 지역,KMA
2773,2021-05-04 11:56:41,1.6,ML,18.6,35.204,125.863,전라남도 목포시 북서쪽 65km 해역,KMA
2774,2021-05-07 14:48:08,1.5,ML,13.5,33.539,125.721,제주 제주시 서쪽 75km 해역,KMA
2775,2021-05-08 16:09:23,2.8,ML,8.3,37.844,128.358,강원 강릉시 서북서쪽 47km 지역,KMA
2776,2021-05-08 23:41:27,2.3,ML,17.5,35.91,130.096,경북 포항시 동쪽 69km 해역,KMA
2777,2021-05-15 05:57:47,1.9,ML,17.6,35.27,128.373,경남 진주시 동북동쪽 26km 지역,KMA
2778,2021-05-16 12:32:01,2.5,ML,10.0,38.276,130.044,강원 강릉시 동북동쪽 118km 해역,KMA
2779,2021-05-18 15:44:23,1.7,ML,10.4,36.562,128.179,경북 문경시 남남서쪽 3km 지역,KMA
2780,2021-05-20 00:43:42,1.3,ML,10.0,33.855,127.624,전남 여수시 남쪽 101km 해역,KMA
2781,2021-05-21 04:31:19,1.7,ML,7.2,35.856,128.783,대구 달성군 동북동쪽 33km 지역,KMA
2782,2021-05-21 09:54:54,1.8,ML,13.1,35.75,129.745,경상북도 포항시 남동쪽 47km 해역,KMA
2783,2021-05-21 11:21:24,1.7,ML,10.0,37.179,128.078,강원 원주시 남동쪽 23km 지역,KMA
2784,2021-05-22 04:17:37,2.0,ML,16.4,36.805,130.413,경북 울진군 동남동쪽 92km 해역,KMA
2785,2021-05-23 22:09:16,1.9,ML,6.5,36.233,129.078,경북 영덕군 남서쪽 33km 지역,KMA
2786,2021-05-23 22:11:27,1.7,ML,26.9,35.955,128.227,경북 김천시 남남동쪽 23km 지역,KMA
2787,2021-05-24 12:20:14,2.3,ML,0.9,37.352,128.056,강원 원주시 동쪽 12km 지역,KMA
2788,2021-05-26 02:28:20,1.8,ML,10.3,36.222,129.331,경상북도 영덕군 남쪽 22km 지역,KMA
2789,2021-05-26 10:21:07,2.6,ML,13.9,35.231,128.568,경남 창원시 서쪽 10km 지역,KMA
2790,2021-05-26 23:29:08,2.0,ML,6.2,36.484,128.287,경북 상주시 북동쪽 14km 지역,KMA
2791,2021-05-30 01:00:17,2.5,ML,20.3,35.705,128.762,대구 달성군 동남동쪽 31km 지역,KMA
2792,2021-05-31 23:45:50,1.6,ML,10.0,35.533,130.356,울산 울주군 동쪽 101km 해역,KMA
2793,2021-06-05 03:10:35,1.9,ML,6.5,35.215,128.733,경남 창원시 동남동쪽 5km 지역,KMA
2794,2021-06-07 19:23:09,1.8,ML,8.6,33.936,126.621,제주 제주시 북쪽 49km 해역,KMA
2795,2021-06-11 15:14:06,1.6,ML,14.4,36.71,128.626,경북 안동시 북북서쪽 18km 지역,KMA
2796,2021-06-15 05:32:15,1.4,ML,7.1,35.649,128.059,경남 합천군 북서쪽 13km 지역,KMA
2797,2021-06-16 17:14:03,2.6,ML,18.5,35.864,126.896,전북 부안군 북동쪽 21km 지역,KMA
2798,2021-06-17 11:04:26,2.2,ML,3.2,35.312,128.086,경남 진주시 북쪽 15km 지역,KMA
2799,2021-06-19 06:42:23,2.4,ML,13.1,36.79,128.354,경북 문경시 북북동쪽 27km 지역,KMA
2800,2021-06-21 19:50:40,1.3,ML,14.6,33.759,126.416,제주 제주시 북북서쪽 31km 해역,KMA
2801,2021-06-21 19:52:54,2.1,ML,33.9,35.717,127.976,경남 합천군 북서쪽 24km 지역,KMA
2802,2021-06-24 02:43:46,4.2,ML,11.4,35.939,128.308,대구 달성군 북북서쪽 21km 지역,KMA
2803,2021-06-25 17:49:40,1.5,ML,7.3,35.692,127.14,전북 전주시 남쪽 15km 지역,KMA
2804,2021-06-26 20:56:22,1.3,ML,12.6,35.105,128.874,경남 창원시 남동쪽 22km 지역,KMA
2805,2021-06-29 00:34:50,1.4,ML,7.5,34.627,125.535,전남 목포시 서남서쪽 81km 해역,KMA
2806,2021-06-29 04:04:01,2.5,ML,23.7,35.327,128.504,경남 창원시 북서쪽 19km 지역,KMA
2807,2021-06-30 14:42:17,1.9,ML,9.1,37.686,127.217,강원 춘천시 서남서쪽 50km 지역,KMA
2808,2021-06-30 22:43:17,1.6,ML,7.0,35.766,128.555,대구 달성군 동쪽 11km 지역,KMA
2809,2021-07-03 13:22:38,1.9,ML,23.1,37.888,130.267,강원 삼척시 동북동쪽 109km 해역,KMA
2810,2021-07-06 06:56:50,2.0,ML,9.0,35.932,124.714,충남 태안군 서남서쪽 167km 해역,KMA
2811,2021-07-16 10:45:40,2.1,ML,8.9,37.607,128.849,강원 강릉시 남쪽 16km 지역,KMA
2812,2021-07-20 16:36:41,1.8,ML,23.7,36.859,130.488,경북 울진군 동쪽 98km 해역,KMA
2813,2021-07-24 11:53:01,2.0,ML,18.6,35.351,127.055,광주 광산구 북동쪽 33km 지역,KMA
2814,2021-07-25 22:08:37,1.8,ML,6.7,36.941,128.121,충청북도 충주시 동남동쪽 18km 지역,KMA
2815,2021-07-28 14:51:41,1.7,ML,0.6,35.527,128.1,경남 합천군 남서쪽 7km 지역,KMA
2816,2021-07-29 06:41:33,2.1,ML,10.3,37.074,130.547,경북 울진군 동쪽 102km 해역,KMA
2817,2021-08-04 17:54:38,2.4,ML,9.3,36.665,129.41,경북 영덕군 북쪽 28km 지역,KMA
2818,2021-08-04 21:11:11,1.9,ML,15.3,36.3,128.899,경북 안동시 남남동쪽 33km 지역,KMA
2819,2021-08-08 05:07:14,1.8,ML,11.5,36.329,128.727,경북 안동시 남쪽 27km 지역,KMA
2820,2021-08-10 11:41:48,2.7,ML,14.5,36.871,127.9,충북 충주시 남쪽 14km 지역,KMA
2821,2021-08-15 05:30:41,1.6,ML,17.3,36.552,128.238,경북 문경시 남동쪽 6km 지역,KMA
2822,2021-08-18 03:45:49,1.7,ML,16.9,36.155,124.893,충남 태안군 서남서쪽 141km 해역,KMA
2823,2021-08-21 04:12:19,1.7,ML,8.9,34.803,124.827,전남 목포시 서쪽 143km 해역,KMA
2824,2021-08-21 11:31:21,1.7,ML,6.3,36.695,127.933,경북 문경시 서북서쪽 26km 지역,KMA
2825,2021-08-25 23:20:57,2.2,ML,11.4,36.167,129.213,경북 포항시 북서쪽 20km 지역,KMA
2826,2021-08-26 21:15:41,2.2,ML,14.7,35.002,128.468,경남 거제시 북서쪽 19km 지역,KMA
2827,2021-08-30 12:23:44,1.8,ML,0.7,35.521,128.097,경남 합천군 남서쪽 8km 지역,KMA
2828,2021-09-09 02:01:35,1.4,ML,15.5,36.493,128.158,경북 상주시 북쪽 9km 지역,KMA
2829,2021-09-10 07:36:11,1.5,ML,13.7,35.033,126.954,광주 광산구 남동쪽 19km 지역,KMA
2830,2021-09-15 16:45:15,2.3,ML,10.7,37.453,127.862,강원 원주시 북북서쪽 13km 지역,KMA
2831,2021-09-19 09:52:00,1.7,ML,15.8,36.358,127.245,충남 공주시 남동쪽 15km 지역,KMA
2832,2021-09-22 07:32:50,2.2,ML,11.1,37.179,127.301,경기 화성시 동쪽 42km 지역,KMA
2833,2021-09-25 21:44:48,2.3,ML,12.0,36.565,129.284,경북 영덕군 북북서쪽 18km 지역,KMA
2834,2021-09-26 13:03:59,2.2,ML,13.3,37.089,128.822,강원 삼척시 남서쪽 50km 지역,KMA
2835,2021-10-02 08:43:46,2.0,ML,8.7,35.549,128.897,울산 울주군 서쪽 31km 지역,KMA
2836,2021-10-03 07:05:49,1.4,ML,13.4,37.256,130.747,경북 울진군 동북동쪽 123km 해역,KMA
2837,2021-10-09 05:49:46,1.8,ML,14.6,37.202,127.578,강원 원주시 서남서쪽 34km 지역,KMA
2838,2021-10-10 22:11:43,2.0,ML,17.1,35.521,127.768,경남 합천군 서쪽 36km 지역,KMA
2839,2021-10-24 02:52:34,1.8,ML,10.2,35.166,124.996,전남 목포시 서북서쪽 133km 해역,KMA
2840,2021-10-24 02:52:34,1.8,ML,10.2,35.166,124.996,전남 목포시 서북서쪽 133km 해역,KMA
2841,2021-10-24 17:04:33,1.5,ML,10.0,37.336,130.694,경북 울진군 동북동쪽 121km 해역,KMA
2842,2021-10-26 16:46:54,1.7,ML,11.9,37.375,124.89,인천 옹진군 서쪽 125km 해역,KMA
2843,2021-10-28 16:37:27,1.4,ML,5.7,35.71,127.334,전북 전주시 남동쪽 21km 지역,KMA
2844,2021-10-31 22:45:26,2.4,ML,15.2,35.033,128.877,경남 창원시 남동쪽 28km 지역,KMA
2845,2021-11-01 06:36:45,2.3,ML,10.0,36.423,130.095,경북 영덕군 동쪽 65km 해역,KMA
2846,2021-11-04 17:17:43,1.6,ML,11.1,35.909,129.689,경북 포항시 동남동쪽 33km 해역,KMA
2847,2021-11-06 04:36:20,1.5,ML,8.2,35.206,128.461,경남 창원시 서쪽 20km 지역,KMA
2848,2021-11-07 04:50:22,1.6,ML,8.8,37.175,129.948,경북 울진군 동북동쪽 53km 해역,KMA
2849,2021-11-07 16:47:02,1.8,ML,8.6,37.089,129.725,경북 울진군 동북동쪽 31km 해역,KMA
2850,2021-11-10 06:01:11,1.6,ML,,35.752,126.547,전북 부안군 서쪽 17km 지역,KMA
2851,2021-11-11 17:52:01,1.7,ML,14.4,35.163,128.42,경남 창원시 서남서쪽 25km 지역,KMA
2852,2021-11-15 18:14:57,1.7,ML,15.5,35.994,130.286,경북 포항시 동쪽 85km 해역,KMA
2853,2021-11-17 00:33:56,2.5,ML,15.7,35.124,128.803,경남 창원시 남동쪽 16km 지역,KMA
2854,2021-11-17 14:06:35,2.0,ML,30.7,37.436,124.453,인천 옹진군 서쪽 164km 해역,KMA
2855,2021-11-20 12:48:41,1.9,ML,10.0,34.66,124.46,전남 목포시 서쪽 177km 해역,KMA
2856,2021-11-21 01:10:04,1.3,ML,17.9,36.181,128.946,경북 포항시 서북서쪽 40km 지역,KMA
2857,2021-11-22 04:23:03,2.4,ML,16.5,36.014,129.422,경북 포항시 동쪽 7km 지역,KMA
2858,2021-11-25 18:27:01,1.1,ML,11.4,33.644,127.039,제주 제주시 동북동쪽 50km 해역,KMA
2859,2021-11-26 05:27:36,1.7,ML,23.5,36.269,130.65,경북 영덕군 동쪽 116km 해역,KMA
2860,2021-11-26 14:53:18,2.8,ML,12.0,35.546,129.439,울산 울주군 동쪽 18km 지역,KMA
2861,2021-11-27 05:10:30,1.8,ML,11.7,37.395,124.918,인천 옹진군 서쪽 122km 해역,KMA
2862,2021-12-02 07:29:22,1.4,ML,11.9,34.173,126.65,전남 해남군 남쪽 45km 해역,KMA
2863,2021-12-04 12:47:53,1.5,ML,15.7,34.714,125.099,전남 목포시 서쪽 118km 해역,KMA
2864,2021-12-05 13:49:15,1.5,ML,6.5,35.54,128.17,경남 합천군 남쪽 3km 지역,KMA
2865,2021-12-05 22:44:41,1.6,ML,18.7,36.343,130.619,경북 영덕군 동쪽 112km 해역,KMA
2866,2021-12-09 02:11:13,1.8,ML,7.3,36.569,128.228,경북 문경시 동남동쪽 4km 지역,KMA
2867,2021-12-14 17:19:14,4.9,ML,17.0,33.09,126.16,제주 서귀포시 서남서쪽 41km 해역,KMA
2868,2021-12-18 07:47:11,1.9,ML,23.0,33.142,127.74,제주 서귀포시 동쪽 110km 해역,KMA
2869,2021-12-18 16:46:30,2.3,ML,12.2,33.389,127.36,제주 서귀포시 동북동쪽 76km 해역,KMA
2870,2021-12-18 17:11:48,1.3,ML,18.3,37.978,129.98,강원 삼척시 북동쪽 93km 해역,KMA
2871,2021-12-19 05:24:44,2.1,ML,13.4,35.489,126.519,전북 부안군 남서쪽 33km 지역,KMA
2872,2021-12-20 13:05:21,3.9,ML,10.0,35.711,129.322,울산 울주군 북북동쪽 18km 지역,KMA
2873,2021-12-20 16:17:32,1.7,ML,11.2,35.857,129.964,경북 포항시 동남동쪽 59km 해역,KMA
2874,2021-12-24 06:37:13,1.5,ML,10.0,37.226,127.687,강원 원주시 서남서쪽 24km 지역,KMA
2875,2021-12-28 20:10:07,2.3,ML,11.3,36.765,128.2,경북 문경시 북쪽 20km 지역,KMA
2876,2021-12-29 18:12:25,1.8,ML,10.0,37.292,125.04,인천 옹진군 서쪽 111km 해역,KMA
2877,2022-01-04 23:35:28,1.6,ML,14.9,35.459,125.436,전남 목포시 북서쪽 113km 해역,KMA
2878,2022-01-12 22:46:00,1.9,ML,15.0,36.739,127.295,충북 청주시 서북서쪽 20km 지역,KMA
2879,2022-01-23 02:38:42,1.8,ML,5.7,35.849,126.828,전북 부안군 북북동쪽 16km 지역,KMA
2880,2022-01-25 12:29:26,1.8,ML,10.0,36.295,130.331,경북 영덕군 동쪽 87km 해역,KMA
2881,2022-01-26 00:14:41,1.6,ML,9.7,36.422,130.206,경북 영덕군 동쪽 75km 해역,KMA
2882,2022-01-27 13:17:14,2.2,ML,11.6,34.766,127.013,전남 해남군 동북동쪽 43km 지역,KMA
2883,2022-01-31 01:41:38,1.4,ML,14.7,37.059,128.504,충북 충주시 동쪽 52km 지역,KMA
2884,2022-02-01 06:42:24,1.6,ML,4.7,35.256,128.464,경남 창원시 서쪽 20km 지역,KMA
2885,2022-02-02 14:41:13,1.8,ML,0.4,35.512,128.088,경남 합천군 남서쪽 9km 지역,KMA
2886,2022-02-04 00:22:00,1.8,ML,13.9,37.309,127.654,강원 원주시 서쪽 24km 지역,KMA
2887,2022-02-08 09:55:41,2.3,ML,11.6,35.014,128.27,경남 진주시 남동쪽 24km 지역,KMA
2888,2022-02-08 11:24:55,1.8,ML,9.0,35.168,128.991,부산 기장군 서남서쪽 23km 지역,KMA
2889,2022-02-09 11:02:20,2.7,ML,17.8,35.591,129.325,울산 울주군 동북동쪽 8km 지역,KMA
2890,2022-02-09 20:38:49,2.1,ML,5.7,36.171,129.159,경북 포항시 북서쪽 24km 지역,KMA
2891,2022-02-13 07:40:20,2.1,ML,17.5,34.341,128.344,경상남도 거제시 남남서쪽 65km 해역,KMA
2892,2022-02-14 00:27:59,1.5,ML,10.0,35.096,126.87,광주 광산구 남동쪽 9km 지역,KMA
2893,2022-02-14 17:52:30,2.3,ML,10.2,36.483,128.05,경북 상주시 북서쪽 13km 지역,KMA
2894,2022-02-17 06:49:41,2.6,ML,7.0,37.125,127.108,경기 화성시 동남동쪽 26km 지역,KMA
2895,2022-02-17 08:16:02,1.7,ML,15.7,35.638,128.414,대구 달성군 남쪽 15km 지역,KMA
2896,2022-02-18 09:34:17,1.8,ML,9.4,34.715,126.719,전남 해남군 북동쪽 19km 지역,KMA
2897,2022-02-19 01:39:18,1.4,ML,10.0,37.481,130.041,강원 삼척시 동쪽 77km 해역,KMA
2898,2022-02-19 03:20:22,1.4,ML,11.4,34.203,128.222,전남 여수시 남동쪽 80km 해역,KMA
2899,2022-02-19 06:13:44,1.6,ML,10.0,35.773,125.7,전라북도 부안군 서쪽 93km 해역,KMA
2900,2022-02-21 10:56:48,1.7,ML,10.4,37.564,127.971,강원 원주시 북쪽 25km 지역,KMA
2901,2022-02-23 00:48:08,2.0,ML,19.9,36.173,127.971,경북 김천시 서북서쪽 13km 지역,KMA
2902,2022-02-26 12:20:11,2.6,ML,6.5,36.622,124.347,충청남도 태안군 서쪽 174km 해역,KMA
2903,2022-02-27 10:36:16,2.8,ML,10.0,34.614,125.509,전남 목포시 서남서쪽 83km 해역,KMA
2904,2022-02-27 20:45:24,2.2,ML,12.3,35.097,128.405,경남 진주시 동남동쪽 28km 지역,KMA
2905,2022-03-02 03:29:44,1.6,ML,13.1,37.096,124.345,인천 옹진군 서쪽 174km 해역,KMA
2906,2022-03-08 01:06:27,1.7,ML,7.4,35.656,127.009,전북 전주시 남서쪽 22km 지역,KMA
2907,2022-03-08 10:23:38,1.8,ML,8.0,34.805,126.981,광주 광산구 남남동쪽 41km 지역,KMA
2908,2022-03-08 13:56:00,1.5,ML,12.9,35.692,128.536,대구 달성군 남동쪽 13km 지역,KMA
2909,2022-03-08 20:51:24,1.8,ML,18.5,35.694,128.071,경남 합천군 북북서쪽 17km 지역,KMA
2910,2022-03-09 17:20:33,2.0,ML,7.0,36.872,128.044,충북 충주시 남동쪽 17km 지역,KMA
2911,2022-03-10 22:43:00,1.7,ML,12.0,33.47,125.977,제주 제주시 서쪽 51km 해역,KMA
2912,2022-03-12 01:11:46,1.9,ML,20.0,35.994,128.934,경상북도 경주시 서북서쪽 30km 지역,KMA
2913,2022-03-13 01:54:02,1.8,ML,14.4,36.004,129.063,경북 경주시 북서쪽 22km 지역,KMA
2914,2022-03-13 10:50:34,2.2,ML,15.6,33.426,126.573,제주 제주시 남남동쪽 9km 해역,KMA
2915,2022-03-14 17:38:22,2.0,ML,8.4,35.025,128.495,경남 거제시 북서쪽 20km 지역,KMA
2916,2022-03-16 20:01:04,1.8,ML,15.2,35.562,124.325,전남 목포시 서북서쪽 206km 해역,KMA
2917,2022-03-16 21:41:09,2.6,ML,10.4,36.998,130.27,경북 울진군 동쪽 77km 해역,KMA
2918,2022-03-20 03:14:49,2.1,ML,7.4,36.892,129.98,경북 울진군 동남동쪽 53km 해역,KMA
2919,2022-03-21 18:40:03,1.7,ML,26.0,36.545,130.346,경북 영덕군 동쪽 89km 해역,KMA
2920,2022-03-24 03:24:03,2.3,ML,7.0,36.38,128.818,경북 안동시 남남동쪽 22km 지역,KMA
2921,2022-03-27 05:06:24,1.9,ML,10.0,35.134,128.133,경남 진주시 남남동쪽 6km 지역,KMA
2922,2022-03-30 02:39:20,2.0,ML,13.6,36.253,127.005,충남 공주시 남남서쪽 24km 지역,KMA
2923,2022-03-30 04:45:34,1.8,ML,27.3,35.074,124.556,전남 목포시 서쪽 170km 해역,KMA
2924,2022-03-31 17:48:37,1.8,ML,6.9,36.717,129.192,경북 울진군 남남서쪽 36km 지역,KMA
2925,2022-04-01 15:22:59,2.0,ML,7.4,36.179,128.08,경북 김천시 북서쪽 5km 지역,KMA
2926,2022-04-04 18:20:17,1.8,ML,11.1,36.024,125.672,충남 보령시 서남서쪽 91km 해역,KMA
2927,2022-04-06 12:39:57,1.9,ML,11.6,34.925,127.677,전남 여수시 북쪽 18km 지역,KMA
2928,2022-04-11 17:15:42,1.9,ML,0.6,37.355,128.046,강원도 원주시 동쪽 11km 지역,KMA
2929,2022-04-12 09:32:36,2.4,ML,21.9,36.781,128.484,경북 안동시 북서쪽 32km 지역,KMA
2930,2022-04-14 15:19:54,1.5,ML,18.7,36.02,128.214,경북 김천시 남동쪽 16km 지역,KMA
2931,2022-04-15 23:49:21,3.3,ML,4.8,36.66,129.112,경북 영덕군 북서쪽 35km 지역,KMA
2932,2022-04-18 02:42:07,1.6,ML,14.4,35.217,125.237,전라남도 목포시 서북서쪽 114km 해역,KMA
2933,2022-04-20 08:34:54,1.7,ML,12.3,35.228,127.564,경남 진주시 서쪽 50km 지역,KMA
2934,2022-04-20 14:06:22,1.6,ML,14.5,34.77,124.798,전남 목포시 서쪽 145km 해역,KMA
2935,2022-04-22 12:44:05,1.7,ML,15.9,33.757,128.064,전남 여수시 남남동쪽 117km 해역,KMA
2936,2022-05-04 07:53:07,1.4,ML,14.5,35.766,128.935,경북 경주시 서남서쪽 28km 지역,KMA
2937,2022-05-05 09:13:57,2.1,ML,8.2,35.128,128.649,경남 창원시 남남서쪽 11km 지역,KMA
2938,2022-05-05 19:00:27,2.4,ML,12.4,36.62,125.107,충남 태안군 서쪽 107km 해역,KMA
2939,2022-05-05 23:25:17,1.6,ML,11.2,33.594,126.269,제주 제주시 서북서쪽 26km 해역,KMA
2940,2022-05-08 00:03:04,2.4,ML,6.1,36.382,129.214,경북 영덕군 서남서쪽 14km 지역,KMA
2941,2022-05-10 06:40:05,1.8,ML,9.7,37.137,128.598,강원 삼척시 남서쪽 61km 지역,KMA
2942,2022-05-10 08:13:55,2.4,ML,22.0,36.276,128.232,경북 상주시 남남동쪽 16km 지역,KMA
2943,2022-05-17 06:11:24,2.5,ML,14.5,37.518,130.235,경북 울진군 북동쪽 94km 해역,KMA
2944,2022-05-19 08:33:50,1.6,ML,10.2,36.7,128.078,경북 문경시 북서쪽 16km 지역,KMA
2945,2022-05-20 17:24:46,2.4,ML,10.0,34.139,125.924,전남 해남군 남서쪽 78km 해역,KMA
2946,2022-05-21 11:37:47,1.4,ML,8.6,35.684,128.167,경남 합천군 북쪽 13km 지역,KMA
2947,2022-05-22 14:36:42,2.1,ML,12.3,37.718,128.615,강원 강릉시 서쪽 23km 지역,KMA
2948,2022-05-22 20:33:24,2.3,ML,26.8,36.727,128.312,경북 문경시 북동쪽 19km 지역,KMA
2949,2022-05-23 12:59:09,1.9,ML,7.1,36.961,124.989,충남 태안군 서북서쪽 119km 해역,KMA
2950,2022-05-25 01:57:06,2.3,ML,18.0,34.898,127.727,전라남도 여수시 북북동쪽 16km 지역,KMA
2951,2022-05-27 02:57:58,1.5,ML,9.0,35.535,125.362,전남 목포시 북서쪽 123km 해역,KMA
2952,2022-05-29 17:59:57,1.7,ML,12.5,35.879,129.435,경북 포항시 남남동쪽 18km 지역,KMA
2953,2022-05-30 17:04:41,2.6,ML,13.9,35.021,125.457,전라남도 목포시 서북서쪽 88km 해역,KMA
2954,2022-05-31 19:06:24,1.6,ML,14.1,35.674,129.99,울산 울주군 동쪽 69km 해역,KMA
2955,2022-06-04 07:39:38,2.3,ML,10.0,35.82,129.368,경북 경주시 동남동쪽 13km 지역,KMA
2956,2022-06-04 20:37:42,2.0,ML,6.9,35.459,128.126,경남 합천군 남남서쪽 12km 지역,KMA
2957,2022-06-04 20:58:45,2.1,ML,11.9,38.288,130.624,강원 삼척시 북동쪽 159km 해역,KMA
2958,2022-06-06 13:09:41,1.6,ML,17.9,36.904,127.76,충북 충주시 서남서쪽 18km 지역,KMA
2959,2022-06-06 20:40:58,1.8,ML,9.3,37.182,126.998,경기 화성시 동쪽 15km 지역,KMA
2960,2022-06-07 13:34:06,1.8,ML,11.6,36.014,128.898,경북 경주시 서북서쪽 34km 지역,KMA
2961,2022-06-08 23:05:35,1.9,ML,13.7,36.854,128.415,경북 문경시 북동쪽 36km 지역,KMA
2962,2022-06-09 22:37:11,1.8,ML,9.4,37.114,127.4,충북 충주시 서북서쪽 49km 지역,KMA
2963,2022-06-13 13:47:12,2.1,ML,0.1,37.354,128.043,강원 원주시 동쪽 11km 지역,KMA
2964,2022-06-15 17:31:39,2.1,ML,18.6,36.524,130.614,경북 영덕군 동쪽 112km 해역,KMA
2965,2022-06-16 12:14:59,1.8,ML,10.9,35.232,128.257,경남 진주시 동북동쪽 15km 지역,KMA
2966,2022-06-21 03:41:37,1.6,ML,18.7,37.772,127.03,강원 춘천시 서쪽 63km 지역,KMA
2967,2022-06-23 13:44:28,1.5,ML,17.8,36.255,130.548,경북 영덕군 동쪽 107km 해역,KMA
2968,2022-06-24 19:41:33,1.9,ML,13.4,36.188,129.732,경상북도 포항시 동북동쪽 40km 해역,KMA
2969,2022-06-25 20:37:20,1.4,ML,14.5,35.894,129.15,경북 경주시 서북서쪽 8km 지역,KMA
2970,2022-06-26 05:41:49,1.8,ML,18.2,35.227,129.144,부산 기장군 서남서쪽 7km 지역,KMA
2971,2022-06-26 23:28:36,2.5,ML,22.1,37.222,130.579,경북 울진군 동북동쪽 108km 해역,KMA
2972,2022-06-27 07:02:29,1.7,ML,10.6,36.344,128.404,경북 상주시 동남동쪽 23km 지역,KMA
2973,2022-06-28 14:52:46,1.8,ML,10.0,34.803,125.127,전남 목포시 서쪽 115km 해역,KMA
2974,2022-07-08 21:24:30,1.9,ML,21.8,37.662,130.033,강원도 삼척시 동북동쪽 80km 해역,KMA
2975,2022-07-09 10:29:18,2.0,ML,15.1,33.38,128.236,제주 서귀포시 동쪽 156km 해역,KMA
2976,2022-07-11 10:44:11,2.0,ML,8.3,37.316,130.56,경북 울진군 동북동쪽 109km 해역,KMA
2977,2022-07-14 10:26:02,2.3,ML,16.1,36.255,127.741,전북 무주군 북북동쪽 28km 지역,KMA
2978,2022-07-14 19:08:18,2.4,ML,11.3,35.069,128.058,경남 진주시 남남서쪽 13km 지역,KMA
2979,2022-07-15 00:01:44,2.3,ML,10.4,37.88,129.61,강원 삼척시 북동쪽 62km 해역,KMA
2980,2022-07-15 17:32:08,2.4,ML,9.7,36.986,128.018,충북 충주시 동쪽 8km 지역,KMA
2981,2022-07-17 12:04:25,2.0,ML,19.9,37.825,126.9,경기 화성시 북쪽 70km 지역,KMA
2982,2022-07-18 13:07:54,2.1,ML,9.1,35.956,126.633,전북 부안군 북북서쪽 26km 지역,KMA
2983,2022-07-21 12:33:11,3.6,ML,9.0,35.222,129.053,부산 기장군 서쪽 16km 지역,KMA
2984,2022-07-25 08:07:46,2.5,ML,35.2,36.569,125.88,충청남도 태안군 서남서쪽 42km 해역,KMA
2985,2022-07-29 21:09:02,1.6,ML,14.1,33.044,128.334,제주 서귀포시 동쪽 166km 해역,KMA
2986,2022-07-30 13:21:25,2.5,ML,7.9,35.854,128.875,경북 경주시 서쪽 31km 지역,KMA
2987,2022-08-03 05:17:55,2.1,ML,8.8,35.525,130.403,울산 울주군 동쪽 105km 해역,KMA
2988,2022-08-03 08:16:22,1.7,ML,16.3,37.497,127.109,경기 화성시 북동쪽 41km 지역,KMA
2989,2022-08-04 19:34:11,1.6,ML,18.3,35.159,126.668,광주 광산구 서쪽 12km 지역,KMA
2990,2022-08-08 01:21:27,1.8,ML,13.5,35.998,129.294,경북 포항시 서남서쪽 5km 지역,KMA
2991,2022-08-13 12:47:12,2.2,ML,15.1,37.966,129.757,강원 삼척시 북동쪽 77km 해역,KMA
2992,2022-08-15 15:53:19,1.5,ML,12.3,35.933,128.156,경북 김천시 남쪽 23km 지역,KMA
2993,2022-08-17 17:29:47,1.5,ML,14.1,34.748,124.932,전남 목포시 서쪽 133km 해역,KMA
2994,2022-08-21 22:31:06,2.2,ML,6.8,36.466,128.341,경북 상주시 동북동쪽 17km 지역,KMA
2995,2022-08-23 05:41:00,2.1,ML,13.1,36.765,128.83,경북 안동시 북북동쪽 24km 지역,KMA
2996,2022-08-26 13:47:20,2.1,ML,17.5,34.368,127.498,전남 여수시 남남서쪽 46km 해역,KMA
2997,2022-08-31 13:32:15,1.6,ML,8.6,37.224,129.694,경북 울진군 북동쪽 37km 해역,KMA
2998,2022-09-05 12:56:01,2.6,ML,16.7,35.825,128.981,경북 경주시 서쪽 22km 지역,KMA
2999,2022-09-07 18:00:40,1.6,ML,22.2,36.151,128.73,경북 안동시 남쪽 46km 지역,KMA
3000,2022-09-17 04:28:31,2.0,ML,10.7,36.635,128.164,경북 문경시 북북서쪽 6km 지역,KMA
3001,2022-09-22 00:24:56,1.4,ML,11.6,35.05,128.793,경남 창원시 남남동쪽 22km 지역,KMA
3002,2022-09-24 11:54:16,2.7,ML,10.0,36.454,125.535,충남 태안군 서남서쪽 75km 해역,KMA
3003,2022-09-28 05:49:10,2.3,ML,10.0,36.545,129.604,경북 영덕군 북동쪽 26km 해역,KMA
3004,2022-09-28 15:35:06,2.4,ML,10.7,35.852,128.017,경북 김천시 남남서쪽 33km 지역,KMA
3005,2022-09-28 23:47:58,1.6,ML,10.0,33.456,126.418,제주 제주시 서남서쪽 11km 해역,KMA
3006,2022-09-30 11:51:30,1.5,ML,16.0,36.367,128.883,경상북도 안동시 남남동쪽 26km 지역,KMA
3007,2022-10-01 02:04:26,1.5,ML,4.8,36.189,127.111,충남 공주시 남쪽 29km 지역,KMA
3008,2022-10-04 23:17:04,1.8,ML,12.0,36.665,130.409,경북 울진군 동남동쪽 97km 해역,KMA
3009,2022-10-06 07:40:37,2.2,ML,14.4,35.966,128.602,대구 달성군 북동쪽 26km 지역,KMA
3010,2022-10-13 00:37:04,2.9,ML,12.5,37.648,128.763,강원 강릉시 남서쪽 15km 지역,KMA
3011,2022-10-14 04:10:29,1.9,ML,6.6,35.955,127.311,전북 전주시 북동쪽 21km 지역,KMA
3012,2022-10-19 07:01:50,1.6,ML,5.3,35.912,127.026,전북 전주시 북서쪽 15km 지역,KMA
3013,2022-10-20 23:13:08,1.5,ML,16.5,35.613,128.168,경남 합천군 북쪽 5km 지역,KMA
3014,2022-10-26 06:24:59,1.7,ML,10.0,36.819,130.182,경북 울진군 동남동쪽 72km 해역,KMA
3015,2022-10-29 18:48:27,1.7,ML,7.6,35.14,128.731,경상남도 창원시 남남동쪽 11km 지역,KMA
3016,2022-11-02 03:14:40,2.8,ML,8.4,38.261,129.963,강원 강릉시 동북동쪽 111km 해역,KMA
3017,2022-11-03 03:28:34,1.9,ML,11.1,36.406,127.98,경북 상주시 서쪽 16km 지역,KMA
3018,2022-11-03 21:21:14,1.9,ML,14.4,37.874,128.077,강원 춘천시 동쪽 30km 지역,KMA
3019,2022-11-03 22:05:59,1.4,ML,14.3,35.604,129.17,울산 울주군 북서쪽 8km 지역,KMA
3020,2022-11-05 07:24:44,1.7,ML,4.7,35.582,130.685,경북 포항시 동남동쪽 130km 해역,KMA
3021,2022-11-07 07:22:33,2.0,ML,17.3,33.863,126.702,제주 제주시 북북동쪽 43km 해역,KMA
3022,2022-11-07 16:21:24,1.6,ML,7.8,36.463,127.972,경북 상주시 서북서쪽 18km 지역,KMA
3023,2022-11-09 20:35:13,2.1,ML,,36.856,127.521,충북 청주시 북쪽 24km 지역,KMA
3024,2022-11-11 22:19:11,1.7,ML,19.8,34.154,128.212,전남 여수시 남동쪽 84km 해역,KMA
3025,2022-11-12 02:13:28,1.5,ML,11.7,35.309,124.766,전남 목포시 서북서쪽 158km 해역,KMA
3026,2022-11-15 04:07:23,1.9,ML,8.5,36.893,124.621,충남 태안군 서쪽 150km 해역,KMA
3027,2022-11-17 20:18:06,2.8,ML,8.3,34.957,124.421,전남 목포시 서쪽 180km 해역,KMA
3028,2022-11-17 20:47:14,2.6,ML,16.5,34.234,126.891,전남 해남군 남동쪽 46km 해역,KMA
3029,2022-11-19 06:11:19,2.1,ML,26.6,34.933,126.516,전남 목포시 북동쪽 18km 지역,KMA
3030,2022-11-29 01:27:59,1.8,ML,17.3,35.604,130.218,울산 울주군 동쪽 88km 해역,KMA
3031,2022-12-01 15:24:54,1.7,ML,14.5,36.265,124.905,충남 태안군 서남서쪽 135km 해역,KMA
3032,2022-12-01 18:24:48,1.3,ML,8.2,35.662,126.613,전북 부안군 남서쪽 13km 지역,KMA
3033,2022-12-03 00:51:45,1.5,ML,14.7,36.829,130.122,경북 울진군 동남동쪽 67km 해역,KMA
3034,2022-12-08 10:25:42,2.4,ML,10.0,35.643,128.474,대구 달성군 남남동쪽 15km 지역,KMA
3035,2022-12-10 21:30:03,1.9,ML,10.9,35.737,128.32,대구 달성군 서남서쪽 11km 지역,KMA
3036,2022-12-13 10:30:25,1.6,ML,12.5,35.972,129.413,경상북도 포항시 남동쪽 8km 지역,KMA
3037,2022-12-14 01:38:43,1.4,ML,11.2,35.514,129.109,울산 울주군 서남서쪽 13km 지역,KMA
3038,2022-12-17 01:57:24,2.0,ML,16.7,33.078,125.936,제주 서귀포시 서남서쪽 61km 해역,KMA
3039,2022-12-26 18:54:01,1.3,ML,10.0,36.29,130.156,경북 영덕군 동쪽 72km 해역,KMA
3040,2022-12-27 02:55:33,1.4,ML,22.3,33.767,127.859,전남 여수시 남쪽 112km 해역,KMA
3041,2022-12-30 03:17:15,2.3,ML,10.0,33.387,127.493,제주 서귀포시 동쪽 88km 해역,KMA
3042,2023-01-01 23:31:56,1.9,ML,11.4,33.972,126.754,제주 제주시 북북동쪽 56km 해역,KMA
3043,2023-01-06 19:49:11,1.5,ML,12.1,35.621,125.212,전북 부안군 서쪽 138km 해역,KMA
3044,2023-01-11 01:21:56,2.1,ML,11.3,36.364,127.447,충남 공주시 동남동쪽 31km 지역,KMA
3045,2023-01-11 11:15:30,1.9,ML,19.2,36.89,125.842,충남 태안군 서북서쪽 44km 해역,KMA
3046,2023-01-11 20:41:31,1.7,ML,29.0,37.825,128.522,강원 강릉시 서북서쪽 32km 지역,KMA
3047,2023-01-20 15:38:46,1.6,ML,9.4,35.249,128.386,경남 진주시 동북동쪽 26km 지역,KMA
3048,2023-01-22 21:55:34,2.1,ML,9.9,35.541,128.448,경남 합천군 동쪽 26km 지역,KMA
3049,2023-01-23 12:10:33,1.7,ML,10.1,37.027,127.138,경기 화성시 남동쪽 33km 지역,KMA
3050,2023-01-25 09:59:39,2.7,ML,12.4,36.195,127.154,충남 공주시 남쪽 28km 지역,KMA
3051,2023-01-26 16:32:34,1.5,ML,10.0,36.352,129.162,경북 영덕군 서남서쪽 19km 지역,KMA
3052,2023-01-30 18:45:29,1.8,ML,19.7,36.671,128.735,경상북도 안동시 북쪽 11km 지역,KMA
3053,2023-02-04 01:04:21,1.6,ML,23.6,33.426,127.92,제주 서귀포시 동쪽 128km 해역,KMA
3054,2023-02-04 10:51:16,1.9,ML,11.6,36.03,130.555,경북 포항시 동쪽 109km 해역,KMA
3055,2023-02-05 12:37:55,1.5,ML,24.6,36.79,125.879,충남 태안군 서쪽 38km 해역,KMA
3056,2023-02-05 14:32:56,3.0,ML,11.2,36.228,124.656,충남 태안군 서남서쪽 157km 해역,KMA
3057,2023-02-06 15:55:29,2.1,ML,16.0,35.19,128.832,경남 창원시 동남동쪽 14km 지역,KMA
3058,2023-02-07 17:53:59,2.0,ML,15.0,35.019,128.112,경남 진주시 남쪽 18km 지역,KMA
3059,2023-02-11 01:20:00,2.1,ML,16.1,35.029,128.871,경남 창원시 남동쪽 28km 지역,KMA
3060,2023-02-13 00:27:06,1.6,ML,14.2,36.216,124.54,충남 태안군 서남서쪽 167km 해역,KMA
3061,2023-02-14 21:26:07,1.8,ML,8.2,35.939,130.009,경북 포항시 동쪽 60km 해역,KMA
3062,2023-02-19 16:35:35,2.2,ML,18.7,35.352,128.636,경남 창원시 북북서쪽 14km 지역,KMA
3063,2023-02-21 11:43:01,1.7,ML,8.7,36.481,128.69,경북 안동시 남남서쪽 10km 지역,KMA
3064,2023-02-22 18:56:03,2.1,ML,23.8,36.069,128.507,대구 달성군 북북동쪽 33km 지역,KMA
3065,2023-02-23 19:09:12,2.0,ML,3.5,35.092,128.9,경남 창원시 남동쪽 25km 지역,KMA
3066,2023-02-24 05:10:28,1.9,ML,12.0,35.097,124.374,전남 목포시 서쪽 187km 해역,KMA
3067,2023-03-01 06:34:51,1.8,ML,6.8,36.287,127.973,경상북도 김천시 북서쪽 21km 지역,KMA
3068,2023-03-03 11:07:21,1.9,ML,5.9,36.567,128.442,경북 문경시 동쪽 23km 지역,KMA
3069,2023-03-04 17:52:00,2.4,ML,16.3,35.463,125.133,전남 목포시 서북서쪽 136km 해역,KMA
3070,2023-03-06 10:16:37,2.1,ML,10.0,37.38,125.831,인천 옹진군 서북서쪽 42km 해역,KMA
3071,2023-03-09 05:51:28,1.9,ML,13.5,36.438,125.597,충남 태안군 서남서쪽 71km 해역,KMA
3072,2023-03-11 20:23:39,2.1,ML,15.1,33.767,126.445,제주 제주시 북북서쪽 31km 해역,KMA
3073,2023-03-12 09:35:13,2.2,ML,9.3,36.109,129.259,경북 포항시 북서쪽 13km 지역,KMA
3074,2023-03-15 00:07:43,2.1,ML,5.1,34.846,126.927,광주 광산구 남남동쪽 35km 지역,KMA
3075,2023-03-19 15:55:24,1.9,ML,19.9,35.043,124.924,전남 목포시 서쪽 136km 해역,KMA
3076,2023-03-20 07:25:06,1.5,ML,10.6,36.131,128.405,경북 김천시 동쪽 26km 지역,KMA
3077,2023-03-20 16:40:15,1.4,ML,4.8,35.876,128.261,대구 달성군 북서쪽 19km 지역,KMA
3078,2023-03-23 16:21:45,1.9,ML,12.2,36.593,129.23,경북 영덕군 북북서쪽 23km 지역,KMA
3079,2023-03-24 03:32:51,1.4,ML,15.7,34.731,124.652,전남 목포시 서쪽 159km 해역,KMA
3080,2023-03-26 08:07:13,1.9,ML,9.0,35.126,129.28,부산 기장군 남남동쪽 14km 지역,KMA
3081,2023-03-27 11:26:16,1.7,ML,23.7,37.427,129.75,강원도 삼척시 동쪽 52km 해역,KMA
3082,2023-03-28 07:11:42,2.9,ML,6.7,37.727,128.796,강원 강릉시 서남서쪽 8km 지역,KMA
3083,2023-03-28 18:37:50,1.2,ML,10.0,36.367,127.78,경북 상주시 서쪽 34km 지역,KMA
3084,2023-03-30 07:10:57,1.5,ML,6.1,35.507,126.59,전북 부안군 남남서쪽 28km 지역,KMA
3085,2023-03-30 19:56:17,1.5,ML,13.1,36.834,128.049,충북 충주시 남남동쪽 21km 지역,KMA
3086,2023-03-31 02:22:08,1.4,ML,4.9,36.685,129.01,경상북도 안동시 동북동쪽 28km 지역,KMA
3087,2023-04-05 12:45:25,1.5,ML,12.5,37.272,127.578,강원 원주시 서남서쪽 31km 지역,KMA
3088,2023-04-05 13:39:09,2.0,ML,18.4,35.576,126.74,전북 부안군 남쪽 17km 지역,KMA
3089,2023-04-06 02:52:20,1.6,ML,9.5,37.923,130.73,강원 삼척시 동북동쪽 148km 해역,KMA
3090,2023-04-06 11:26:43,1.8,ML,13.0,33.167,127.419,제주 서귀포시 동쪽 80km 해역,KMA
3091,2023-04-09 03:31:53,3.3,ML,7.4,36.697,129.707,경북 울진군 남동쪽 43km 해역,KMA
3092,2023-04-10 09:13:10,1.7,ML,7.2,35.755,128.803,대구 달성군 동쪽 34km 지역,KMA
3093,2023-04-11 17:47:36,1.8,ML,18.5,34.346,128.264,경남 거제시 남남서쪽 68km 해역,KMA
3094,2023-04-11 21:36:44,1.7,ML,8.9,35.981,125.683,충남 보령시 서남서쪽 92km 해역,KMA
3095,2023-04-13 06:42:31,1.7,ML,12.4,36.273,125.749,충남 태안군 남서쪽 72km 해역,KMA
3096,2023-04-15 13:23:04,1.9,ML,17.7,35.027,128.373,경남 거제시 북서쪽 28km 지역,KMA
3097,2023-04-20 05:50:59,1.4,ML,9.6,37.028,129.732,경북 울진군 동쪽 30km 해역,KMA
3098,2023-04-23 19:29:47,1.5,ML,10.0,35.464,130.68,울산 울주군 동쪽 130km 해역,KMA
3099,2023-04-24 10:16:38,1.7,ML,7.0,36.902,125.256,충남 태안군 서쪽 94km 해역,KMA
3100,2023-04-27 19:14:52,3.4,ML,4.1,36.335,129.079,경북 영덕군 서남서쪽 27km 지역,KMA
3101,2023-05-01 06:16:39,1.5,ML,10.5,35.73,129.73,경북 포항시 남동쪽 47km 해역,KMA
3102,2023-05-02 09:00:54,1.5,ML,18.7,33.332,127.913,제주 서귀포시 동쪽 126km 해역,KMA
3103,2023-05-05 11:35:21,1.9,ML,6.2,36.017,128.132,경북 김천시 남쪽 14km 지역,KMA
3104,2023-05-06 22:53:12,1.9,ML,13.4,35.445,129.445,울산 울주군 남동쪽 22km 지역,KMA
3105,2023-05-11 19:02:54,2.5,ML,6.7,36.587,127.369,충북 청주시 서남서쪽 12km 지역,KMA
3106,2023-05-12 01:19:07,1.8,ML,7.3,35.54,128.407,경남 합천군 동쪽 22km 지역,KMA
3107,2023-05-12 16:42:44,2.8,ML,10.0,37.898,130.524,강원 삼척시 동북동쪽 130km 해역,KMA
3108,2023-05-15 21:15:36,2.0,ML,10.0,35.799,130.379,경북 포항시 동남동쪽 96km 해역,KMA
3109,2023-05-16 11:43:26,1.8,ML,5.0,34.652,125.57,전라남도 목포시 서남서쪽 77km 해역,KMA
3110,2023-05-18 01:02:49,2.0,ML,6.7,37.734,128.347,강원 강릉시 서쪽 46km 지역,KMA
3111,2023-05-20 20:39:01,3.0,ML,31.0,37.685,127.383,강원 춘천시 남서쪽 37km 지역,KMA
3112,2023-05-23 13:27:13,1.7,ML,0.6,35.529,128.093,경남 합천군 서남서쪽 8km 지역,KMA
3113,2023-05-28 00:38:31,2.3,ML,14.4,33.671,126.672,제주 제주시 북동쪽 23km 해역,KMA
3114,2023-05-29 21:37:25,1.4,ML,14.7,33.018,126.251,제주 서귀포시 남서쪽 39km 해역,KMA
3115,2023-05-29 23:06:00,1.8,ML,8.7,37.818,127.092,강원도 춘천시 서쪽 56km 지역,KMA
3116,2023-06-03 08:01:18,1.9,ML,10.0,36.673,128.752,경북 안동시 북쪽 12km 지역,KMA
3117,2023-06-08 04:38:55,1.8,ML,6.5,36.608,128.892,경북 안동시 동북동쪽 15km 지역,KMA
3118,2023-06-09 19:43:02,2.3,ML,13.7,35.593,130.062,울산 울주군 동쪽 74km 해역,KMA
3119,2023-06-10 18:31:40,1.6,ML,10.8,35.778,128.612,대구 달성군 동쪽 16km 지역,KMA
3120,2023-06-11 02:29:22,2.0,ML,10.0,35.023,124.97,전남 목포시 서쪽 132km 해역,KMA
3121,2023-06-17 21:27:17,1.6,ML,6.7,35.183,128.206,경남 진주시 동쪽 9km 지역,KMA
3122,2023-06-24 08:41:24,2.1,ML,9.4,35.794,126.693,전라북도 부안군 북북서쪽 8km 지역,KMA
3123,2023-06-25 21:16:50,2.3,ML,10.0,35.104,124.329,전남 목포시 서쪽 191km 해역,KMA
3124,2023-06-28 02:30:00,1.3,ML,19.7,34.354,126.515,전남 해남군 남남서쪽 25km 해역,KMA
3125,2023-06-28 05:05:55,1.8,ML,8.2,36.011,127.657,전북 무주군 지역,KMA
3126,2023-07-01 10:07:55,2.1,ML,10.0,35.152,125.267,전남 목포시 서북서쪽 109km 해역,KMA
3127,2023-07-01 23:30:56,1.8,ML,10.9,33.172,127.838,제주 서귀포시 동쪽 119km 해역,KMA
3128,2023-07-03 01:29:27,2.2,ML,17.3,36.573,129.358,경북 영덕군 북쪽 18km 지역,KMA
3129,2023-07-03 19:55:34,1.6,ML,8.3,37.104,130.133,경북 울진군 동쪽 66km 해역,KMA
3130,2023-07-06 13:04:10,1.5,ML,9.3,36.399,128.813,경북 안동시 남남동쪽 20km 지역,KMA
3131,2023-07-07 13:56:03,2.3,ML,0.2,35.514,128.093,경남 합천군 남서쪽 9km 지역,KMA
3132,2023-07-10 06:30:58,2.0,ML,10.0,36.305,129.201,경북 영덕군 남서쪽 19km 지역,KMA
3133,2023-07-13 21:46:12,2.4,ML,12.7,35.155,129.238,부산 기장군 남쪽 10km 지역,KMA
3134,2023-07-14 13:05:36,2.8,ML,7.5,36.384,127.995,경북 상주시 서남서쪽 15km 지역,KMA
3135,2023-07-15 00:21:44,1.7,ML,11.9,36.744,127.229,충북 청주시 서북서쪽 26km 지역,KMA
3136,2023-07-15 21:43:17,1.7,ML,10.0,35.887,125.8,전북 부안군 서북서쪽 86km 해역,KMA
3137,2023-07-15 22:39:59,1.7,ML,10.8,38.065,129.779,강원특별자치도 강릉시 동북동쪽 87km 해역,KMA
3138,2023-07-17 11:02:50,1.8,ML,18.7,34.327,127.3,전라남도 여수시 남서쪽 58km 해역,KMA
3139,2023-07-20 04:08:15,1.7,ML,7.3,36.334,127.4,충남 공주시 동남동쪽 28km 지역,KMA
3140,2023-07-24 04:28:58,1.9,ML,10.4,33.603,125.734,제주 제주시 서쪽 75km 해역,KMA
3141,2023-07-27 22:11:15,1.9,ML,11.1,36.728,128.077,경북 문경시 북북서쪽 19km 지역,KMA
3142,2023-07-29 22:32:17,1.4,ML,16.0,33.919,127.096,제주 제주시 북동쪽 70km 해역,KMA
3143,2023-08-01 04:55:13,1.9,ML,13.2,33.113,125.827,제주 서귀포시 서남서쪽 70km 해역,KMA
3144,2023-08-02 22:24:56,1.5,ML,5.4,36.493,128.132,경북 상주시 북북서쪽 9km 지역,KMA
3145,2023-08-05 15:04:17,1.6,ML,18.0,36.242,128.124,경북 김천시 북쪽 11km 지역,KMA
3146,2023-08-06 13:15:03,2.0,ML,11.9,36.805,128.467,경북 문경시 북동쪽 35km 지역,KMA
3147,2023-08-09 16:49:33,1.3,ML,7.4,35.009,128.547,경남 거제시 북북서쪽 16km 지역,KMA
3148,2023-08-16 10:49:24,1.7,ML,17.7,36.521,128.533,경북 안동시 서남서쪽 18km 지역,KMA
3149,2023-08-18 12:30:06,1.6,ML,0.6,35.517,128.105,경남 합천군 남서쪽 8km 지역,KMA
3150,2023-08-19 08:44:26,1.8,ML,12.8,36.51,128.135,경북 문경시 남남서쪽 10km 지역,KMA
3151,2023-08-19 09:35:07,2.9,ML,15.1,38.246,130.337,강원 삼척시 북동쪽 136km 해역,KMA
3152,2023-08-19 18:26:37,2.0,ML,20.6,36.503,127.402,충북 청주시 남남서쪽 17km 지역,KMA
3153,2023-08-21 22:10:56,1.7,ML,7.0,36.987,127.253,충청북도 청주시 북북서쪽 44km 지역,KMA
3154,2023-08-22 03:43:19,1.6,ML,12.8,37.974,130.707,강원 삼척시 동북동쪽 148km 해역,KMA
3155,2023-08-23 13:21:19,2.2,ML,10.0,37.297,130.272,경북 울진군 동북동쪽 84km 해역,KMA
3156,2023-08-27 17:45:06,1.8,ML,10.0,33.921,125.957,제주 제주시 북서쪽 71km 해역,KMA
3157,2023-08-28 03:26:44,1.6,ML,29.8,34.822,127.497,전남 여수시 서북서쪽 17km 지역,KMA
3158,2023-08-28 03:48:38,1.8,ML,19.9,35.788,128.74,대구 달성군 동쪽 28km 지역,KMA
3159,2023-08-29 15:34:46,2.1,ML,11.2,33.985,127.975,전라남도 여수시 남남동쪽 91km 해역,KMA
3160,2023-08-30 21:11:14,3.3,ML,10.1,36.658,127.398,충북 청주시 서북서쪽 8km 지역,KMA
3161,2023-09-03 03:54:15,2.8,ML,9.2,38.124,130.274,강원 삼척시 북동쪽 123km 해역,KMA
3162,2023-09-03 16:56:20,2.0,ML,19.5,37.91,130.613,강원 삼척시 동북동쪽 137km 해역,KMA
3163,2023-09-07 17:11:49,1.7,ML,10.3,36.796,129.29,경북 울진군 남남서쪽 24km 지역,KMA
3164,2023-09-11 15:03:50,2.1,ML,6.4,35.254,129.154,부산 기장군 서쪽 6km 지역,KMA
3165,2023-09-11 23:07:32,2.0,ML,10.0,35.906,128.108,경북 김천시 남쪽 26km 지역,KMA
3166,2023-09-15 14:21:11,2.0,ML,,37.619,130.455,강원특별자치도 삼척시 동쪽 115km 해역,KMA
3167,2023-09-16 09:03:27,1.9,ML,12.5,36.928,127.245,충북 청주시 북서쪽 38km 지역,KMA
3168,2023-09-18 11:57:49,2.1,ML,20.4,35.428,126.409,전북 부안군 남서쪽 45km 지역,KMA
3169,2023-09-22 01:00:43,1.9,ML,3.9,36.368,128.795,경북 안동시 남남동쪽 23km 지역,KMA
3170,2023-09-22 07:58:26,1.8,ML,10.5,35.482,128.421,경남 합천군 동남동쪽 25km 지역,KMA
3171,2023-09-24 22:54:24,1.7,ML,16.1,33.652,125.758,제주 제주시 서북서쪽 74km 해역,KMA
3172,2023-09-26 06:39:07,1.9,ML,7.7,35.998,128.375,대구 달성군 북북서쪽 25km 지역,KMA
3173,2023-09-30 03:11:33,1.5,ML,16.8,36.469,128.884,경북 안동시 남동쪽 18km 지역,KMA
3174,2023-09-30 03:39:49,1.5,ML,10.0,37.4,124.934,인천 옹진군 서쪽 121km 해역,KMA
3175,2023-09-30 06:25:33,1.6,ML,9.9,35.641,128.308,경남 합천군 동북동쪽 15km 지역,KMA
3176,2023-10-02 05:08:47,1.6,ML,26.5,37.668,128.085,강원 원주시 북북동쪽 39km 지역,KMA
3177,2023-10-03 04:03:34,1.9,ML,23.5,36.286,129.152,경상북도 영덕군 남서쪽 24km 지역,KMA
3178,2023-10-07 15:51:16,2.0,ML,10.7,37.854,127.81,강원 춘천시 동남동쪽 8km 지역,KMA
3179,2023-10-08 07:52:41,1.9,ML,,35.759,128.791,대구 달성군 동쪽 32km 지역,KMA
3180,2023-10-13 01:21:24,2.0,ML,18.3,37.574,128.794,강원 강릉시 남남서쪽 21km 지역,KMA
3181,2023-10-14 11:28:27,2.2,ML,17.2,36.091,128.118,경북 김천시 남쪽 5km 지역,KMA
3182,2023-10-18 20:04:41,2.4,ML,17.1,34.606,125.04,전라남도 목포시 서쪽 125km 해역,KMA
3183,2023-10-21 16:06:23,1.8,ML,9.7,36.538,128.776,경북 안동시 남동쪽 5km 지역,KMA
3184,2023-10-23 01:14:19,1.6,ML,6.8,36.089,130.504,경북 포항시 동쪽 105km 해역,KMA
3185,2023-10-25 04:27:08,2.1,ML,15.2,34.952,125.781,전남 목포시 서북서쪽 58km 해역,KMA
3186,2023-10-26 08:19:47,1.5,ML,17.5,35.49,129.943,울산 울주군 동쪽 64km 해역,KMA
3187,2023-10-29 05:45:06,2.0,ML,10.0,34.879,125.726,전남 목포시 서쪽 61km 해역,KMA
3188,2023-11-04 01:40:09,1.9,ML,11.9,35.357,126.813,광주 광산구 북쪽 24km 지역,KMA
3189,2023-11-05 06:15:05,1.5,ML,6.6,36.892,125.646,충남 태안군 서북서쪽 60km 해역,KMA
3190,2023-11-07 07:08:14,1.7,ML,6.2,36.568,128.136,경북 문경시 서남서쪽 5km 지역,KMA
3191,2023-11-08 00:36:24,2.0,ML,8.8,34.719,126.624,전라남도 해남군 북쪽 16km 지역,KMA
3192,2023-11-09 12:47:16,2.2,ML,13.4,33.019,125.884,제주 서귀포시 서남서쪽 68km 해역,KMA
3193,2023-11-10 06:45:09,1.5,ML,12.8,35.648,126.672,전북 부안군 남남서쪽 11km 지역,KMA
3194,2023-11-10 14:40:41,2.0,ML,25.6,36.185,125.507,충남 태안군 남서쪽 94km 해역,KMA
3195,2023-11-11 16:44:53,1.8,ML,,37.323,127.983,강원 원주시 동남동쪽 6km 지역,KMA
3196,2023-11-12 19:21:17,2.2,ML,16.0,36.387,129.104,경북 영덕군 서쪽 24km 지역,KMA
3197,2023-11-20 14:39:16,1.3,ML,10.2,36.894,130.791,경북 울진군 동쪽 124km 해역,KMA
3198,2023-11-20 18:02:12,2.2,ML,7.1,35.527,128.351,경남 합천군 동남동쪽 17km 지역,KMA
3199,2023-11-25 00:27:19,1.9,ML,8.8,33.744,127.386,제주 제주시 동북동쪽 84km 해역,KMA
3200,2023-11-30 02:44:02,2.0,ML,10.0,36.416,130.358,경북 영덕군 동쪽 89km 해역,KMA
3201,2023-12-07 08:20:57,1.4,ML,11.3,33.105,127.868,제주 서귀포시 동쪽 123km 해역,KMA
3202,2023-12-09 06:32:48,2.5,ML,14.1,34.248,127.518,전남 여수시 남남서쪽 58km 해역,KMA
3203,2023-12-13 10:51:28,2.3,ML,6.1,36.291,128.1,경상북도 상주시 남남서쪽 14km 지역,KMA
3204,2023-12-15 05:48:26,1.4,ML,15.9,35.007,128.84,경남 거제시 북동쪽 24km 지역,KMA
3205,2023-12-18 00:15:11,3.4,ML,25.3,33.176,126.479,제주 서귀포시 남서쪽 11km 해역,KMA
3206,2023-12-25 08:15:04,1.8,ML,10.0,34.358,128.296,경남 거제시 남남서쪽 65km 해역,KMA
3207,2023-12-27 00:37:19,1.7,ML,9.6,35.938,126.417,전북 부안군 북서쪽 37km 지역,KMA
3208,2023-12-28 04:42:53,1.9,ML,8.0,35.561,127.987,경남 합천군 서쪽 16km 지역,KMA
3209,2023-12-28 09:48:09,1.5,ML,10.0,37.725,127.583,강원 춘천시 남서쪽 22km 지역,KMA
3210,2023-12-29 00:15:19,1.5,ML,10.0,38.016,129.635,강원 강릉시 동북동쪽 73km 해역,KMA
3211,2023-12-30 20:54:56,2.0,ML,5.4,35.649,129.251,울산 울주군 북쪽 10km 지역,KMA
3212,2024-01-02 13:10:26,2.0,ML,16.5,35.166,128.929,경남 창원시 동남동쪽 24km 지역,KMA
3213,2024-01-03 04:06:17,2.0,ML,11.9,36.436,130.59,경북 영덕군 동쪽 109km 해역,KMA
3214,2024-01-07 19:27:10,1.5,ML,7.4,36.316,128.76,경북 안동시 남쪽 28km 지역,KMA
3215,2024-01-12 05:46:37,2.8,ML,9.1,35.906,128.268,대구 달성군 북서쪽 21km 지역,KMA
3216,2024-01-12 18:09:28,1.7,ML,15.4,37.618,126.952,경기 화성시 북북동쪽 48km 지역,KMA
3217,2024-01-14 17:32:47,2.3,ML,10.0,36.749,130.515,경북 울진군 동남동쪽 102km 해역,KMA
3218,2024-01-17 20:15:55,1.9,ML,10.0,36.307,127.632,전북 무주군 북쪽 33km 지역,KMA
3219,2024-01-19 23:31:03,1.8,ML,16.0,36.33,127.263,충남 공주시 남동쪽 18km 지역,KMA
3220,2024-01-27 00:09:29,1.6,ML,8.0,35.71,129.33,울산 울주군 북북동쪽 18km 지역,KMA
3221,2024-02-04 21:15:30,2.1,ML,9.4,35.249,129.127,부산 기장군 서쪽 9km 지역,KMA
3222,2024-02-05 00:52:19,1.7,ML,8.2,33.341,128.019,제주 서귀포시 동쪽 136km 해역,KMA
3223,2024-02-06 07:48:05,1.4,ML,9.6,37.722,130.312,강원 삼척시 동북동쪽 105km 해역,KMA
3224,2024-02-06 11:34:05,1.3,ML,16.6,35.561,129.394,울산 울주군 동쪽 14km 지역,KMA
3225,2024-02-08 01:24:51,1.9,ML,25.5,33.893,127.624,전남 여수시 남쪽 96km 해역,KMA
3226,2024-02-08 06:14:42,1.7,ML,8.8,36.24,128.369,경상북도 김천시 동북동쪽 25km 지역,KMA
3227,2024-02-14 14:55:00,1.7,ML,14.0,36.352,128.007,경북 상주시 서남서쪽 15km 지역,KMA
3228,2024-02-15 01:04:09,1.6,ML,20.2,36.783,128.344,경북 문경시 북북동쪽 26km 지역,KMA
3229,2024-02-15 04:45:20,1.8,ML,20.9,35.716,125.771,전북 부안군 서쪽 87km 해역,KMA
3230,2024-02-18 21:52:52,2.4,ML,8.4,36.537,129.196,경북 영덕군 북서쪽 20km 지역,KMA
3231,2024-02-19 12:45:13,1.8,ML,4.5,35.984,128.07,경북 김천시 남남서쪽 18km 지역,KMA
3232,2024-02-19 12:54:22,1.5,ML,9.4,37.283,126.855,경기 화성시 북북동쪽 9km 지역,KMA
3233,2024-02-19 23:46:40,2.0,ML,5.5,35.719,126.566,전북 부안군 서쪽 15km 지역,KMA
3234,2024-02-21 04:38:17,2.2,ML,7.5,35.35,128.266,경남 진주시 북동쪽 24km 지역,KMA
3235,2024-02-21 21:37:54,2.0,ML,16.6,35.577,129.315,울산 울주군 동북동쪽 7km 지역,KMA
3236,2024-02-25 21:16:13,2.3,ML,10.0,36.61,124.83,충남 태안군 서쪽 131km 해역,KMA
3237,2024-02-26 08:23:17,1.8,ML,15.0,36.495,127.998,경북 상주시 서북서쪽 17km 지역,KMA
3238,2024-02-26 18:14:11,1.9,ML,11.5,33.099,127.879,제주 서귀포시 동쪽 124km 해역,KMA
3239,2024-02-28 05:36:57,1.8,ML,16.8,36.046,129.058,경북 포항시 서쪽 26km 지역,KMA
3240,2024-02-29 13:50:23,2.0,ML,8.3,35.714,128.438,대구 달성군 남쪽 7km 지역,KMA
3241,2024-03-13 21:03:55,1.9,ML,8.3,35.228,128.152,경남 진주시 북동쪽 7km 지역,KMA
3242,2024-03-18 17:40:31,1.5,ML,13.2,32.991,126.167,제주 서귀포시 남서쪽 47km 해역,KMA
3243,2024-03-19 18:58:09,1.3,ML,11.3,36.12,129.325,경북 포항시 북쪽 11km 지역,KMA
3244,2024-03-20 20:14:39,1.7,ML,9.7,36.421,128.631,경북 안동시 남남서쪽 19km 지역,KMA
3245,2024-03-21 13:24:47,1.6,ML,13.2,35.573,128.209,경상남도 합천군 동북동쪽 4km 지역,KMA
3246,2024-03-22 10:11:28,1.4,ML,12.3,36.478,128.226,경북 상주시 북동쪽 10km 지역,KMA
3247,2024-03-23 06:12:23,2.0,ML,10.6,37.18,128.251,강원 원주시 동남동쪽 34km 지역,KMA
3248,2024-03-25 05:56:46,3.4,ML,19.3,37.664,127.321,강원 춘천시 남서쪽 43km 지역,KMA
3249,2024-03-25 20:56:56,1.9,ML,24.5,36.027,130.509,경북 포항시 동쪽 105km 해역,KMA
3250,2024-03-28 11:53:29,2.1,ML,11.7,35.93,129.398,경북 포항시 남남동쪽 11km 지역,KMA
3251,2024-03-29 11:28:17,1.7,ML,0.2,35.531,128.093,경남 합천군 서남서쪽 8km 지역,KMA
3252,2024-03-30 20:05:25,1.6,ML,11.3,36.422,129.43,경북 영덕군 동쪽 6km 지역,KMA
3253,2024-04-04 10:19:47,2.4,ML,9.8,37.559,128.846,강원 강릉시 남쪽 22km 지역,KMA
3254,2024-04-04 11:58:23,2.2,ML,10.0,38.005,129.903,강원 삼척시 북동쪽 90km 해역,KMA
3255,2024-04-04 19:29:21,1.8,ML,13.3,38.28,129.978,강원 강릉시 동북동쪽 113km 해역,KMA
3256,2024-04-05 00:21:34,1.8,ML,12.9,36.882,128.629,경북 안동시 북북서쪽 36km 지역,KMA
3257,2024-04-13 07:41:28,1.9,ML,13.0,33.913,126.834,제주 제주시 북북동쪽 54km 해역,KMA
3258,2024-04-13 13:52:41,1.9,ML,8.4,36.179,128.184,경북 김천시 북동쪽 8km 지역,KMA
3259,2024-04-13 22:58:19,1.8,ML,6.4,35.32,129.422,부산 기장군 동북동쪽 20km 지역,KMA
3260,2024-04-16 19:22:21,1.8,ML,11.0,35.6,129.607,울산 울주군 동쪽 33km 해역,KMA
3261,2024-04-21 06:32:58,2.8,ML,2.6,35.854,129.165,경북 경주시 서쪽 5km 지역,KMA
3262,2024-04-23 00:15:18,3.0,ML,7.3,36.633,124.615,충남 태안군 서쪽 150km 해역,KMA
3263,2024-04-24 21:21:29,2.0,ML,6.3,36.304,129.603,경북 영덕군 동남동쪽 25km 해역,KMA
3264,2024-04-25 12:58:14,1.7,ML,10.4,35.684,125.073,전북 부안군 서쪽 150km 해역,KMA
3265,2024-04-28 07:15:19,1.4,ML,12.1,36.396,128.256,경북 상주시 동쪽 9km 지역,KMA
3266,2024-04-30 09:46:48,2.6,ML,16.7,36.179,129.125,경북 포항시 북서쪽 26km 지역,KMA
3267,2024-05-01 23:03:40,2.9,ML,11.2,35.256,128.044,경남 진주시 북서쪽 10km 지역,KMA
3268,2024-05-06 05:35:39,1.7,ML,10.0,37.262,124.398,인천 옹진군 서쪽 168km 해역,KMA
3269,2024-05-11 06:35:07,1.7,ML,10.0,35.698,126.989,전북 전주시 남서쪽 20km 지역,KMA
3270,2024-05-16 00:35:49,1.9,ML,10.0,36.689,130.396,경북 울진군 동남동쪽 95km 해역,KMA
3271,2024-05-16 04:50:18,1.5,ML,14.4,35.799,129.365,경북 경주시 동남동쪽 14km 지역,KMA
3272,2024-05-20 03:27:24,1.5,ML,8.2,36.178,128.378,경북 김천시 동쪽 24km 지역,KMA
3273,2024-05-22 19:04:00,1.6,ML,10.0,36.949,124.443,충남 태안군 서쪽 167km 해역,KMA
3274,2024-05-22 19:58:16,1.3,ML,10.0,37.675,128.661,강원 강릉시 서남서쪽 21km 지역,KMA
3275,2024-05-23 06:54:16,2.2,ML,7.3,36.006,128.926,경북 경주시 서북서쪽 32km 지역,KMA
3276,2024-05-24 20:10:22,1.2,ML,18.5,36.881,127.136,충북 청주시 북서쪽 41km 지역,KMA
3277,2024-05-29 09:59:21,2.9,ML,10.0,35.375,124.943,전남 목포시 서북서쪽 146km 해역,KMA
3278,2024-06-02 12:49:08,2.3,ML,5.0,35.296,128.471,경남 창원시 서북서쪽 20km 지역,KMA
3279,2024-06-05 16:53:36,2.0,ML,12.2,34.701,125.107,전남 목포시 서쪽 118km 해역,KMA
3280,2024-06-07 02:25:30,1.8,ML,10.1,33.164,127.936,제주 서귀포시 동쪽 128km 해역,KMA
3281,2024-06-08 02:07:11,1.5,ML,10.0,35.003,125.838,전라남도 목포시 서북서쪽 55km 해역,KMA
3282,2024-06-09 06:30:36,3.7,ML,10.0,36.784,129.939,경북 울진군 동남동쪽 53km 해역,KMA
3283,2024-06-10 11:22:46,1.3,ML,17.4,35.694,130.379,경북 포항시 동남동쪽 100km 해역,KMA
3284,2024-06-10 12:22:09,1.5,ML,10.0,33.392,126.719,제주 제주시 남동쪽 21km 해역,KMA
3285,2024-06-10 14:38:12,1.9,ML,0.3,37.36,128.051,강원 원주시 동쪽 12km 지역,KMA
3286,2024-06-12 08:26:49,4.8,ML,8.0,35.7,126.72,전북특별자치도 부안군 남남서쪽 4km 지역,KMA
3287,2024-06-13 09:28:04,1.8,ML,20.6,35.005,124.654,전남 목포시 서쪽 160km 해역,KMA
3288,2024-06-14 02:18:20,1.8,ML,11.6,35.263,128.301,경남 진주시 동북동쪽 20km 지역,KMA
3289,2024-06-16 13:26:27,1.8,ML,18.6,35.146,128.437,경남 창원시 서남서쪽 24km 지역,KMA
3290,2024-06-16 14:01:26,1.8,ML,10.0,34.071,127.735,전남 여수시 남쪽 77km 해역,KMA
3291,2024-06-18 06:05:31,2.1,ML,5.8,37.71,127.44,강원 춘천시 남서쪽 32km 지역,KMA
3292,2024-06-18 16:27:54,1.5,ML,14.8,35.4,127.161,광주 광산구 북동쪽 44km 지역,KMA
3293,2024-06-19 02:04:30,1.7,ML,12.1,35.751,128.813,대구 달성군 동쪽 35km 지역,KMA
3294,2024-06-20 10:08:02,2.5,ML,29.5,36.594,129.968,경북 영덕군 동북동쪽 57km 해역,KMA
3295,2024-06-22 04:17:47,1.9,ML,16.7,35.907,129.2,경상북도 경주시 북북서쪽 6km 지역,KMA
3296,2024-06-22 06:20:11,1.3,ML,12.8,35.865,128.416,대구 달성군 북쪽 10km 지역,KMA
3297,2024-06-22 20:50:55,1.6,ML,18.8,34.676,124.708,전남 목포시 서쪽 154km 해역,KMA
3298,2024-06-23 21:19:53,1.6,ML,12.2,35.317,129.275,부산 기장군 북북동쪽 9km 지역,KMA
3299,2024-06-26 12:01:07,2.3,ML,18.5,34.754,127.54,전남 여수시 서쪽 11km 지역,KMA
3300,2024-06-26 20:13:26,1.5,ML,18.4,33.632,128.284,전남 여수시 남남동쪽 137km 해역,KMA
3301,2024-06-27 03:08:47,2.1,ML,17.7,35.645,129.004,울산 울주군 서북서쪽 23km 지역,KMA
3302,2024-06-27 06:38:26,1.8,ML,13.7,36.344,129.848,경북 영덕군 동쪽 44km 해역,KMA
3303,2024-06-27 16:41:33,2.1,ML,25.1,34.342,128.149,전남 여수시 남동쪽 64km 해역,KMA
3304,2024-06-29 01:20:36,1.8,ML,21.2,35.152,128.178,경남 진주시 동남동쪽 7km 지역,KMA
3305,2024-06-30 04:46:27,1.6,ML,15.3,33.557,128.386,경남 거제시 남쪽 148km 해역,KMA
3306,2024-07-01 13:53:14,1.9,ML,13.3,34.026,127.59,전남 여수시 남쪽 82km 해역,KMA
3307,2024-07-03 02:39:33,2.3,ML,7.7,34.727,124.419,전남 목포시 서쪽 180km 해역,KMA
3308,2024-07-03 17:38:32,1.6,ML,10.0,34.635,124.412,전남 목포시 서쪽 182km 해역,KMA
3309,2024-07-03 20:36:03,1.7,ML,25.8,35.366,129.372,부산 기장군 북동쪽 19km 지역,KMA
3310,2024-07-03 23:44:42,2.4,ML,17.7,33.818,127.641,전남 여수시 남쪽 105km 해역,KMA
3311,2024-07-04 18:05:06,2.2,ML,19.1,36.143,130.049,경북 포항시 동북동쪽 65km 해역,KMA
3312,2024-07-04 23:41:39,1.7,ML,16.9,33.159,127.622,제주 서귀포시 동쪽 99km 해역,KMA
3313,2024-07-05 07:04:05,1.6,ML,17.5,34.833,125.724,전남 목포시 서쪽 61km 해역,KMA
3314,2024-07-05 08:17:58,1.6,ML,13.2,36.393,128.45,경북 상주시 동쪽 26km 지역,KMA
3315,2024-07-08 11:49:01,1.5,ML,10.0,34.244,127.792,전남 여수시 남남동쪽 58km 해역,KMA
3316,2024-07-10 10:02:20,1.7,ML,30.4,35.935,125.005,충남 태안군 남서쪽 146km 해역,KMA
3317,2024-07-11 21:01:23,1.9,ML,12.2,35.868,130.754,경북 포항시 동쪽 128km 해역,KMA
3318,2024-07-12 00:31:07,2.6,ML,10.6,35.777,126.493,전북 부안군 서북서쪽 22km 지역,KMA
3319,2024-07-12 10:31:31,2.0,ML,5.6,36.572,130.087,경북 영덕군 동북동쪽 67km 해역,KMA
3320,2024-07-12 21:00:33,1.5,ML,23.1,37.023,127.073,경기 화성시 남동쪽 29km 지역,KMA
3321,2024-07-14 05:05:58,2.1,ML,10.0,36.287,128.574,경북 안동시 남남서쪽 34km 지역,KMA
3322,2024-07-14 16:27:11,1.7,ML,7.5,36.345,129.199,경상북도 영덕군 서남서쪽 17km 지역,KMA
3323,2024-07-14 22:33:01,1.5,ML,9.5,33.072,126.128,제주 서귀포시 서남서쪽 45km 해역,KMA
3324,2024-07-23 05:49:55,3.3,ML,6.1,35.999,128.729,대구 달성군 북동쪽 37km 지역,KMA
3325,2024-07-24 01:47:56,2.0,ML,17.5,34.76,125.604,전남 목포시 서쪽 72km 해역,KMA
3326,2024-07-24 13:28:51,1.8,ML,6.2,36.409,128.693,경북 안동시 남쪽 18km 지역,KMA
3327,2024-07-26 06:50:16,1.6,ML,15.4,36.963,124.817,충청남도 태안군 서쪽 134km 해역,KMA
3328,2024-07-29 13:32:08,1.9,ML,7.7,35.873,128.163,대구 달성군 서북서쪽 26km 지역,KMA
3329,2024-07-31 19:36:55,1.5,ML,10.0,37.495,125.057,인천 옹진군 서쪽 112km 해역,KMA
3330,2024-08-01 07:38:00,1.9,ML,7.7,36.329,128.716,경북 안동시 남쪽 27km 지역,KMA
3331,2024-08-02 15:46:58,3.2,ML,8.9,35.726,127.968,경상남도 합천군 북서쪽 25km 지역,KMA
3332,2024-08-02 16:50:06,1.7,ML,11.2,34.751,125.199,전남 목포시 서쪽 109km 해역,KMA
3333,2024-08-11 04:39:24,2.9,ML,8.4,36.249,127.537,전북 무주군 북북서쪽 29km 지역,KMA
3334,2024-08-18 12:09:52,1.7,ML,10.6,36.762,124.361,충남 태안군 서쪽 172km 해역,KMA
3335,2024-08-18 23:08:10,2.6,ML,10.0,35.772,128.881,경북 경주시 서남서쪽 32km 지역,KMA
3336,2024-08-19 01:26:41,1.7,ML,14.5,37.47,125.019,인천 옹진군 서쪽 115km 해역,KMA
3337,2024-08-20 04:15:59,2.3,ML,7.6,35.776,127.301,전북 전주시 동남동쪽 15km 지역,KMA
3338,2024-08-21 06:14:33,1.7,ML,3.2,36.119,129.138,경북 포항시 서북서쪽 21km 지역,KMA
3339,2024-08-25 20:57:49,2.0,ML,6.2,36.38,128.087,경북 상주시 서남서쪽 7km 지역,KMA
3340,2024-09-01 09:45:31,1.4,ML,14.5,36.713,130.416,경북 울진군 동남동쪽 95km 해역,KMA
3341,2024-09-03 19:27:23,1.9,ML,8.4,34.339,126.887,전남 해남군 남동쪽 37km 해역,KMA
3342,2024-09-03 21:36:43,1.8,ML,10.0,36.498,127.644,충북 청주시 남동쪽 21km 지역,KMA
3343,2024-09-04 16:09:35,2.0,ML,17.8,36.612,130.326,경북 영덕군 동북동쪽 89km 해역,KMA
3344,2024-09-04 21:27:24,2.0,ML,8.8,38.253,129.638,강원 강릉시 북동쪽 87km 해역,KMA
3345,2024-09-05 10:40:44,2.0,ML,20.9,35.439,130.671,울산 울주군 동쪽 130km 해역,KMA
3346,2024-09-07 05:13:52,1.7,ML,19.2,36.064,128.171,경상북도 김천시 남남동쪽 10km 지역,KMA
3347,2024-09-07 06:41:04,1.6,ML,13.5,35.904,129.059,경북 경주시 서북서쪽 16km 지역,KMA
3348,2024-09-09 18:01:00,2.1,ML,18.0,38.01,129.705,강원 강릉시 동북동쪽 78km 해역,KMA
3349,2024-09-11 21:37:13,1.7,ML,18.0,36.365,128.348,경북 상주시 동남동쪽 18km 지역,KMA
3350,2024-09-17 02:01:58,2.0,ML,8.1,35.8,128.662,대구 달성군 동쪽 21km 지역,KMA
3351,2024-09-17 06:01:45,1.8,ML,20.6,37.305,128.846,강원 삼척시 서남서쪽 32km 지역,KMA
3352,2024-09-17 15:56:48,1.8,ML,17.3,35.351,129.42,부산 기장군 동북동쪽 21km 지역,KMA
3353,2024-09-18 18:06:43,4.3,ML,7.1,36.734,129.251,경북 울진군 남남서쪽 32km 지역,KMA
3354,2024-09-18 23:03:07,1.9,ML,6.5,35.823,128.51,대구 달성군 북동쪽 9km 지역,KMA
3355,2024-09-20 07:30:29,1.5,ML,9.0,35.976,126.937,전북 전주시 북서쪽 25km 지역,KMA
3356,2024-09-22 12:29:16,2.2,ML,11.3,35.324,126.773,광주 광산구 북쪽 21km 지역,KMA
3357,2024-09-28 05:34:23,2.3,ML,11.5,35.482,128.165,경남 합천군 남쪽 9km 지역,KMA
3358,2024-09-28 08:21:55,2.5,ML,10.0,37.716,130.726,강원 삼척시 동북동쪽 141km 해역,KMA
3359,2024-09-30 07:09:17,1.5,ML,13.0,35.915,127.982,경북 김천시 남남서쪽 28km 지역,KMA
3360,2024-10-03 20:22:20,1.8,ML,8.1,35.444,129.176,울산 울주군 남남서쪽 14km 지역,KMA
3361,2024-10-08 18:43:35,3.5,ML,6.1,35.921,129.206,경북 경주시 북북서쪽 7km 지역,KMA
3362,2024-10-11 17:34:22,1.8,ML,35.3,35.472,128.622,경남 창원시 북쪽 28km 지역,KMA
3363,2024-10-11 18:35:02,2.0,ML,8.3,36.822,127.797,충북 충주시 남남서쪽 22km 지역,KMA
3364,2024-10-12 20:44:53,3.2,ML,11.9,36.507,129.044,경북 안동시 동남동쪽 29km 지역,KMA
3365,2024-10-16 22:44:50,1.7,ML,8.0,36.174,129.294,경북 포항시 북북서쪽 18km 지역,KMA
3366,2024-10-18 19:06:24,1.6,ML,10.2,36.161,127.78,전북 무주군 북북동쪽 20km 지역,KMA
3367,2024-10-21 08:58:07,2.2,ML,11.5,37.564,127.235,경기 화성시 북동쪽 54km 지역,KMA
3368,2024-10-22 15:24:33,2.2,ML,8.5,33.359,126.773,제주 서귀포시 동북동쪽 23km 해역,KMA
3369,2024-10-22 18:01:23,1.7,ML,10.2,37.209,128.889,강원특별자치도 삼척시 남서쪽 36km 지역,KMA
3370,2024-10-26 17:16:24,1.7,ML,5.7,35.069,128.466,경남 거제시 북서쪽 25km 지역,KMA
3371,2024-10-26 23:41:10,2.0,ML,7.8,35.788,127.353,전북 전주시 동남동쪽 19km 지역,KMA
3372,2024-10-29 14:43:26,1.5,ML,8.1,36.028,128.25,경북 김천시 남동쪽 17km 지역,KMA
3373,2024-10-30 10:21:16,2.5,ML,11.0,35.875,128.861,경북 경주시 서쪽 33km 지역,KMA
3374,2024-10-30 10:55:40,1.9,ML,12.0,35.816,128.969,경북 경주시 서쪽 23km 지역,KMA
3375,2024-10-30 13:34:43,1.7,ML,0.3,35.512,128.101,경남 합천군 남서쪽 8km 지역,KMA
3376,2024-11-03 08:51:21,1.9,ML,8.5,35.457,129.093,울산 울주군 남서쪽 18km 지역,KMA
3377,2024-11-03 08:51:21,1.9,ML,8.5,35.457,129.093,울산 울주군 남서쪽 18km 지역,KMA
3378,2024-11-04 12:58:50,1.7,ML,13.3,35.514,128.018,경남 합천군 서남서쪽 15km 지역,KMA
3379,2024-11-07 04:34:24,1.7,ML,12.2,36.694,125.105,충남 태안군 서쪽 106km 해역,KMA
3380,2024-11-09 03:50:36,1.7,ML,10.9,36.389,128.675,경상북도 안동시 남남서쪽 20km 지역,KMA
3381,2024-11-10 23:20:58,2.4,ML,8.0,35.727,128.735,대구 달성군 동쪽 28km 지역,KMA
3382,2024-11-10 23:32:46,1.7,ML,10.2,34.871,127.751,전남 여수시 북북동쪽 15km 지역,KMA
3383,2024-11-11 17:19:16,1.5,ML,15.5,35.58,124.412,전라남도 목포시 서북서쪽 200km 해역,KMA
3384,2024-11-17 21:57:25,1.9,ML,10.0,35.72,128.507,대구 달성군 남동쪽 9km 지역,KMA
3385,2024-11-18 02:44:51,2.4,ML,21.9,33.461,126.193,제주 제주시 서쪽 32km 해역,KMA
3386,2024-11-18 02:44:51,2.4,ML,21.9,33.461,126.193,제주 제주시 서쪽 32km 해역,KMA
3387,2024-11-22 07:00:20,2.5,ML,5.9,35.247,128.417,경남 창원시 서쪽 24km 지역,KMA
3388,2024-11-22 16:55:48,1.5,ML,18.7,34.886,125.23,전남 목포시 서쪽 106km 해역,KMA
3389,2024-11-25 23:52:40,3.4,ML,10.0,34.842,125.69,전남 목포시 서쪽 64km 해역,KMA
3390,2024-11-26 09:15:55,1.9,ML,14.8,35.737,126.696,전북 부안군 서쪽 3km 지역,KMA
3391,2024-11-27 05:41:48,1.5,ML,12.0,35.497,128.074,경남 합천군 남서쪽 11km 지역,KMA
3392,2024-12-06 20:52:35,1.8,ML,14.0,35.93,125.134,충남 태안군 남서쪽 137km 해역,KMA
3393,2024-12-07 03:36:03,1.7,ML,25.1,37.58,127.801,강원 원주시 북북서쪽 28km 지역,KMA
3394,2024-12-10 04:40:32,1.6,ML,14.5,36.598,128.516,경북 안동시 서쪽 19km 지역,KMA
3395,2024-12-13 15:41:38,2.8,ML,6.0,36.512,128.492,경북 안동시 서남서쪽 22km 지역,KMA
3396,2024-12-16 08:34:58,2.0,ML,10.0,36.319,129.961,경북 영덕군 동남동쪽 54km 해역,KMA
3397,2024-12-17 01:37:09,2.3,ML,10.0,37.222,130.516,경북 울진군 동북동쪽 102km 해역,KMA
3398,2024-12-17 01:41:25,1.8,ML,16.1,35.739,130.245,경북 포항시 동남동쪽 87km 해역,KMA
3399,2024-12-19 11:02:45,2.5,ML,20.3,38.088,130.563,강원 삼척시 동북동쪽 142km 해역,KMA
3400,2024-12-22 09:24:22,1.7,ML,21.2,36.444,128.241,경북 상주시 동북동쪽 8km 지역,KMA
3401,2024-12-22 12:21:02,1.9,ML,12.8,36.064,128.549,대구 달성군 북북동쪽 34km 지역,KMA
3402,2024-12-25 00:16:45,2.1,ML,11.4,35.915,129.013,경북 경주시 서북서쪽 20km 지역,KMA
3403,2024-12-26 09:11:44,1.9,ML,21.3,37.889,128.087,강원 춘천시 동쪽 31km 지역,KMA
3404,2024-12-27 07:13:22,2.1,ML,16.0,37.166,130.654,경북 울진군 동쪽 113km 해역,KMA
3405,2024-12-28 00:15:15,2.1,ML,12.0,36.019,128.92,경북 경주시 서북서쪽 33km 지역,KMA
3406,2024-12-28 17:06:58,2.1,ML,23.2,36.113,127.488,전북 무주군 북서쪽 19km 지역,KMA
3407,2024-12-28 17:54:11,1.3,ML,10.7,37.487,129.99,강원 삼척시 동쪽 73km 해역,KMA
3408,2024-12-29 05:40:29,2.1,ML,7.5,36.195,129.194,경북 포항시 북서쪽 24km 지역,KMA
3409,2024-12-31 10:01:01,3.4,ML,5.3,35.343,129.131,부산 기장군 북서쪽 14km 지역,KMA
3410,2024-12-31 11:17:36,1.8,ML,12.8,36.265,127.28,충남 공주시 남동쪽 25km 지역,KMA
3411,2025-01-01 18:09:25,2.5,ML,6.5,36.334,129.345,경북 영덕군 남쪽 9km 지역,KMA
3412,2025-01-08 17:20:43,2.4,ML,0.2,35.522,128.101,경남 합천군 남서쪽 8km 지역,KMA
3413,2025-01-14 01:36:52,2.0,ML,19.5,36.649,127.607,충북 청주시 동쪽 11km 지역,KMA
3414,2025-01-15 15:49:53,2.5,ML,9.5,35.362,128.48,경남 창원시 북서쪽 24km 지역,KMA
3415,2025-01-17 10:04:07,1.7,ML,28.8,36.521,129.389,경북 영덕군 북쪽 12km 지역,KMA
3416,2025-01-24 23:31:12,2.5,ML,14.8,36.726,127.768,충북 청주시 동북동쪽 27km 지역,KMA
3417,2025-01-30 07:27:08,1.8,ML,21.9,36.34,126.873,충남 보령시 동쪽 23km 지역,KMA
3418,2025-01-30 14:14:05,1.8,ML,10.0,35.738,130.713,경상북도 포항시 동남동쪽 127km 해역,KMA
3419,2025-01-30 14:14:05,1.8,ML,10.0,35.738,130.713,경상북도 포항시 동남동쪽 127km 해역,KMA
3420,2025-01-31 16:14:53,1.1,ML,13.0,35.593,130.052,울산 울주군 동쪽 73km 해역,KMA
3421,2025-02-02 09:05:28,1.7,ML,10.3,35.663,128.29,경남 합천군 북동쪽 16km 지역,KMA
3422,2025-02-09 21:57:35,2.1,ML,14.0,35.202,124.636,전남 목포시 서북서쪽 166km 해역,KMA
3423,2025-02-12 12:35:56,1.6,ML,21.2,35.348,125.516,전남 목포시 북서쪽 100km 해역,KMA
3424,2025-02-13 14:46:36,2.0,ML,13.9,36.643,128.273,경북 문경시 북동쪽 10km 지역,KMA
3425,2025-02-13 16:34:35,1.7,ML,16.2,36.418,128.383,경북 상주시 동쪽 20km 지역,KMA
3426,2025-02-14 08:06:59,1.7,ML,10.1,35.116,129.316,부산 기장군 남남동쪽 17km 지역,KMA
3427,2025-02-19 20:23:59,1.5,ML,4.5,36.072,128.446,경북 김천시 동남동쪽 31km 지역,KMA
3428,2025-02-20 12:29:54,1.9,ML,14.3,38.012,129.945,강원 삼척시 북동쪽 93km 해역,KMA
3429,2025-02-23 03:51:37,3.0,ML,17.5,36.116,128.16,경북 김천시 동남동쪽 5km 지역,KMA
3430,2025-02-26 20:36:26,3.5,ML,15.5,36.649,128.702,경북 안동시 북북서쪽 9km 지역,KMA
3431,2025-02-27 11:49:24,1.7,ML,15.0,36.996,124.868,충남 태안군 서북서쪽 130km 해역,KMA
3432,2025-02-27 17:30:11,1.3,ML,10.1,35.689,125.359,전북 부안군 서쪽 124km 해역,KMA
3433,2025-02-28 14:12:07,2.2,ML,9.8,35.292,125.553,전남 목포시 북서쪽 93km 해역,KMA
3434,2025-02-28 18:09:46,1.8,ML,8.7,36.713,128.238,경북 문경시 북북동쪽 15km 지역,KMA
3435,2025-03-02 12:55:34,1.6,ML,20.7,35.451,128.17,경남 합천군 남쪽 13km 지역,KMA
3436,2025-03-03 06:41:17,2.3,ML,5.3,35.495,128.111,경남 합천군 남남서쪽 9km 지역,KMA
3437,2025-03-05 17:06:09,2.4,ML,19.3,35.118,128.21,경남 진주시 남동쪽 12km 지역,KMA
3438,2025-03-08 01:32:33,2.1,ML,10.0,36.26,130.265,경북 영덕군 동남동쪽 82km 해역,KMA
3439,2025-03-12 14:00:25,2.4,ML,10.0,34.776,125.471,전남 목포시 서쪽 84km 해역,KMA
3440,2025-03-14 10:19:47,2.0,ML,11.2,37.385,125.862,인천 옹진군 서북서쪽 40km 해역,KMA
3441,2025-03-15 13:49:14,2.0,ML,12.8,35.02,129.19,부산 기장군 남쪽 25km 지역,KMA
3442,2025-03-18 20:35:00,2.0,ML,10.8,36.646,129.012,경북 안동시 동북동쪽 27km 지역,KMA
3443,2025-03-20 12:54:11,2.2,ML,0.5,37.365,128.049,강원 원주시 동북동쪽 12km 지역,KMA
3444,2025-03-21 04:58:01,1.6,ML,9.8,37.533,124.36,인천 옹진군 서쪽 173km 해역,KMA
3445,2025-03-21 22:04:05,2.0,ML,8.1,36.837,129.754,경북 울진군 동남동쪽 36km 해역,KMA
3446,2025-03-26 07:44:58,2.1,ML,8.2,36.374,129.075,경북 영덕군 서쪽 26km 지역,KMA
3447,2025-03-26 17:12:36,2.9,ML,10.0,37.239,125.182,인천 옹진군 서쪽 99km 해역,KMA
3448,2025-03-27 13:35:31,1.6,ML,21.4,35.773,127.22,전북 전주시 남동쪽 9km 지역,KMA
3449,2025-03-28 20:58:36,2.5,ML,6.6,36.417,128.008,경북 상주시 서쪽 14km 지역,KMA
3450,2025-03-31 12:57:13,1.6,ML,16.6,33.428,127.107,제주 제주시 동쪽 54km 해역,KMA
3451,2025-04-05 06:48:19,3.6,ML,16.6,34.745,125.718,전남 목포시 서쪽 62km 해역,KMA
3452,2025-04-09 16:56:12,3.0,ML,9.5,37.64,129.966,강원 삼척시 동북동쪽 74km 해역,KMA
3453,2025-04-11 15:05:15,2.4,ML,10.0,35.315,128.648,경남 창원시 북북서쪽 10km 지역,KMA
3454,2025-04-13 01:46:09,1.8,ML,27.0,37.192,130.447,경북 울진군 동북동쪽 95km 해역,KMA
3455,2025-04-15 14:12:41,1.7,ML,0.4,37.361,128.054,강원 원주시 동쪽 12km 지역,KMA
3456,2025-04-21 02:03:55,2.0,ML,7.1,36.55,128.223,경북 문경시 남동쪽 5km 지역,KMA
3457,2025-04-22 20:32:23,1.6,ML,14.0,37.556,129.965,강원 삼척시 동쪽 71km 해역,KMA
3458,2025-04-25 12:01:32,2.3,ML,8.3,34.875,126.594,전남 목포시 동북동쪽 20km 지역,KMA
3459,2025-04-26 18:48:17,1.8,ML,8.0,35.62,129.213,울산 울주군 북북서쪽 7km 지역,KMA
3460,2025-05-01 10:13:20,1.8,ML,11.0,34.615,124.543,전남 목포시 서쪽 170km 해역,KMA
3461,2025-05-04 20:19:20,2.4,ML,8.6,35.198,128.212,경남 진주시 동북동쪽 10km 지역,KMA
3462,2025-05-06 00:33:16,1.9,ML,6.0,35.764,128.316,대구 달성군 서쪽 10km 지역,KMA
3463,2025-05-07 18:02:14,1.5,ML,10.3,36.771,130.768,경북 울진군 동남동쪽 124km 해역,KMA
3464,2025-05-08 00:24:04,2.8,ML,11.3,33.003,128.15,제주 서귀포시 동쪽 150km 해역,KMA
3465,2025-05-08 16:30:41,1.9,ML,14.8,36.668,129.365,경북 영덕군 북쪽 28km 지역,KMA
3466,2025-05-09 08:33:21,1.7,ML,21.6,34.074,127.232,전남 해남군 남동쪽 80km 해역,KMA
3467,2025-05-13 23:04:06,1.7,ML,11.8,36.271,124.86,충남 태안군 서남서쪽 138km 해역,KMA
3468,2025-05-15 17:04:17,1.8,ML,9.4,36.76,129.421,경북 울진군 남쪽 26km 지역,KMA
3469,2025-05-17 13:57:29,1.6,ML,10.0,36.13,128.416,경북 김천시 동쪽 27km 지역,KMA
3470,2025-05-20 16:35:24,3.0,ML,12.4,35.942,125.051,충남 태안군 남서쪽 142km 해역,KMA
3471,2025-05-21 09:15:13,2.3,ML,24.6,35.179,129.129,부산 기장군 남서쪽 11km 지역,KMA
3472,2025-05-28 04:53:59,2.0,ML,11.3,35.875,128.731,대구 달성군 동북동쪽 29km 지역,KMA
3473,2025-05-29 13:28:22,1.7,ML,11.8,36.72,128.22,경북 문경시 북쪽 15km 지역,KMA
3474,2025-05-29 19:16:32,1.5,ML,14.9,35.99,126.861,전북 부안군 북북동쪽 31km 지역,KMA
3475,2025-05-30 15:33:22,1.4,ML,19.7,34.083,127.898,전남 여수시 남남동쪽 78km 해역,KMA
3476,2025-05-31 14:41:49,2.4,ML,16.9,33.708,126.693,제주 제주시 북북동쪽 28km 해역,KMA
3477,2025-06-02 15:34:10,1.4,ML,16.3,38.183,130.138,강원 삼척시 북동쪽 118km 해역,KMA
3478,2025-06-03 21:42:38,1.5,ML,31.9,36.975,124.384,충청남도 태안군 서쪽 172km 해역,KMA
3479,2025-06-04 02:01:46,1.7,ML,23.1,36.702,128.42,경북 문경시 동북동쪽 24km 지역,KMA
3480,2025-06-07 17:51:58,1.5,ML,17.0,36.952,125.669,충남 태안군 서북서쪽 60km 해역,KMA
3481,2025-06-08 17:30:52,2.1,ML,9.4,37.354,130.795,경북 울진군 동북동쪽 130km 해역,KMA
3482,2025-06-09 10:55:22,1.9,ML,11.4,35.016,126.592,광주 광산구 남서쪽 23km 지역,KMA
3483,2025-06-11 11:13:39,1.7,ML,23.1,37.262,125.163,인천 옹진군 서쪽 100km 해역,KMA
3484,2025-06-12 06:52:32,2.0,ML,18.0,37.081,130.234,경북 울진군 동쪽 75km 해역,KMA
3485,2025-06-14 07:35:27,1.8,ML,10.0,33.199,126.442,제주 서귀포시 서남서쪽 13km 해역,KMA
3486,2025-06-14 14:30:52,2.6,ML,19.5,36.378,129.048,경북 영덕군 서쪽 29km 지역,KMA
3487,2025-06-15 07:24:43,2.3,ML,19.5,37.609,130.459,강원 삼척시 동쪽 115km 해역,KMA
3488,2025-06-15 23:36:25,1.8,ML,11.3,35.039,129.066,부산 기장군 남남서쪽 27km 지역,KMA
3489,2025-06-17 01:45:33,1.7,ML,11.7,36.943,125.624,충남 태안군 서북서쪽 64km 해역,KMA
3490,2025-06-17 03:23:12,1.5,ML,19.0,35.952,124.973,충남 태안군 남서쪽 147km 해역,KMA
3491,2025-06-20 00:50:11,2.3,ML,6.2,35.377,126.772,광주 광산구 북쪽 26km 지역,KMA
3492,2025-06-21 02:40:54,3.0,ML,28.8,37.138,128.813,강원특별자치도 삼척시 남서쪽 46km 지역,KMA
3493,2025-06-25 21:16:36,2.0,ML,4.0,36.44,128.195,경북 상주시 북동쪽 5km 지역,KMA
3494,2025-06-26 08:34:34,1.6,ML,18.8,36.085,125.278,충청남도 태안군 남서쪽 117km 해역,KMA
3495,2025-06-28 10:32:23,2.2,ML,10.0,35.708,124.597,충남 태안군 남서쪽 190km 해역,KMA
3496,2025-06-29 15:46:06,1.8,ML,34.0,36.395,128.294,경북 상주시 동쪽 12km 지역,KMA
3497,2025-07-03 02:42:42,2.3,ML,14.1,37.509,128.17,강원특별자치도 원주시 북동쪽 29km 지역,KMA
3498,2025-07-03 03:12:34,2.0,ML,10.0,36.424,125.288,충남 태안군 서남서쪽 97km 해역,KMA
3499,2025-07-04 12:58:40,1.6,ML,10.0,35.814,126.495,전북 부안군 서북서쪽 23km 지역,KMA
3500,2025-07-04 17:26:34,2.0,ML,31.9,33.022,127.525,제주 서귀포시 동남동쪽 93km 해역,KMA
3501,2025-07-06 06:06:38,2.5,ML,13.1,36.07,127.494,전북 무주군 서북서쪽 17km 지역,KMA
3502,2025-07-08 01:22:50,1.7,ML,9.6,36.0,126.646,전북 부안군 북북서쪽 31km 지역,KMA
3503,2025-07-09 03:01:52,2.5,ML,12.4,36.566,130.11,경북 영덕군 동북동쪽 69km 해역,KMA
3504,2025-07-14 04:53:19,2.7,ML,21.9,35.365,125.257,전남 목포시 서북서쪽 120km 해역,KMA
3505,2025-07-15 20:39:35,1.9,ML,4.8,37.57,127.655,강원 원주시 북서쪽 34km 지역,KMA
3506,2025-07-16 06:49:15,1.8,ML,8.1,35.207,126.471,광주 광산구 서북서쪽 30km 지역,KMA
3507,2025-07-16 07:31:02,1.5,ML,11.6,35.786,127.286,전북특별자치도 전주시 동남동쪽 13km 지역,KMA
3508,2025-07-18 02:41:39,1.6,ML,12.1,33.769,127.112,제주 제주시 동북동쪽 62km 해역,KMA
3509,2025-07-19 20:57:11,1.3,ML,16.4,37.761,128.058,강원 춘천시 동남동쪽 32km 지역,KMA
3510,2025-07-20 00:14:46,2.0,ML,13.0,37.174,129.78,경북 울진군 동북동쪽 39km 해역,KMA
3511,2025-07-29 12:54:24,1.8,ML,26.3,37.683,127.453,강원 춘천시 남서쪽 33km 지역,KMA
3512,2025-08-01 12:48:24,2.1,ML,16.4,34.109,127.765,전남 여수시 남쪽 73km 해역,KMA
3513,2025-08-01 15:10:17,1.6,ML,11.0,37.262,125.394,인천 옹진군 서쪽 80km 해역,KMA
3514,2025-08-03 02:31:25,2.5,ML,29.6,37.173,124.688,인천 옹진군 서쪽 143km 해역,KMA
3515,2025-08-03 05:07:50,1.7,ML,10.9,35.283,129.331,부산 기장군 동북동쪽 11km 지역,KMA
3516,2025-08-03 15:26:02,2.9,ML,10.0,35.385,124.491,전남 목포시 서북서쪽 185km 해역,KMA
3517,2025-08-03 21:27:46,1.7,ML,17.2,35.544,129.165,울산 울주군 서남서쪽 7km 지역,KMA
3518,2025-08-04 01:22:24,1.7,ML,13.8,36.204,129.093,경상북도 포항시 북서쪽 30km 지역,KMA
3519,2025-08-04 22:03:57,1.6,ML,4.4,37.069,130.444,경북 울진군 동쪽 93km 해역,KMA
3520,2025-08-06 22:20:45,1.6,ML,12.2,36.764,127.903,충북 충주시 남쪽 25km 지역,KMA
3521,2025-08-11 19:59:57,2.2,ML,13.5,36.847,124.778,충남 태안군 서쪽 136km 해역,KMA
3522,2025-08-13 13:56:05,2.3,ML,12.8,37.082,126.861,경기 화성시 남남동쪽 13km 지역,KMA
3523,2025-08-19 00:44:58,1.8,ML,15.9,38.125,130.504,강원 삼척시 동북동쪽 140km 해역,KMA
3524,2025-08-27 01:03:16,2.0,ML,7.6,37.29,127.503,강원 원주시 서쪽 37km 지역,KMA
3525,2025-08-29 12:33:22,1.4,ML,14.3,35.772,127.952,경남 합천군 북서쪽 30km 지역,KMA
3526,2025-09-02 10:09:05,2.1,ML,15.7,34.816,125.135,전남 목포시 서쪽 115km 해역,KMA
3527,2025-09-03 07:58:18,1.9,ML,19.8,35.438,124.485,전라남도 목포시 서북서쪽 187km 해역,KMA
3528,2025-09-16 01:37:52,2.0,ML,10.0,36.28,130.711,경북 영덕군 동쪽 121km 해역,KMA
3529,2025-09-16 14:42:36,1.5,ML,13.3,36.594,128.357,경북 문경시 동쪽 15km 지역,KMA
3530,2025-09-16 18:54:58,1.6,ML,14.8,36.929,129.785,경북 울진군 동남동쪽 35km 해역,KMA
3531,2025-09-16 22:55:06,1.7,ML,12.7,35.103,124.409,전남 목포시 서쪽 184km 해역,KMA
3532,2025-09-17 07:35:00,2.2,ML,15.2,36.467,130.466,경북 영덕군 동쪽 99km 해역,KMA
3533,2025-09-19 17:11:26,2.7,ML,8.3,36.767,128.989,경북 안동시 북동쪽 32km 지역,KMA
3534,2025-09-21 10:31:50,2.3,ML,21.7,37.199,130.586,경상북도 울진군 동북동쪽 108km 해역,KMA
3535,2025-09-23 09:18:27,1.6,ML,16.4,36.609,127.177,충남 공주시 북북동쪽 19km 지역,KMA
3536,2025-09-23 13:44:32,2.7,ML,8.5,37.76,130.453,강원 삼척시 동북동쪽 119km 해역,KMA
3537,2025-09-24 01:18:01,2.5,ML,9.5,36.657,128.005,경북 문경시 서북서쪽 18km 지역,KMA
3538,2025-09-24 09:26:50,1.3,ML,17.0,35.211,128.472,경남 창원시 서쪽 19km 지역,KMA
3539,2025-09-24 20:59:49,2.1,ML,16.4,37.287,125.651,인천 옹진군 서쪽 57km 해역,KMA
3540,2025-09-28 02:26:43,1.7,ML,11.9,35.048,128.679,경남 거제시 북북동쪽 19km 지역,KMA
3541,2025-09-28 07:23:54,1.9,ML,8.0,35.895,128.315,대구 달성군 북서쪽 17km 지역,KMA
3542,2025-09-28 08:01:05,2.0,ML,10.0,36.416,127.174,충남 공주시 남동쪽 6km 지역,KMA
3543,2025-09-29 00:12:18,1.5,ML,12.5,36.618,130.038,경북 영덕군 동북동쪽 64km 해역,KMA
3544,2025-10-04 01:29:29,2.2,ML,8.4,37.135,127.167,경기 화성시 동남동쪽 31km 지역,KMA
3545,2025-10-04 12:54:27,2.4,ML,26.0,36.992,125.548,충남 태안군 서북서쪽 72km 해역,KMA
3546,2025-10-05 04:51:45,1.5,ML,12.3,36.754,129.26,경북 울진군 남남서쪽 29km 지역,KMA
3547,2025-10-05 11:00:02,2.5,ML,10.5,33.046,127.461,제주 서귀포시 동남동쪽 87km 해역,KMA
3548,2025-10-07 12:06:47,1.7,ML,10.0,34.351,126.412,전남 해남군 남서쪽 30km 해역,KMA
3549,2025-10-07 17:28:01,1.7,ML,10.9,35.012,128.979,부산 기장군 남서쪽 34km 지역,KMA
3550,2025-10-07 19:15:19,1.6,ML,19.8,36.081,130.403,경북 포항시 동쪽 95km 해역,KMA
3551,2025-10-08 16:07:08,2.2,ML,6.8,36.024,128.617,대구 달성군 북북동쪽 32km 지역,KMA
3552,2025-10-10 05:26:32,2.1,ML,19.9,35.871,125.485,충남 보령시 서남서쪽 113km 해역,KMA
3553,2025-10-11 18:00:20,2.0,ML,9.5,37.261,125.703,인천 옹진군 서쪽 53km 해역,KMA
3554,2025-10-12 05:32:25,1.6,ML,8.8,37.685,128.334,강원 강릉시 서쪽 48km 지역,KMA
3555,2025-10-20 14:28:29,1.6,ML,12.2,35.975,128.112,경북 김천시 남쪽 18km 지역,KMA
3556,2025-10-22 05:03:58,2.0,ML,12.0,37.372,127.128,경기 화성시 북동쪽 32km 지역,KMA
3557,2025-10-23 00:42:33,1.9,ML,10.0,35.286,128.195,경남 진주시 북동쪽 14km 지역,KMA
3558,2025-10-24 17:36:26,3.0,ML,11.2,34.951,125.799,전남 목포시 서북서쪽 56km 해역,KMA
3559,2025-10-30 14:03:43,2.0,ML,10.0,34.214,128.162,전남 여수시 남동쪽 76km 해역,KMA
3560,2025-10-31 10:06:47,2.4,ML,8.1,35.385,128.789,경남 창원시 북북동쪽 20km 지역,KMA
3561,2025-10-31 10:22:45,2.6,ML,11.7,32.929,126.345,제주 서귀포시 남남서쪽 41km 해역,KMA
3562,2025-11-02 08:19:51,2.0,ML,11.9,34.28,126.238,전남 해남군 남서쪽 46km 해역,KMA
3563,2025-11-05 03:29:25,2.0,ML,9.3,36.304,128.944,경북 안동시 남남동쪽 35km 지역,KMA
3564,2025-11-09 15:53:37,1.6,ML,13.7,36.717,128.125,경북 문경시 북북서쪽 16km 지역,KMA
3565,2025-11-11 22:41:16,1.8,ML,17.6,36.791,130.127,경북 울진군 동남동쪽 68km 해역,KMA
3566,2025-11-12 09:31:09,2.0,ML,11.8,35.725,125.779,전북특별자치도 부안군 서쪽 86km 해역,KMA
3567,2025-11-14 08:03:15,2.1,ML,8.1,35.462,125.495,전남 목포시 북서쪽 109km 해역,KMA
3568,2025-11-17 02:14:38,1.8,ML,7.3,36.075,127.997,경북 김천시 남서쪽 13km 지역,KMA
3569,2025-11-18 17:25:48,1.6,ML,22.0,36.517,124.309,충남 태안군 서쪽 179km 해역,KMA
3570,2025-11-19 13:37:21,1.9,ML,7.9,36.766,128.157,경북 문경시 북쪽 20km 지역,KMA
3571,2025-11-25 08:02:20,3.1,ML,19.7,36.662,128.64,경북 안동시 북서쪽 13km 지역,KMA
3572,2025-11-26 05:22:10,3.0,ML,12.9,35.128,128.227,경남 진주시 동남동쪽 12km 지역,KMA
3573,2025-11-28 14:50:59,2.8,ML,6.0,35.595,128.918,울산 울주군 서쪽 30km 지역,KMA
3574,2025-12-02 08:39:30,2.1,ML,10.3,35.354,125.549,전남 목포시 북서쪽 98km 해역,KMA
3575,2025-12-03 09:59:07,1.7,ML,11.6,36.556,128.173,경북 문경시 남남서쪽 4km 지역,KMA
3576,2025-12-04 01:27:20,2.2,ML,26.3,38.244,130.461,강원 삼척시 북동쪽 144km 해역,KMA
3577,2025-12-06 03:10:35,1.6,ML,9.1,35.03,128.856,경상남도 창원시 남동쪽 27km 지역,KMA
3578,2025-12-11 00:36:16,1.9,ML,8.6,36.647,130.749,경북 울진군 동남동쪽 126km 해역,KMA
3579,2025-12-17 00:57:54,2.3,ML,13.3,35.526,128.665,경남 창원시 북쪽 33km 지역,KMA
3580,2025-12-19 00:03:09,1.6,ML,5.8,35.897,128.099,경북 김천시 남쪽 27km 지역,KMA
3581,2025-12-22 07:11:35,2.5,ML,11.6,36.232,128.092,경북 김천시 북쪽 10km 지역,KMA
3582,2025-12-23 10:50:03,2.4,ML,9.5,36.057,127.302,전북 전주시 북북동쪽 29km 지역,KMA
3583,2025-12-23 18:05:15,2.1,ML,10.0,36.609,127.151,충남 공주시 북쪽 18km 지역,KMA
3584,2025-12-29 13:33:51,2.4,ML,11.0,35.858,129.209,경북 경주시 지역,KMA
3585,2025-12-29 18:21:11,1.8,ML,6.6,36.164,128.521,경북 김천시 동쪽 37km 지역,KMA
3586,2025-12-30 12:12:49,1.7,ML,10.8,36.245,128.572,경북 안동시 남남서쪽 38km 지역,KMA
3587,2025-12-31 12:36:39,1.5,ML,17.8,36.39,128.541,경북 안동시 남서쪽 26km 지역,KMA
3588,2006-05-02T21:06:43.949Z,3.6,mb,10.0,35.613,128.658,"27 km SE of Daegu, South Korea",USGS
3589,2006-08-12T17:48:01.682Z,3.2,mb,10.0,36.466,128.305,"14 km ENE of Sangju, South Korea",USGS
3590,2006-12-01T21:31:37.455Z,2.9,mb,18.3,33.652,125.969,"55 km WNW of Jeju City, South Korea",USGS
3591,2007-04-17T12:21:30.823Z,3.2,mb,16.6,35.98,128.773,"38 km NE of Daegu, South Korea",USGS
3592,2008-08-20T23:22:20.429Z,3.7,mb,10.0,35.415,127.558,"56 km WNW of Jinju, South Korea",USGS
3593,2009-04-18T05:11:56.032Z,3.0,mb,12.7,35.838,128.374,"9 km NW of Daegu, South Korea",USGS
3594,2010-03-06T20:38:30.027Z,3.5,mb,10.0,34.914,126.568,"20 km NE of Mokpo, South Korea",USGS
3595,2010-10-20T23:49:31.673Z,3.0,mb,20.2,37.473,125.248,"95 km WNW of Incheon, South Korea",USGS
3596,2010-12-11T03:11:38.417Z,2.7,mb,7.7,35.357,129.385,"19 km NE of Busan, South Korea",USGS
3597,2011-06-03T11:43:13.052Z,3.4,mb,10.3,37.371,125.636,"59 km W of Incheon, South Korea",USGS
3598,2011-11-20T01:06:12.825Z,3.9,mb,10.0,35.772,129.272,"10 km SSE of Gyeongju, South Korea",USGS
3599,2012-03-18T11:03:28.525Z,3.3,mb,10.0,35.44,129.342,"16 km SSE of Ulsan, South Korea",USGS
3600,2012-09-08T19:10:08.483Z,2.9,mb,4.3,33.781,128.271,"122 km SSE of Yeosu, South Korea",USGS
3601,2012-10-10T02:41:56.166Z,3.4,mb,6.8,35.861,127.591,"17 km SSW of Muju, South Korea",USGS
3602,2012-10-26T12:22:53.875Z,2.8,mb,13.1,37.466,128.699,"35 km SSW of Gangneung, South Korea",USGS
3603,2013-06-23T16:45:51.971Z,3.8,mb,10.7,36.159,130.157,"75 km ENE of Pohang, South Korea",USGS
3604,2014-03-31T19:48:34.009Z,5.0,mb,11.2,36.925,124.573,"155 km W of Taean, South Korea",USGS
3605,2014-08-15T19:03:12.239Z,3.3,mb,15.0,36.122,128.335,"20 km E of Gimcheon, South Korea",USGS
3606,2014-09-26T23:18:51.675Z,3.6,mb,10.0,35.9,129.399,"14 km SSE of Pohang, South Korea",USGS
3607,2014-11-26T01:34:03.228Z,2.7,mb,10.0,36.138,129.893,"51 km ENE of Pohang, South Korea",USGS
3608,2015-09-27T05:00:30.416Z,2.8,mb,10.0,36.164,130.118,"71 km ENE of Pohang, South Korea",USGS
3609,2016-07-05T11:33:04.302Z,5.0,mb,8.8,35.517,130.007,"69 km E of Ulsan, South Korea",USGS
3610,2016-09-12T10:44:32.967Z,5.1,mb,10.5,35.783,129.186,"9 km SSW of Gyeongju, South Korea",USGS
3611,2016-09-12T11:32:55.962Z,5.4,Mw,10.0,35.811,129.066,"15 km WSW of Gyeongju, South Korea",USGS
3612,2016-09-13T04:25:42.531Z,3.8,mb,15.5,35.767,129.252,"10 km SSE of Gyeongju, South Korea",USGS
3613,2016-09-14T15:00:31.567Z,3.2,mb,10.0,35.825,129.176,"6 km SW of Gyeongju, South Korea",USGS
3614,2016-09-16T00:15:46.011Z,3.2,mb,10.0,35.762,129.122,"14 km SW of Gyeongju, South Korea",USGS
3615,2016-09-16T19:23:06.477Z,3.2,mb,10.0,35.901,129.183,"6 km NW of Gyeongju, South Korea",USGS
3616,2016-09-19T11:33:57.946Z,4.1,mb,10.0,35.722,129.121,"18 km SSW of Gyeongju, South Korea",USGS
3617,2016-09-21T03:13:30.927Z,3.2,mb,19.2,35.775,129.216,"9 km S of Gyeongju, South Korea",USGS
3618,2016-09-26T23:30:01.883Z,3.3,mb,10.0,35.771,129.159,"11 km SSW of Gyeongju, South Korea",USGS
3619,2016-10-10T16:34:11.581Z,3.1,mb,37.4,36.075,128.894,"38 km NW of Gyeongju, South Korea",USGS
3620,2016-10-25T08:11:34.169Z,3.1,mb,8.7,35.759,129.128,"14 km SW of Gyeongju, South Korea",USGS
3621,2017-04-29T22:15:50.176Z,3.3,mb,10.0,37.458,127.213,"44 km NE of Hwaseong, South Korea",USGS
3622,2017-08-22T12:36:19.479Z,3.3,mb,10.0,34.904,125.316,"99 km W of Mokpo, South Korea",USGS
3623,2017-11-15T05:29:30.437Z,5.5,Mw,10.0,36.024,129.379,"3 km E of Pohang, South Korea",USGS
3624,2017-11-15T14:24:18.691Z,3.7,mb,10.0,36.057,129.354,"4 km NNE of Pohang, South Korea",USGS
3625,2017-12-20T04:17:37.113Z,3.3,mb,10.0,36.559,128.7,"3 km WSW of Andong, South Korea",USGS
3626,2018-02-10T20:03:02.343Z,4.5,mb,10.0,36.133,129.28,"14 km NNW of Pohang, South Korea",USGS
3627,2018-07-20T19:35:32.249Z,3.4,mb,10.0,36.1,129.349,"9 km N of Pohang, South Korea",USGS
3628,2019-07-20T13:51:41.945Z,3.3,mb,10.0,35.507,129.416,"17 km ESE of Ulsan, South Korea",USGS
3629,2019-10-29T04:26:50.655Z,2.9,mb,17.0,36.463,128.022,"14 km WNW of Sangju, South Korea",USGS
3630,2020-08-01T12:01:08.857Z,3.0,mb,16.1,37.329,128.394,"42 km E of Wonju, South Korea",USGS
3631,2021-06-23T17:43:48.888Z,3.9,mb,10.0,35.943,128.332,"21 km NNW of Daegu, South Korea",USGS
3632,2021-12-14T08:19:13.080Z,4.6,mb,19.1,33.141,126.207,"35 km WSW of Seogwipo, South Korea",USGS
3633,2021-12-20T04:05:22.752Z,3.8,mb,10.0,35.746,129.304,"14 km SSE of Gyeongju, South Korea",USGS
3634,2022-04-15T14:49:21.360Z,3.3,mb,3.5,36.655,129.094,"34 km ENE of Andong, South Korea",USGS
3635,2023-04-08T18:31:53.971Z,3.1,mb,10.0,36.694,129.713,"43 km SE of Uljin, South Korea",USGS
3636,2023-04-27T10:14:52.934Z,3.0,mb,10.0,36.371,129.15,"20 km WSW of Yeongdeok, South Korea",USGS
3637,2023-12-17T15:15:11.513Z,3.5,mb,28.5,33.207,126.455,"11 km WSW of Seogwipo, South Korea",USGS
3638,2024-06-11T23:26:49.598Z,4.7,mb,10.4,35.708,126.713,"3 km SW of Buan, South Korea",USGS
3639,2024-09-18T09:06:44.957Z,3.7,mb,10.0,36.758,129.299,"28 km SSW of Uljin, South Korea",USGS
3640,2024-10-08T09:43:36.811Z,3.2,mb,7.3,35.962,129.196,"12 km NNW of Gyeongju, South Korea",USGS
3641,2025-04-04T21:48:18.879Z,3.3,mb,10.0,34.749,125.655,"68 km W of Mokpo, South Korea",USGS
